C:\Users\pindus\Desktop\SITLess_Data\EXP1\COG\POST\FC\SL003\SL003_FCS6AA.edat3,,,,,,,,,,,,,,,,,,,,,,,,,,,,,,,,,,,,,,,,,,,,,,,,,,,,,,,,,,,
ExperimentName,Subject,Session,BlockID,Clock.Information,CogSeq,DataFile.Basename,Day,ExperimentVersion,Group,Participant.RefreshRate,RandomSeed,RuntimeCapabilities,RuntimeVersion,RuntimeVersionExpected,SessionDate,SessionStartDateTimeUtc,SessionTime,StudioVersion,ThankYou.DEVICE,Timing,Welcome.DEVICE,Welcome.DurationError,Welcome.OnsetDelay,Welcome.OnsetTime,Welcome.OnsetToOnsetTime,Block,BlockList,BlockList.Cycle,BlockList.Sample,Procedure[Block],Running[Block],Trial,Condition,CongAcc,CongRT,CorrectAnswer,InconAcc,InconRT,ITI,Omissions,OverallACC,OverallRT,Procedure[Trial],Running[Trial],Stimulus,Stimulus.ACC,Stimulus.CRESP,Stimulus.DEVICE,Stimulus.DurationError,Stimulus.OnsetDelay,Stimulus.OnsetTime,Stimulus.OnsetToOnsetTime,Stimulus.RESP,Stimulus.RT,Stimulus.RTTime,TrialList,TrialList.Cycle,TrialList.Sample,TrialType
FC,3,1,A,"<?xml version=""1.0""?>\n<Clock xmlns:dt=""urn:schemas-microsoft-com:datatypes""><Description dt:dt=""string"">E-Prime Primary Realtime Clock</Description><StartTime><Timestamp dt:dt=""int"">0</Timestamp><DateUtc dt:dt=""string"">2021-08-22T17:54:23Z</DateUtc></StartTime><FrequencyChanges><FrequencyChange><Frequency dt:dt=""r8"">10000000</Frequency><Timestamp dt:dt=""r8"">13751062443343</Timestamp><Current dt:dt=""r8"">0</Current><DateUtc dt:dt=""string"">2021-08-22T17:54:23Z</DateUtc></FrequencyChange></FrequencyChanges></Clock>\n",S,SL003_FCS6AA,6,1.0.0.262,1,143.998,-1420154225,Full,3.0.3.80,3.0.3.80,8/22/21,8/22/21 17:54,12:54:23,3.0.3.82,Keyboard,A,Keyboard,-999999,15,27870,0,1,1,1,1,BlockProc,BlockList,1,213,,,4,1,519,1698,,1,519,TrialProc,TrialList,flankerIR.jpg,1,4,Keyboard,2,43,63257,160,4,519,63776,9,1,1,Incon
FC,3,1,A,"<?xml version=""1.0""?>\n<Clock xmlns:dt=""urn:schemas-microsoft-com:datatypes""><Description dt:dt=""string"">E-Prime Primary Realtime Clock</Description><StartTime><Timestamp dt:dt=""int"">0</Timestamp><DateUtc dt:dt=""string"">2021-08-22T17:54:23Z</DateUtc></StartTime><FrequencyChanges><FrequencyChange><Frequency dt:dt=""r8"">10000000</Frequency><Timestamp dt:dt=""r8"">13751062443343</Timestamp><Current dt:dt=""r8"">0</Current><DateUtc dt:dt=""string"">2021-08-22T17:54:23Z</DateUtc></FrequencyChange></FrequencyChanges></Clock>\n",S,SL003_FCS6AA,6,1.0.0.262,1,143.998,-1420154225,Full,3.0.3.80,3.0.3.80,8/22/21,8/22/21 17:54,12:54:23,3.0.3.82,Keyboard,A,Keyboard,-999999,15,27870,0,1,1,1,1,BlockProc,BlockList,2,121,1,422,1,,,1302,,1,470.5,TrialProc,TrialList,flankerCL.jpg,1,1,Keyboard,2,17,65132,160,1,422,65554,4,1,2,Cong
FC,3,1,A,"<?xml version=""1.0""?>\n<Clock xmlns:dt=""urn:schemas-microsoft-com:datatypes""><Description dt:dt=""string"">E-Prime Primary Realtime Clock</Description><StartTime><Timestamp dt:dt=""int"">0</Timestamp><DateUtc dt:dt=""string"">2021-08-22T17:54:23Z</DateUtc></StartTime><FrequencyChanges><FrequencyChange><Frequency dt:dt=""r8"">10000000</Frequency><Timestamp dt:dt=""r8"">13751062443343</Timestamp><Current dt:dt=""r8"">0</Current><DateUtc dt:dt=""string"">2021-08-22T17:54:23Z</DateUtc></FrequencyChange></FrequencyChanges></Clock>\n",S,SL003_FCS6AA,6,1.0.0.262,1,143.998,-1420154225,Full,3.0.3.80,3.0.3.80,8/22/21,8/22/21 17:54,12:54:23,3.0.3.82,Keyboard,A,Keyboard,-999999,15,27870,0,1,1,1,1,BlockProc,BlockList,3,113,1,409,4,,,1698,,1,445.6666667,TrialProc,TrialList,flankerCR.jpg,1,4,Keyboard,3,17,66611,160,4,396,67007,3,1,3,Cong
FC,3,1,A,"<?xml version=""1.0""?>\n<Clock xmlns:dt=""urn:schemas-microsoft-com:datatypes""><Description dt:dt=""string"">E-Prime Primary Realtime Clock</Description><StartTime><Timestamp dt:dt=""int"">0</Timestamp><DateUtc dt:dt=""string"">2021-08-22T17:54:23Z</DateUtc></StartTime><FrequencyChanges><FrequencyChange><Frequency dt:dt=""r8"">10000000</Frequency><Timestamp dt:dt=""r8"">13751062443343</Timestamp><Current dt:dt=""r8"">0</Current><DateUtc dt:dt=""string"">2021-08-22T17:54:23Z</DateUtc></FrequencyChange></FrequencyChanges></Clock>\n",S,SL003_FCS6AA,6,1.0.0.262,1,143.998,-1420154225,Full,3.0.3.80,3.0.3.80,8/22/21,8/22/21 17:54,12:54:23,3.0.3.82,Keyboard,A,Keyboard,-999999,15,27870,0,1,1,1,1,BlockProc,BlockList,4,121,1,358.6666667,1,,,1302,,1,398.75,TrialProc,TrialList,flankerCL.jpg,1,1,Keyboard,3,17,68486,160,1,258,68744,4,1,4,Cong
FC,3,1,A,"<?xml version=""1.0""?>\n<Clock xmlns:dt=""urn:schemas-microsoft-com:datatypes""><Description dt:dt=""string"">E-Prime Primary Realtime Clock</Description><StartTime><Timestamp dt:dt=""int"">0</Timestamp><DateUtc dt:dt=""string"">2021-08-22T17:54:23Z</DateUtc></StartTime><FrequencyChanges><FrequencyChange><Frequency dt:dt=""r8"">10000000</Frequency><Timestamp dt:dt=""r8"">13751062443343</Timestamp><Current dt:dt=""r8"">0</Current><DateUtc dt:dt=""string"">2021-08-22T17:54:23Z</DateUtc></FrequencyChange></FrequencyChanges></Clock>\n",S,SL003_FCS6AA,6,1.0.0.262,1,143.998,-1420154225,Full,3.0.3.80,3.0.3.80,8/22/21,8/22/21 17:54,12:54:23,3.0.3.82,Keyboard,A,Keyboard,-999999,15,27870,0,1,1,1,1,BlockProc,BlockList,5,112,1,339.75,4,,,1500,,1,375.6,TrialProc,TrialList,flankerCR.jpg,1,4,Keyboard,3,17,69965,160,4,283,70248,2,1,5,Cong
FC,3,1,A,"<?xml version=""1.0""?>\n<Clock xmlns:dt=""urn:schemas-microsoft-com:datatypes""><Description dt:dt=""string"">E-Prime Primary Realtime Clock</Description><StartTime><Timestamp dt:dt=""int"">0</Timestamp><DateUtc dt:dt=""string"">2021-08-22T17:54:23Z</DateUtc></StartTime><FrequencyChanges><FrequencyChange><Frequency dt:dt=""r8"">10000000</Frequency><Timestamp dt:dt=""r8"">13751062443343</Timestamp><Current dt:dt=""r8"">0</Current><DateUtc dt:dt=""string"">2021-08-22T17:54:23Z</DateUtc></FrequencyChange></FrequencyChanges></Clock>\n",S,SL003_FCS6AA,6,1.0.0.262,1,143.998,-1420154225,Full,3.0.3.80,3.0.3.80,8/22/21,8/22/21 17:54,12:54:23,3.0.3.82,Keyboard,A,Keyboard,-999999,15,27870,0,1,1,1,1,BlockProc,BlockList,6,222,,,1,1,457.5,1500,,1,379,TrialProc,TrialList,flankerIL.jpg,1,1,Keyboard,2,14,71639,167,1,396,72035,11,1,6,Incon
FC,3,1,A,"<?xml version=""1.0""?>\n<Clock xmlns:dt=""urn:schemas-microsoft-com:datatypes""><Description dt:dt=""string"">E-Prime Primary Realtime Clock</Description><StartTime><Timestamp dt:dt=""int"">0</Timestamp><DateUtc dt:dt=""string"">2021-08-22T17:54:23Z</DateUtc></StartTime><FrequencyChanges><FrequencyChange><Frequency dt:dt=""r8"">10000000</Frequency><Timestamp dt:dt=""r8"">13751062443343</Timestamp><Current dt:dt=""r8"">0</Current><DateUtc dt:dt=""string"">2021-08-22T17:54:23Z</DateUtc></FrequencyChange></FrequencyChanges></Clock>\n",S,SL003_FCS6AA,6,1.0.0.262,1,143.998,-1420154225,Full,3.0.3.80,3.0.3.80,8/22/21,8/22/21 17:54,12:54:23,3.0.3.82,Keyboard,A,Keyboard,-999999,15,27870,0,1,1,1,1,BlockProc,BlockList,7,223,,,1,1,444,1698,,1,384.4285714,TrialProc,TrialList,flankerIL.jpg,1,1,Keyboard,3,13,73319,160,1,417,73736,12,1,7,Incon
FC,3,1,A,"<?xml version=""1.0""?>\n<Clock xmlns:dt=""urn:schemas-microsoft-com:datatypes""><Description dt:dt=""string"">E-Prime Primary Realtime Clock</Description><StartTime><Timestamp dt:dt=""int"">0</Timestamp><DateUtc dt:dt=""string"">2021-08-22T17:54:23Z</DateUtc></StartTime><FrequencyChanges><FrequencyChange><Frequency dt:dt=""r8"">10000000</Frequency><Timestamp dt:dt=""r8"">13751062443343</Timestamp><Current dt:dt=""r8"">0</Current><DateUtc dt:dt=""string"">2021-08-22T17:54:23Z</DateUtc></FrequencyChange></FrequencyChanges></Clock>\n",S,SL003_FCS6AA,6,1.0.0.262,1,143.998,-1420154225,Full,3.0.3.80,3.0.3.80,8/22/21,8/22/21 17:54,12:54:23,3.0.3.82,Keyboard,A,Keyboard,-999999,15,27870,0,1,1,1,1,BlockProc,BlockList,8,113,1,339.2,4,,,1698,,1,378.5,TrialProc,TrialList,flankerCR.jpg,1,4,Keyboard,3,10,75187,160,4,337,75524,3,1,8,Cong
FC,3,1,A,"<?xml version=""1.0""?>\n<Clock xmlns:dt=""urn:schemas-microsoft-com:datatypes""><Description dt:dt=""string"">E-Prime Primary Realtime Clock</Description><StartTime><Timestamp dt:dt=""int"">0</Timestamp><DateUtc dt:dt=""string"">2021-08-22T17:54:23Z</DateUtc></StartTime><FrequencyChanges><FrequencyChange><Frequency dt:dt=""r8"">10000000</Frequency><Timestamp dt:dt=""r8"">13751062443343</Timestamp><Current dt:dt=""r8"">0</Current><DateUtc dt:dt=""string"">2021-08-22T17:54:23Z</DateUtc></FrequencyChange></FrequencyChanges></Clock>\n",S,SL003_FCS6AA,6,1.0.0.262,1,143.998,-1420154225,Full,3.0.3.80,3.0.3.80,8/22/21,8/22/21 17:54,12:54:23,3.0.3.82,Keyboard,A,Keyboard,-999999,15,27870,0,1,1,1,1,BlockProc,BlockList,9,123,1,339,1,,,1698,,1,374,TrialProc,TrialList,flankerCL.jpg,1,1,Keyboard,3,17,77062,160,1,338,77400,6,1,9,Cong
FC,3,1,A,"<?xml version=""1.0""?>\n<Clock xmlns:dt=""urn:schemas-microsoft-com:datatypes""><Description dt:dt=""string"">E-Prime Primary Realtime Clock</Description><StartTime><Timestamp dt:dt=""int"">0</Timestamp><DateUtc dt:dt=""string"">2021-08-22T17:54:23Z</DateUtc></StartTime><FrequencyChanges><FrequencyChange><Frequency dt:dt=""r8"">10000000</Frequency><Timestamp dt:dt=""r8"">13751062443343</Timestamp><Current dt:dt=""r8"">0</Current><DateUtc dt:dt=""string"">2021-08-22T17:54:23Z</DateUtc></FrequencyChange></FrequencyChanges></Clock>\n",S,SL003_FCS6AA,6,1.0.0.262,1,143.998,-1420154225,Full,3.0.3.80,3.0.3.80,8/22/21,8/22/21 17:54,12:54:23,3.0.3.82,Keyboard,A,Keyboard,-999999,15,27870,0,1,1,1,1,BlockProc,BlockList,10,123,1,341,1,,,1698,,1,371.9,TrialProc,TrialList,flankerCL.jpg,1,1,Keyboard,2,17,78937,160,1,353,79290,6,1,10,Cong
FC,3,1,A,"<?xml version=""1.0""?>\n<Clock xmlns:dt=""urn:schemas-microsoft-com:datatypes""><Description dt:dt=""string"">E-Prime Primary Realtime Clock</Description><StartTime><Timestamp dt:dt=""int"">0</Timestamp><DateUtc dt:dt=""string"">2021-08-22T17:54:23Z</DateUtc></StartTime><FrequencyChanges><FrequencyChange><Frequency dt:dt=""r8"">10000000</Frequency><Timestamp dt:dt=""r8"">13751062443343</Timestamp><Current dt:dt=""r8"">0</Current><DateUtc dt:dt=""string"">2021-08-22T17:54:23Z</DateUtc></FrequencyChange></FrequencyChanges></Clock>\n",S,SL003_FCS6AA,6,1.0.0.262,1,143.998,-1420154225,Full,3.0.3.80,3.0.3.80,8/22/21,8/22/21 17:54,12:54:23,3.0.3.82,Keyboard,A,Keyboard,-999999,15,27870,0,1,1,1,1,BlockProc,BlockList,11,113,1,336.75,4,,,1698,,1,366,TrialProc,TrialList,flankerCR.jpg,1,4,Keyboard,2,17,80812,160,4,307,81119,3,1,11,Cong
FC,3,1,A,"<?xml version=""1.0""?>\n<Clock xmlns:dt=""urn:schemas-microsoft-com:datatypes""><Description dt:dt=""string"">E-Prime Primary Realtime Clock</Description><StartTime><Timestamp dt:dt=""int"">0</Timestamp><DateUtc dt:dt=""string"">2021-08-22T17:54:23Z</DateUtc></StartTime><FrequencyChanges><FrequencyChange><Frequency dt:dt=""r8"">10000000</Frequency><Timestamp dt:dt=""r8"">13751062443343</Timestamp><Current dt:dt=""r8"">0</Current><DateUtc dt:dt=""string"">2021-08-22T17:54:23Z</DateUtc></FrequencyChange></FrequencyChanges></Clock>\n",S,SL003_FCS6AA,6,1.0.0.262,1,143.998,-1420154225,Full,3.0.3.80,3.0.3.80,8/22/21,8/22/21 17:54,12:54:23,3.0.3.82,Keyboard,A,Keyboard,-999999,15,27870,0,1,1,1,1,BlockProc,BlockList,12,112,1,336.2222222,4,,,1500,,1,363.1666667,TrialProc,TrialList,flankerCR.jpg,1,4,Keyboard,2,17,82687,160,4,332,83019,2,1,12,Cong
FC,3,1,A,"<?xml version=""1.0""?>\n<Clock xmlns:dt=""urn:schemas-microsoft-com:datatypes""><Description dt:dt=""string"">E-Prime Primary Realtime Clock</Description><StartTime><Timestamp dt:dt=""int"">0</Timestamp><DateUtc dt:dt=""string"">2021-08-22T17:54:23Z</DateUtc></StartTime><FrequencyChanges><FrequencyChange><Frequency dt:dt=""r8"">10000000</Frequency><Timestamp dt:dt=""r8"">13751062443343</Timestamp><Current dt:dt=""r8"">0</Current><DateUtc dt:dt=""string"">2021-08-22T17:54:23Z</DateUtc></FrequencyChange></FrequencyChanges></Clock>\n",S,SL003_FCS6AA,6,1.0.0.262,1,143.998,-1420154225,Full,3.0.3.80,3.0.3.80,8/22/21,8/22/21 17:54,12:54:23,3.0.3.82,Keyboard,A,Keyboard,-999999,15,27870,0,1,1,1,1,BlockProc,BlockList,13,111,1,336.5,4,,,1302,,1,361.3076923,TrialProc,TrialList,flankerCR.jpg,1,4,Keyboard,2,14,84361,159,4,339,84700,1,1,13,Cong
FC,3,1,A,"<?xml version=""1.0""?>\n<Clock xmlns:dt=""urn:schemas-microsoft-com:datatypes""><Description dt:dt=""string"">E-Prime Primary Realtime Clock</Description><StartTime><Timestamp dt:dt=""int"">0</Timestamp><DateUtc dt:dt=""string"">2021-08-22T17:54:23Z</DateUtc></StartTime><FrequencyChanges><FrequencyChange><Frequency dt:dt=""r8"">10000000</Frequency><Timestamp dt:dt=""r8"">13751062443343</Timestamp><Current dt:dt=""r8"">0</Current><DateUtc dt:dt=""string"">2021-08-22T17:54:23Z</DateUtc></FrequencyChange></FrequencyChanges></Clock>\n",S,SL003_FCS6AA,6,1.0.0.262,1,143.998,-1420154225,Full,3.0.3.80,3.0.3.80,8/22/21,8/22/21 17:54,12:54:23,3.0.3.82,Keyboard,A,Keyboard,-999999,15,27870,0,1,1,1,1,BlockProc,BlockList,14,213,,,4,1,455.5,1698,,1,370.5,TrialProc,TrialList,flankerIR.jpg,1,4,Keyboard,2,18,85840,160,4,490,86330,9,1,14,Incon
FC,3,1,A,"<?xml version=""1.0""?>\n<Clock xmlns:dt=""urn:schemas-microsoft-com:datatypes""><Description dt:dt=""string"">E-Prime Primary Realtime Clock</Description><StartTime><Timestamp dt:dt=""int"">0</Timestamp><DateUtc dt:dt=""string"">2021-08-22T17:54:23Z</DateUtc></StartTime><FrequencyChanges><FrequencyChange><Frequency dt:dt=""r8"">10000000</Frequency><Timestamp dt:dt=""r8"">13751062443343</Timestamp><Current dt:dt=""r8"">0</Current><DateUtc dt:dt=""string"">2021-08-22T17:54:23Z</DateUtc></FrequencyChange></FrequencyChanges></Clock>\n",S,SL003_FCS6AA,6,1.0.0.262,1,143.998,-1420154225,Full,3.0.3.80,3.0.3.80,8/22/21,8/22/21 17:54,12:54:23,3.0.3.82,Keyboard,A,Keyboard,-999999,15,27870,0,1,1,1,1,BlockProc,BlockList,15,111,1,336.5454545,4,,,1302,,1,368.2666667,TrialProc,TrialList,flankerCR.jpg,1,4,Keyboard,2,17,87715,160,4,337,88052,1,1,15,Cong
FC,3,1,A,"<?xml version=""1.0""?>\n<Clock xmlns:dt=""urn:schemas-microsoft-com:datatypes""><Description dt:dt=""string"">E-Prime Primary Realtime Clock</Description><StartTime><Timestamp dt:dt=""int"">0</Timestamp><DateUtc dt:dt=""string"">2021-08-22T17:54:23Z</DateUtc></StartTime><FrequencyChanges><FrequencyChange><Frequency dt:dt=""r8"">10000000</Frequency><Timestamp dt:dt=""r8"">13751062443343</Timestamp><Current dt:dt=""r8"">0</Current><DateUtc dt:dt=""string"">2021-08-22T17:54:23Z</DateUtc></FrequencyChange></FrequencyChanges></Clock>\n",S,SL003_FCS6AA,6,1.0.0.262,1,143.998,-1420154225,Full,3.0.3.80,3.0.3.80,8/22/21,8/22/21 17:54,12:54:23,3.0.3.82,Keyboard,A,Keyboard,-999999,15,27870,0,1,1,1,1,BlockProc,BlockList,16,111,1,339.4166667,4,,,1302,,1,368.4375,TrialProc,TrialList,flankerCR.jpg,1,4,Keyboard,2,10,89187,160,4,371,89558,1,1,16,Cong
FC,3,1,A,"<?xml version=""1.0""?>\n<Clock xmlns:dt=""urn:schemas-microsoft-com:datatypes""><Description dt:dt=""string"">E-Prime Primary Realtime Clock</Description><StartTime><Timestamp dt:dt=""int"">0</Timestamp><DateUtc dt:dt=""string"">2021-08-22T17:54:23Z</DateUtc></StartTime><FrequencyChanges><FrequencyChange><Frequency dt:dt=""r8"">10000000</Frequency><Timestamp dt:dt=""r8"">13751062443343</Timestamp><Current dt:dt=""r8"">0</Current><DateUtc dt:dt=""string"">2021-08-22T17:54:23Z</DateUtc></FrequencyChange></FrequencyChanges></Clock>\n",S,SL003_FCS6AA,6,1.0.0.262,1,143.998,-1420154225,Full,3.0.3.80,3.0.3.80,8/22/21,8/22/21 17:54,12:54:23,3.0.3.82,Keyboard,A,Keyboard,-999999,15,27870,0,1,1,1,1,BlockProc,BlockList,17,212,,,4,1,477.4,1500,,1,380,TrialProc,TrialList,flankerIR.jpg,1,4,Keyboard,2,10,90659,160,4,565,91224,8,1,17,Incon
FC,3,1,A,"<?xml version=""1.0""?>\n<Clock xmlns:dt=""urn:schemas-microsoft-com:datatypes""><Description dt:dt=""string"">E-Prime Primary Realtime Clock</Description><StartTime><Timestamp dt:dt=""int"">0</Timestamp><DateUtc dt:dt=""string"">2021-08-22T17:54:23Z</DateUtc></StartTime><FrequencyChanges><FrequencyChange><Frequency dt:dt=""r8"">10000000</Frequency><Timestamp dt:dt=""r8"">13751062443343</Timestamp><Current dt:dt=""r8"">0</Current><DateUtc dt:dt=""string"">2021-08-22T17:54:23Z</DateUtc></FrequencyChange></FrequencyChanges></Clock>\n",S,SL003_FCS6AA,6,1.0.0.262,1,143.998,-1420154225,Full,3.0.3.80,3.0.3.80,8/22/21,8/22/21 17:54,12:54:23,3.0.3.82,Keyboard,A,Keyboard,-999999,15,27870,0,1,1,1,1,BlockProc,BlockList,18,212,,,4,1,464,1500,,1,380.9444444,TrialProc,TrialList,flankerIR.jpg,1,4,Keyboard,2,7,92326,159,4,397,92723,8,1,18,Incon
FC,3,1,A,"<?xml version=""1.0""?>\n<Clock xmlns:dt=""urn:schemas-microsoft-com:datatypes""><Description dt:dt=""string"">E-Prime Primary Realtime Clock</Description><StartTime><Timestamp dt:dt=""int"">0</Timestamp><DateUtc dt:dt=""string"">2021-08-22T17:54:23Z</DateUtc></StartTime><FrequencyChanges><FrequencyChange><Frequency dt:dt=""r8"">10000000</Frequency><Timestamp dt:dt=""r8"">13751062443343</Timestamp><Current dt:dt=""r8"">0</Current><DateUtc dt:dt=""string"">2021-08-22T17:54:23Z</DateUtc></FrequencyChange></FrequencyChanges></Clock>\n",S,SL003_FCS6AA,6,1.0.0.262,1,143.998,-1420154225,Full,3.0.3.80,3.0.3.80,8/22/21,8/22/21 17:54,12:54:23,3.0.3.82,Keyboard,A,Keyboard,-999999,15,27870,0,1,1,1,1,BlockProc,BlockList,19,222,,,1,1,504.2857143,1500,,1,400.1578947,TrialProc,TrialList,flankerIL.jpg,1,1,Keyboard,3,7,93992,160,1,746,94738,11,1,19,Incon
FC,3,1,A,"<?xml version=""1.0""?>\n<Clock xmlns:dt=""urn:schemas-microsoft-com:datatypes""><Description dt:dt=""string"">E-Prime Primary Realtime Clock</Description><StartTime><Timestamp dt:dt=""int"">0</Timestamp><DateUtc dt:dt=""string"">2021-08-22T17:54:23Z</DateUtc></StartTime><FrequencyChanges><FrequencyChange><Frequency dt:dt=""r8"">10000000</Frequency><Timestamp dt:dt=""r8"">13751062443343</Timestamp><Current dt:dt=""r8"">0</Current><DateUtc dt:dt=""string"">2021-08-22T17:54:23Z</DateUtc></FrequencyChange></FrequencyChanges></Clock>\n",S,SL003_FCS6AA,6,1.0.0.262,1,143.998,-1420154225,Full,3.0.3.80,3.0.3.80,8/22/21,8/22/21 17:54,12:54:23,3.0.3.82,Keyboard,A,Keyboard,-999999,15,27870,0,1,1,1,1,BlockProc,BlockList,20,123,1,340.1538462,1,,,1698,,1,397.6,TrialProc,TrialList,flankerCL.jpg,1,1,Keyboard,2,7,95659,160,1,349,96008,6,1,20,Cong
FC,3,1,A,"<?xml version=""1.0""?>\n<Clock xmlns:dt=""urn:schemas-microsoft-com:datatypes""><Description dt:dt=""string"">E-Prime Primary Realtime Clock</Description><StartTime><Timestamp dt:dt=""int"">0</Timestamp><DateUtc dt:dt=""string"">2021-08-22T17:54:23Z</DateUtc></StartTime><FrequencyChanges><FrequencyChange><Frequency dt:dt=""r8"">10000000</Frequency><Timestamp dt:dt=""r8"">13751062443343</Timestamp><Current dt:dt=""r8"">0</Current><DateUtc dt:dt=""string"">2021-08-22T17:54:23Z</DateUtc></FrequencyChange></FrequencyChanges></Clock>\n",S,SL003_FCS6AA,6,1.0.0.262,1,143.998,-1420154225,Full,3.0.3.80,3.0.3.80,8/22/21,8/22/21 17:54,12:54:23,3.0.3.82,Keyboard,A,Keyboard,-999999,15,27870,0,1,1,1,1,BlockProc,BlockList,21,222,,,1,1,475.75,1500,,1,391.8095238,TrialProc,TrialList,flankerIL.jpg,1,1,Keyboard,2,10,97527,160,1,276,97803,11,1,21,Incon
FC,3,1,A,"<?xml version=""1.0""?>\n<Clock xmlns:dt=""urn:schemas-microsoft-com:datatypes""><Description dt:dt=""string"">E-Prime Primary Realtime Clock</Description><StartTime><Timestamp dt:dt=""int"">0</Timestamp><DateUtc dt:dt=""string"">2021-08-22T17:54:23Z</DateUtc></StartTime><FrequencyChanges><FrequencyChange><Frequency dt:dt=""r8"">10000000</Frequency><Timestamp dt:dt=""r8"">13751062443343</Timestamp><Current dt:dt=""r8"">0</Current><DateUtc dt:dt=""string"">2021-08-22T17:54:23Z</DateUtc></FrequencyChange></FrequencyChanges></Clock>\n",S,SL003_FCS6AA,6,1.0.0.262,1,143.998,-1420154225,Full,3.0.3.80,3.0.3.80,8/22/21,8/22/21 17:54,12:54:23,3.0.3.82,Keyboard,A,Keyboard,-999999,15,27870,0,1,1,1,1,BlockProc,BlockList,22,211,,,4,0.888888889,,1302,,0.954545455,,TrialProc,TrialList,flankerIR.jpg,0,4,Keyboard,2,7,99194,159,1,364,99558,7,1,22,Incon
FC,3,1,A,"<?xml version=""1.0""?>\n<Clock xmlns:dt=""urn:schemas-microsoft-com:datatypes""><Description dt:dt=""string"">E-Prime Primary Realtime Clock</Description><StartTime><Timestamp dt:dt=""int"">0</Timestamp><DateUtc dt:dt=""string"">2021-08-22T17:54:23Z</DateUtc></StartTime><FrequencyChanges><FrequencyChange><Frequency dt:dt=""r8"">10000000</Frequency><Timestamp dt:dt=""r8"">13751062443343</Timestamp><Current dt:dt=""r8"">0</Current><DateUtc dt:dt=""string"">2021-08-22T17:54:23Z</DateUtc></FrequencyChange></FrequencyChanges></Clock>\n",S,SL003_FCS6AA,6,1.0.0.262,1,143.998,-1420154225,Full,3.0.3.80,3.0.3.80,8/22/21,8/22/21 17:54,12:54:23,3.0.3.82,Keyboard,A,Keyboard,-999999,15,27870,0,1,1,1,1,BlockProc,BlockList,23,122,1,345.3571429,1,,,1500,,0.956521739,392.7727273,TrialProc,TrialList,flankerCL.jpg,1,1,Keyboard,2,11,100666,159,1,413,101079,5,1,23,Cong
FC,3,1,A,"<?xml version=""1.0""?>\n<Clock xmlns:dt=""urn:schemas-microsoft-com:datatypes""><Description dt:dt=""string"">E-Prime Primary Realtime Clock</Description><StartTime><Timestamp dt:dt=""int"">0</Timestamp><DateUtc dt:dt=""string"">2021-08-22T17:54:23Z</DateUtc></StartTime><FrequencyChanges><FrequencyChange><Frequency dt:dt=""r8"">10000000</Frequency><Timestamp dt:dt=""r8"">13751062443343</Timestamp><Current dt:dt=""r8"">0</Current><DateUtc dt:dt=""string"">2021-08-22T17:54:23Z</DateUtc></FrequencyChange></FrequencyChanges></Clock>\n",S,SL003_FCS6AA,6,1.0.0.262,1,143.998,-1420154225,Full,3.0.3.80,3.0.3.80,8/22/21,8/22/21 17:54,12:54:23,3.0.3.82,Keyboard,A,Keyboard,-999999,15,27870,0,1,1,1,1,BlockProc,BlockList,24,222,,,1,0.9,474.5555556,1500,,0.958333333,395.9130435,TrialProc,TrialList,flankerIL.jpg,1,1,Keyboard,3,7,102332,160,1,465,102797,11,1,24,Incon
FC,3,1,A,"<?xml version=""1.0""?>\n<Clock xmlns:dt=""urn:schemas-microsoft-com:datatypes""><Description dt:dt=""string"">E-Prime Primary Realtime Clock</Description><StartTime><Timestamp dt:dt=""int"">0</Timestamp><DateUtc dt:dt=""string"">2021-08-22T17:54:23Z</DateUtc></StartTime><FrequencyChanges><FrequencyChange><Frequency dt:dt=""r8"">10000000</Frequency><Timestamp dt:dt=""r8"">13751062443343</Timestamp><Current dt:dt=""r8"">0</Current><DateUtc dt:dt=""string"">2021-08-22T17:54:23Z</DateUtc></FrequencyChange></FrequencyChanges></Clock>\n",S,SL003_FCS6AA,6,1.0.0.262,1,143.998,-1420154225,Full,3.0.3.80,3.0.3.80,8/22/21,8/22/21 17:54,12:54:23,3.0.3.82,Keyboard,A,Keyboard,-999999,15,27870,0,1,1,1,1,BlockProc,BlockList,25,211,,,4,0.909090909,475.6,1302,,0.96,399.625,TrialProc,TrialList,flankerIR.jpg,1,4,Keyboard,2,7,103999,160,4,485,104484,7,1,25,Incon
FC,3,1,A,"<?xml version=""1.0""?>\n<Clock xmlns:dt=""urn:schemas-microsoft-com:datatypes""><Description dt:dt=""string"">E-Prime Primary Realtime Clock</Description><StartTime><Timestamp dt:dt=""int"">0</Timestamp><DateUtc dt:dt=""string"">2021-08-22T17:54:23Z</DateUtc></StartTime><FrequencyChanges><FrequencyChange><Frequency dt:dt=""r8"">10000000</Frequency><Timestamp dt:dt=""r8"">13751062443343</Timestamp><Current dt:dt=""r8"">0</Current><DateUtc dt:dt=""string"">2021-08-22T17:54:23Z</DateUtc></FrequencyChange></FrequencyChanges></Clock>\n",S,SL003_FCS6AA,6,1.0.0.262,1,143.998,-1420154225,Full,3.0.3.80,3.0.3.80,8/22/21,8/22/21 17:54,12:54:23,3.0.3.82,Keyboard,A,Keyboard,-999999,15,27870,0,1,1,1,1,BlockProc,BlockList,26,221,,,1,0.916666667,478.0909091,1302,,0.961538462,403.76,TrialProc,TrialList,flankerIL.jpg,1,1,Keyboard,2,10,105471,160,1,503,105974,10,1,26,Incon
FC,3,1,A,"<?xml version=""1.0""?>\n<Clock xmlns:dt=""urn:schemas-microsoft-com:datatypes""><Description dt:dt=""string"">E-Prime Primary Realtime Clock</Description><StartTime><Timestamp dt:dt=""int"">0</Timestamp><DateUtc dt:dt=""string"">2021-08-22T17:54:23Z</DateUtc></StartTime><FrequencyChanges><FrequencyChange><Frequency dt:dt=""r8"">10000000</Frequency><Timestamp dt:dt=""r8"">13751062443343</Timestamp><Current dt:dt=""r8"">0</Current><DateUtc dt:dt=""string"">2021-08-22T17:54:23Z</DateUtc></FrequencyChange></FrequencyChanges></Clock>\n",S,SL003_FCS6AA,6,1.0.0.262,1,143.998,-1420154225,Full,3.0.3.80,3.0.3.80,8/22/21,8/22/21 17:54,12:54:23,3.0.3.82,Keyboard,A,Keyboard,-999999,15,27870,0,1,1,1,1,BlockProc,BlockList,27,112,1,350.0666667,4,,,1500,,0.962962963,404.2307692,TrialProc,TrialList,flankerCR.jpg,1,4,Keyboard,3,10,106943,160,4,416,107359,2,1,27,Cong
FC,3,1,A,"<?xml version=""1.0""?>\n<Clock xmlns:dt=""urn:schemas-microsoft-com:datatypes""><Description dt:dt=""string"">E-Prime Primary Realtime Clock</Description><StartTime><Timestamp dt:dt=""int"">0</Timestamp><DateUtc dt:dt=""string"">2021-08-22T17:54:23Z</DateUtc></StartTime><FrequencyChanges><FrequencyChange><Frequency dt:dt=""r8"">10000000</Frequency><Timestamp dt:dt=""r8"">13751062443343</Timestamp><Current dt:dt=""r8"">0</Current><DateUtc dt:dt=""string"">2021-08-22T17:54:23Z</DateUtc></FrequencyChange></FrequencyChanges></Clock>\n",S,SL003_FCS6AA,6,1.0.0.262,1,143.998,-1420154225,Full,3.0.3.80,3.0.3.80,8/22/21,8/22/21 17:54,12:54:23,3.0.3.82,Keyboard,A,Keyboard,-999999,15,27870,0,1,1,1,1,BlockProc,BlockList,28,213,,,4,0.923076923,478.25,1698,,0.964285714,407.037037,TrialProc,TrialList,flankerIR.jpg,1,4,Keyboard,2,7,108610,160,4,480,109090,9,1,28,Incon
FC,3,1,A,"<?xml version=""1.0""?>\n<Clock xmlns:dt=""urn:schemas-microsoft-com:datatypes""><Description dt:dt=""string"">E-Prime Primary Realtime Clock</Description><StartTime><Timestamp dt:dt=""int"">0</Timestamp><DateUtc dt:dt=""string"">2021-08-22T17:54:23Z</DateUtc></StartTime><FrequencyChanges><FrequencyChange><Frequency dt:dt=""r8"">10000000</Frequency><Timestamp dt:dt=""r8"">13751062443343</Timestamp><Current dt:dt=""r8"">0</Current><DateUtc dt:dt=""string"">2021-08-22T17:54:23Z</DateUtc></FrequencyChange></FrequencyChanges></Clock>\n",S,SL003_FCS6AA,6,1.0.0.262,1,143.998,-1420154225,Full,3.0.3.80,3.0.3.80,8/22/21,8/22/21 17:54,12:54:23,3.0.3.82,Keyboard,A,Keyboard,-999999,15,27870,0,1,1,1,1,BlockProc,BlockList,29,213,,,4,0.928571429,479.6923077,1698,,0.965517241,410.25,TrialProc,TrialList,flankerIR.jpg,1,4,Keyboard,2,10,110478,160,4,497,110975,9,1,29,Incon
FC,3,1,A,"<?xml version=""1.0""?>\n<Clock xmlns:dt=""urn:schemas-microsoft-com:datatypes""><Description dt:dt=""string"">E-Prime Primary Realtime Clock</Description><StartTime><Timestamp dt:dt=""int"">0</Timestamp><DateUtc dt:dt=""string"">2021-08-22T17:54:23Z</DateUtc></StartTime><FrequencyChanges><FrequencyChange><Frequency dt:dt=""r8"">10000000</Frequency><Timestamp dt:dt=""r8"">13751062443343</Timestamp><Current dt:dt=""r8"">0</Current><DateUtc dt:dt=""string"">2021-08-22T17:54:23Z</DateUtc></FrequencyChange></FrequencyChanges></Clock>\n",S,SL003_FCS6AA,6,1.0.0.262,1,143.998,-1420154225,Full,3.0.3.80,3.0.3.80,8/22/21,8/22/21 17:54,12:54:23,3.0.3.82,Keyboard,A,Keyboard,-999999,15,27870,0,1,1,1,1,BlockProc,BlockList,30,122,1,350.6875,1,,,1500,,0.966666667,408.5172414,TrialProc,TrialList,flankerCL.jpg,1,1,Keyboard,2,10,112346,160,1,360,112706,5,1,30,Cong
FC,3,1,A,"<?xml version=""1.0""?>\n<Clock xmlns:dt=""urn:schemas-microsoft-com:datatypes""><Description dt:dt=""string"">E-Prime Primary Realtime Clock</Description><StartTime><Timestamp dt:dt=""int"">0</Timestamp><DateUtc dt:dt=""string"">2021-08-22T17:54:23Z</DateUtc></StartTime><FrequencyChanges><FrequencyChange><Frequency dt:dt=""r8"">10000000</Frequency><Timestamp dt:dt=""r8"">13751062443343</Timestamp><Current dt:dt=""r8"">0</Current><DateUtc dt:dt=""string"">2021-08-22T17:54:23Z</DateUtc></FrequencyChange></FrequencyChanges></Clock>\n",S,SL003_FCS6AA,6,1.0.0.262,1,143.998,-1420154225,Full,3.0.3.80,3.0.3.80,8/22/21,8/22/21 17:54,12:54:23,3.0.3.82,Keyboard,A,Keyboard,-999999,15,27870,0,1,1,1,1,BlockProc,BlockList,31,223,,,1,0.933333333,478,1698,,0.967741935,410.1,TrialProc,TrialList,flankerIL.jpg,1,1,Keyboard,2,7,114013,159,1,456,114469,12,1,31,Incon
FC,3,1,A,"<?xml version=""1.0""?>\n<Clock xmlns:dt=""urn:schemas-microsoft-com:datatypes""><Description dt:dt=""string"">E-Prime Primary Realtime Clock</Description><StartTime><Timestamp dt:dt=""int"">0</Timestamp><DateUtc dt:dt=""string"">2021-08-22T17:54:23Z</DateUtc></StartTime><FrequencyChanges><FrequencyChange><Frequency dt:dt=""r8"">10000000</Frequency><Timestamp dt:dt=""r8"">13751062443343</Timestamp><Current dt:dt=""r8"">0</Current><DateUtc dt:dt=""string"">2021-08-22T17:54:23Z</DateUtc></FrequencyChange></FrequencyChanges></Clock>\n",S,SL003_FCS6AA,6,1.0.0.262,1,143.998,-1420154225,Full,3.0.3.80,3.0.3.80,8/22/21,8/22/21 17:54,12:54:23,3.0.3.82,Keyboard,A,Keyboard,-999999,15,27870,0,1,1,1,1,BlockProc,BlockList,32,112,1,353.5882353,4,,,1500,,0.96875,409.7741935,TrialProc,TrialList,flankerCR.jpg,1,4,Keyboard,2,11,115881,159,4,400,116281,2,1,32,Cong
FC,3,1,A,"<?xml version=""1.0""?>\n<Clock xmlns:dt=""urn:schemas-microsoft-com:datatypes""><Description dt:dt=""string"">E-Prime Primary Realtime Clock</Description><StartTime><Timestamp dt:dt=""int"">0</Timestamp><DateUtc dt:dt=""string"">2021-08-22T17:54:23Z</DateUtc></StartTime><FrequencyChanges><FrequencyChange><Frequency dt:dt=""r8"">10000000</Frequency><Timestamp dt:dt=""r8"">13751062443343</Timestamp><Current dt:dt=""r8"">0</Current><DateUtc dt:dt=""string"">2021-08-22T17:54:23Z</DateUtc></FrequencyChange></FrequencyChanges></Clock>\n",S,SL003_FCS6AA,6,1.0.0.262,1,143.998,-1420154225,Full,3.0.3.80,3.0.3.80,8/22/21,8/22/21 17:54,12:54:23,3.0.3.82,Keyboard,A,Keyboard,-999999,15,27870,0,1,1,1,1,BlockProc,BlockList,33,121,1,355.2777778,1,,,1302,,0.96969697,408.96875,TrialProc,TrialList,flankerCL.jpg,1,1,Keyboard,2,7,117547,160,1,384,117931,4,1,33,Cong
FC,3,1,A,"<?xml version=""1.0""?>\n<Clock xmlns:dt=""urn:schemas-microsoft-com:datatypes""><Description dt:dt=""string"">E-Prime Primary Realtime Clock</Description><StartTime><Timestamp dt:dt=""int"">0</Timestamp><DateUtc dt:dt=""string"">2021-08-22T17:54:23Z</DateUtc></StartTime><FrequencyChanges><FrequencyChange><Frequency dt:dt=""r8"">10000000</Frequency><Timestamp dt:dt=""r8"">13751062443343</Timestamp><Current dt:dt=""r8"">0</Current><DateUtc dt:dt=""string"">2021-08-22T17:54:23Z</DateUtc></FrequencyChange></FrequencyChanges></Clock>\n",S,SL003_FCS6AA,6,1.0.0.262,1,143.998,-1420154225,Full,3.0.3.80,3.0.3.80,8/22/21,8/22/21 17:54,12:54:23,3.0.3.82,Keyboard,A,Keyboard,-999999,15,27870,0,1,1,1,1,BlockProc,BlockList,34,211,,,4,0.9375,480.4666667,1302,,0.970588235,412.1818182,TrialProc,TrialList,flankerIR.jpg,1,4,Keyboard,3,10,119019,160,4,515,119534,7,1,34,Incon
FC,3,1,A,"<?xml version=""1.0""?>\n<Clock xmlns:dt=""urn:schemas-microsoft-com:datatypes""><Description dt:dt=""string"">E-Prime Primary Realtime Clock</Description><StartTime><Timestamp dt:dt=""int"">0</Timestamp><DateUtc dt:dt=""string"">2021-08-22T17:54:23Z</DateUtc></StartTime><FrequencyChanges><FrequencyChange><Frequency dt:dt=""r8"">10000000</Frequency><Timestamp dt:dt=""r8"">13751062443343</Timestamp><Current dt:dt=""r8"">0</Current><DateUtc dt:dt=""string"">2021-08-22T17:54:23Z</DateUtc></FrequencyChange></FrequencyChanges></Clock>\n",S,SL003_FCS6AA,6,1.0.0.262,1,143.998,-1420154225,Full,3.0.3.80,3.0.3.80,8/22/21,8/22/21 17:54,12:54:23,3.0.3.82,Keyboard,A,Keyboard,-999999,15,27870,0,1,1,1,1,BlockProc,BlockList,35,112,1,360.2631579,4,,,1500,,0.971428571,413.2941176,TrialProc,TrialList,flankerCR.jpg,1,4,Keyboard,3,10,120491,160,4,450,120941,2,1,35,Cong
FC,3,1,A,"<?xml version=""1.0""?>\n<Clock xmlns:dt=""urn:schemas-microsoft-com:datatypes""><Description dt:dt=""string"">E-Prime Primary Realtime Clock</Description><StartTime><Timestamp dt:dt=""int"">0</Timestamp><DateUtc dt:dt=""string"">2021-08-22T17:54:23Z</DateUtc></StartTime><FrequencyChanges><FrequencyChange><Frequency dt:dt=""r8"">10000000</Frequency><Timestamp dt:dt=""r8"">13751062443343</Timestamp><Current dt:dt=""r8"">0</Current><DateUtc dt:dt=""string"">2021-08-22T17:54:23Z</DateUtc></FrequencyChange></FrequencyChanges></Clock>\n",S,SL003_FCS6AA,6,1.0.0.262,1,143.998,-1420154225,Full,3.0.3.80,3.0.3.80,8/22/21,8/22/21 17:54,12:54:23,3.0.3.82,Keyboard,A,Keyboard,-999999,15,27870,0,1,1,1,1,BlockProc,BlockList,36,122,1,366.25,1,,,1500,,0.972222222,415.2,TrialProc,TrialList,flankerCL.jpg,1,1,Keyboard,2,7,122158,160,1,480,122638,5,1,36,Cong
FC,3,1,A,"<?xml version=""1.0""?>\n<Clock xmlns:dt=""urn:schemas-microsoft-com:datatypes""><Description dt:dt=""string"">E-Prime Primary Realtime Clock</Description><StartTime><Timestamp dt:dt=""int"">0</Timestamp><DateUtc dt:dt=""string"">2021-08-22T17:54:23Z</DateUtc></StartTime><FrequencyChanges><FrequencyChange><Frequency dt:dt=""r8"">10000000</Frequency><Timestamp dt:dt=""r8"">13751062443343</Timestamp><Current dt:dt=""r8"">0</Current><DateUtc dt:dt=""string"">2021-08-22T17:54:23Z</DateUtc></FrequencyChange></FrequencyChanges></Clock>\n",S,SL003_FCS6AA,6,1.0.0.262,1,143.998,-1420154225,Full,3.0.3.80,3.0.3.80,8/22/21,8/22/21 17:54,12:54:23,3.0.3.82,Keyboard,A,Keyboard,-999999,15,27870,0,1,1,1,1,BlockProc,BlockList,37,213,,,4,0.882352941,,1698,,0.945945946,,TrialProc,TrialList,flankerIR.jpg,0,4,Keyboard,2,7,123825,159,1,607,124432,9,1,37,Incon
FC,3,1,A,"<?xml version=""1.0""?>\n<Clock xmlns:dt=""urn:schemas-microsoft-com:datatypes""><Description dt:dt=""string"">E-Prime Primary Realtime Clock</Description><StartTime><Timestamp dt:dt=""int"">0</Timestamp><DateUtc dt:dt=""string"">2021-08-22T17:54:23Z</DateUtc></StartTime><FrequencyChanges><FrequencyChange><Frequency dt:dt=""r8"">10000000</Frequency><Timestamp dt:dt=""r8"">13751062443343</Timestamp><Current dt:dt=""r8"">0</Current><DateUtc dt:dt=""string"">2021-08-22T17:54:23Z</DateUtc></FrequencyChange></FrequencyChanges></Clock>\n",S,SL003_FCS6AA,6,1.0.0.262,1,143.998,-1420154225,Full,3.0.3.80,3.0.3.80,8/22/21,8/22/21 17:54,12:54:23,3.0.3.82,Keyboard,A,Keyboard,-999999,15,27870,0,1,1,1,1,BlockProc,BlockList,38,221,,,1,0.888888889,488.5,1302,,0.947368421,420.5833333,TrialProc,TrialList,flankerIL.jpg,1,1,Keyboard,2,11,125693,159,1,609,126302,10,1,38,Incon
FC,3,1,A,"<?xml version=""1.0""?>\n<Clock xmlns:dt=""urn:schemas-microsoft-com:datatypes""><Description dt:dt=""string"">E-Prime Primary Realtime Clock</Description><StartTime><Timestamp dt:dt=""int"">0</Timestamp><DateUtc dt:dt=""string"">2021-08-22T17:54:23Z</DateUtc></StartTime><FrequencyChanges><FrequencyChange><Frequency dt:dt=""r8"">10000000</Frequency><Timestamp dt:dt=""r8"">13751062443343</Timestamp><Current dt:dt=""r8"">0</Current><DateUtc dt:dt=""string"">2021-08-22T17:54:23Z</DateUtc></FrequencyChange></FrequencyChanges></Clock>\n",S,SL003_FCS6AA,6,1.0.0.262,1,143.998,-1420154225,Full,3.0.3.80,3.0.3.80,8/22/21,8/22/21 17:54,12:54:23,3.0.3.82,Keyboard,A,Keyboard,-999999,15,27870,0,1,1,1,1,BlockProc,BlockList,39,221,,,1,0.894736842,489.4705882,1302,,0.948717949,422.8648649,TrialProc,TrialList,flankerIL.jpg,1,1,Keyboard,2,11,127165,160,1,505,127670,10,1,39,Incon
FC,3,1,A,"<?xml version=""1.0""?>\n<Clock xmlns:dt=""urn:schemas-microsoft-com:datatypes""><Description dt:dt=""string"">E-Prime Primary Realtime Clock</Description><StartTime><Timestamp dt:dt=""int"">0</Timestamp><DateUtc dt:dt=""string"">2021-08-22T17:54:23Z</DateUtc></StartTime><FrequencyChanges><FrequencyChange><Frequency dt:dt=""r8"">10000000</Frequency><Timestamp dt:dt=""r8"">13751062443343</Timestamp><Current dt:dt=""r8"">0</Current><DateUtc dt:dt=""string"">2021-08-22T17:54:23Z</DateUtc></FrequencyChange></FrequencyChanges></Clock>\n",S,SL003_FCS6AA,6,1.0.0.262,1,143.998,-1420154225,Full,3.0.3.80,3.0.3.80,8/22/21,8/22/21 17:54,12:54:23,3.0.3.82,Keyboard,A,Keyboard,-999999,15,27870,0,1,1,1,1,BlockProc,BlockList,40,111,1,365.9047619,4,,,1302,,0.95,421.1842105,TrialProc,TrialList,flankerCR.jpg,1,4,Keyboard,2,10,128637,160,4,359,128996,1,1,40,Cong
FC,3,1,A,"<?xml version=""1.0""?>\n<Clock xmlns:dt=""urn:schemas-microsoft-com:datatypes""><Description dt:dt=""string"">E-Prime Primary Realtime Clock</Description><StartTime><Timestamp dt:dt=""int"">0</Timestamp><DateUtc dt:dt=""string"">2021-08-22T17:54:23Z</DateUtc></StartTime><FrequencyChanges><FrequencyChange><Frequency dt:dt=""r8"">10000000</Frequency><Timestamp dt:dt=""r8"">13751062443343</Timestamp><Current dt:dt=""r8"">0</Current><DateUtc dt:dt=""string"">2021-08-22T17:54:23Z</DateUtc></FrequencyChange></FrequencyChanges></Clock>\n",S,SL003_FCS6AA,6,1.0.0.262,1,143.998,-1420154225,Full,3.0.3.80,3.0.3.80,8/22/21,8/22/21 17:54,12:54:23,3.0.3.82,Keyboard,A,Keyboard,-999999,15,27870,0,1,1,1,1,BlockProc,BlockList,41,113,1,363.1363636,4,,,1698,,0.951219512,418.2051282,TrialProc,TrialList,flankerCR.jpg,1,4,Keyboard,2,10,130109,160,4,305,130414,3,1,41,Cong
FC,3,1,A,"<?xml version=""1.0""?>\n<Clock xmlns:dt=""urn:schemas-microsoft-com:datatypes""><Description dt:dt=""string"">E-Prime Primary Realtime Clock</Description><StartTime><Timestamp dt:dt=""int"">0</Timestamp><DateUtc dt:dt=""string"">2021-08-22T17:54:23Z</DateUtc></StartTime><FrequencyChanges><FrequencyChange><Frequency dt:dt=""r8"">10000000</Frequency><Timestamp dt:dt=""r8"">13751062443343</Timestamp><Current dt:dt=""r8"">0</Current><DateUtc dt:dt=""string"">2021-08-22T17:54:23Z</DateUtc></FrequencyChange></FrequencyChanges></Clock>\n",S,SL003_FCS6AA,6,1.0.0.262,1,143.998,-1420154225,Full,3.0.3.80,3.0.3.80,8/22/21,8/22/21 17:54,12:54:23,3.0.3.82,Keyboard,A,Keyboard,-999999,15,27870,0,1,1,1,1,BlockProc,BlockList,42,221,,,1,0.9,498.7777778,1302,,0.952380952,424.175,TrialProc,TrialList,flankerIL.jpg,1,1,Keyboard,2,10,131977,160,1,657,132634,10,1,42,Incon
FC,3,1,A,"<?xml version=""1.0""?>\n<Clock xmlns:dt=""urn:schemas-microsoft-com:datatypes""><Description dt:dt=""string"">E-Prime Primary Realtime Clock</Description><StartTime><Timestamp dt:dt=""int"">0</Timestamp><DateUtc dt:dt=""string"">2021-08-22T17:54:23Z</DateUtc></StartTime><FrequencyChanges><FrequencyChange><Frequency dt:dt=""r8"">10000000</Frequency><Timestamp dt:dt=""r8"">13751062443343</Timestamp><Current dt:dt=""r8"">0</Current><DateUtc dt:dt=""string"">2021-08-22T17:54:23Z</DateUtc></FrequencyChange></FrequencyChanges></Clock>\n",S,SL003_FCS6AA,6,1.0.0.262,1,143.998,-1420154225,Full,3.0.3.80,3.0.3.80,8/22/21,8/22/21 17:54,12:54:23,3.0.3.82,Keyboard,A,Keyboard,-999999,15,27870,0,1,1,1,1,BlockProc,BlockList,43,221,,,1,0.904761905,500.3684211,1302,,0.953488372,426.7317073,TrialProc,TrialList,flankerIL.jpg,1,1,Keyboard,3,10,133449,160,1,529,133978,10,1,43,Incon
FC,3,1,A,"<?xml version=""1.0""?>\n<Clock xmlns:dt=""urn:schemas-microsoft-com:datatypes""><Description dt:dt=""string"">E-Prime Primary Realtime Clock</Description><StartTime><Timestamp dt:dt=""int"">0</Timestamp><DateUtc dt:dt=""string"">2021-08-22T17:54:23Z</DateUtc></StartTime><FrequencyChanges><FrequencyChange><Frequency dt:dt=""r8"">10000000</Frequency><Timestamp dt:dt=""r8"">13751062443343</Timestamp><Current dt:dt=""r8"">0</Current><DateUtc dt:dt=""string"">2021-08-22T17:54:23Z</DateUtc></FrequencyChange></FrequencyChanges></Clock>\n",S,SL003_FCS6AA,6,1.0.0.262,1,143.998,-1420154225,Full,3.0.3.80,3.0.3.80,8/22/21,8/22/21 17:54,12:54:23,3.0.3.82,Keyboard,A,Keyboard,-999999,15,27870,0,1,1,1,1,BlockProc,BlockList,44,212,,,4,0.909090909,503.25,1500,,0.954545455,429.8571429,TrialProc,TrialList,flankerIR.jpg,1,4,Keyboard,3,10,134921,160,4,558,135479,8,1,44,Incon
FC,3,1,A,"<?xml version=""1.0""?>\n<Clock xmlns:dt=""urn:schemas-microsoft-com:datatypes""><Description dt:dt=""string"">E-Prime Primary Realtime Clock</Description><StartTime><Timestamp dt:dt=""int"">0</Timestamp><DateUtc dt:dt=""string"">2021-08-22T17:54:23Z</DateUtc></StartTime><FrequencyChanges><FrequencyChange><Frequency dt:dt=""r8"">10000000</Frequency><Timestamp dt:dt=""r8"">13751062443343</Timestamp><Current dt:dt=""r8"">0</Current><DateUtc dt:dt=""string"">2021-08-22T17:54:23Z</DateUtc></FrequencyChange></FrequencyChanges></Clock>\n",S,SL003_FCS6AA,6,1.0.0.262,1,143.998,-1420154225,Full,3.0.3.80,3.0.3.80,8/22/21,8/22/21 17:54,12:54:23,3.0.3.82,Keyboard,A,Keyboard,-999999,15,27870,0,1,1,1,1,BlockProc,BlockList,45,123,1,363.3913043,1,,,1698,,0.955555556,428.4418605,TrialProc,TrialList,flankerCL.jpg,1,1,Keyboard,2,7,136588,160,1,369,136957,6,1,45,Cong
FC,3,1,A,"<?xml version=""1.0""?>\n<Clock xmlns:dt=""urn:schemas-microsoft-com:datatypes""><Description dt:dt=""string"">E-Prime Primary Realtime Clock</Description><StartTime><Timestamp dt:dt=""int"">0</Timestamp><DateUtc dt:dt=""string"">2021-08-22T17:54:23Z</DateUtc></StartTime><FrequencyChanges><FrequencyChange><Frequency dt:dt=""r8"">10000000</Frequency><Timestamp dt:dt=""r8"">13751062443343</Timestamp><Current dt:dt=""r8"">0</Current><DateUtc dt:dt=""string"">2021-08-22T17:54:23Z</DateUtc></FrequencyChange></FrequencyChanges></Clock>\n",S,SL003_FCS6AA,6,1.0.0.262,1,143.998,-1420154225,Full,3.0.3.80,3.0.3.80,8/22/21,8/22/21 17:54,12:54:23,3.0.3.82,Keyboard,A,Keyboard,-999999,15,27870,0,1,1,1,1,BlockProc,BlockList,46,121,1,361.0416667,1,,,1302,,0.956521739,425.6818182,TrialProc,TrialList,flankerCL.jpg,1,1,Keyboard,2,10,138456,160,1,307,138763,4,1,46,Cong
FC,3,1,A,"<?xml version=""1.0""?>\n<Clock xmlns:dt=""urn:schemas-microsoft-com:datatypes""><Description dt:dt=""string"">E-Prime Primary Realtime Clock</Description><StartTime><Timestamp dt:dt=""int"">0</Timestamp><DateUtc dt:dt=""string"">2021-08-22T17:54:23Z</DateUtc></StartTime><FrequencyChanges><FrequencyChange><Frequency dt:dt=""r8"">10000000</Frequency><Timestamp dt:dt=""r8"">13751062443343</Timestamp><Current dt:dt=""r8"">0</Current><DateUtc dt:dt=""string"">2021-08-22T17:54:23Z</DateUtc></FrequencyChange></FrequencyChanges></Clock>\n",S,SL003_FCS6AA,6,1.0.0.262,1,143.998,-1420154225,Full,3.0.3.80,3.0.3.80,8/22/21,8/22/21 17:54,12:54:23,3.0.3.82,Keyboard,A,Keyboard,-999999,15,27870,0,1,1,1,1,BlockProc,BlockList,47,121,1,358.52,1,,,1302,,0.957446809,422.8444444,TrialProc,TrialList,flankerCL.jpg,1,1,Keyboard,3,10,139928,160,1,298,140226,4,1,47,Cong
FC,3,1,A,"<?xml version=""1.0""?>\n<Clock xmlns:dt=""urn:schemas-microsoft-com:datatypes""><Description dt:dt=""string"">E-Prime Primary Realtime Clock</Description><StartTime><Timestamp dt:dt=""int"">0</Timestamp><DateUtc dt:dt=""string"">2021-08-22T17:54:23Z</DateUtc></StartTime><FrequencyChanges><FrequencyChange><Frequency dt:dt=""r8"">10000000</Frequency><Timestamp dt:dt=""r8"">13751062443343</Timestamp><Current dt:dt=""r8"">0</Current><DateUtc dt:dt=""string"">2021-08-22T17:54:23Z</DateUtc></FrequencyChange></FrequencyChanges></Clock>\n",S,SL003_FCS6AA,6,1.0.0.262,1,143.998,-1420154225,Full,3.0.3.80,3.0.3.80,8/22/21,8/22/21 17:54,12:54:23,3.0.3.82,Keyboard,A,Keyboard,-999999,15,27870,0,1,1,1,1,BlockProc,BlockList,48,212,,,4,0.869565217,,1500,,0.9375,,TrialProc,TrialList,flankerIR.jpg,0,4,Keyboard,3,10,141400,160,1,256,141656,8,1,48,Incon
FC,3,1,A,"<?xml version=""1.0""?>\n<Clock xmlns:dt=""urn:schemas-microsoft-com:datatypes""><Description dt:dt=""string"">E-Prime Primary Realtime Clock</Description><StartTime><Timestamp dt:dt=""int"">0</Timestamp><DateUtc dt:dt=""string"">2021-08-22T17:54:23Z</DateUtc></StartTime><FrequencyChanges><FrequencyChange><Frequency dt:dt=""r8"">10000000</Frequency><Timestamp dt:dt=""r8"">13751062443343</Timestamp><Current dt:dt=""r8"">0</Current><DateUtc dt:dt=""string"">2021-08-22T17:54:23Z</DateUtc></FrequencyChange></FrequencyChanges></Clock>\n",S,SL003_FCS6AA,6,1.0.0.262,1,143.998,-1420154225,Full,3.0.3.80,3.0.3.80,8/22/21,8/22/21 17:54,12:54:23,3.0.3.82,Keyboard,A,Keyboard,-999999,15,27870,0,1,1,1,1,BlockProc,BlockList,49,212,,,4,0.875,501.2857143,1500,,0.93877551,423.6956522,TrialProc,TrialList,flankerIR.jpg,1,4,Keyboard,2,7,143067,160,4,462,143529,8,1,49,Incon
FC,3,1,A,"<?xml version=""1.0""?>\n<Clock xmlns:dt=""urn:schemas-microsoft-com:datatypes""><Description dt:dt=""string"">E-Prime Primary Realtime Clock</Description><StartTime><Timestamp dt:dt=""int"">0</Timestamp><DateUtc dt:dt=""string"">2021-08-22T17:54:23Z</DateUtc></StartTime><FrequencyChanges><FrequencyChange><Frequency dt:dt=""r8"">10000000</Frequency><Timestamp dt:dt=""r8"">13751062443343</Timestamp><Current dt:dt=""r8"">0</Current><DateUtc dt:dt=""string"">2021-08-22T17:54:23Z</DateUtc></FrequencyChange></FrequencyChanges></Clock>\n",S,SL003_FCS6AA,6,1.0.0.262,1,143.998,-1420154225,Full,3.0.3.80,3.0.3.80,8/22/21,8/22/21 17:54,12:54:23,3.0.3.82,Keyboard,A,Keyboard,-999999,15,27870,0,1,1,1,1,BlockProc,BlockList,50,111,1,357.1923077,4,,,1302,,0.94,421.5744681,TrialProc,TrialList,flankerCR.jpg,1,4,Keyboard,2,7,144734,159,4,324,145058,1,1,50,Cong
FC,3,1,A,"<?xml version=""1.0""?>\n<Clock xmlns:dt=""urn:schemas-microsoft-com:datatypes""><Description dt:dt=""string"">E-Prime Primary Realtime Clock</Description><StartTime><Timestamp dt:dt=""int"">0</Timestamp><DateUtc dt:dt=""string"">2021-08-22T17:54:23Z</DateUtc></StartTime><FrequencyChanges><FrequencyChange><Frequency dt:dt=""r8"">10000000</Frequency><Timestamp dt:dt=""r8"">13751062443343</Timestamp><Current dt:dt=""r8"">0</Current><DateUtc dt:dt=""string"">2021-08-22T17:54:23Z</DateUtc></FrequencyChange></FrequencyChanges></Clock>\n",S,SL003_FCS6AA,6,1.0.0.262,1,143.998,-1420154225,Full,3.0.3.80,3.0.3.80,8/22/21,8/22/21 17:54,12:54:23,3.0.3.82,Keyboard,A,Keyboard,-999999,15,27870,0,1,1,1,1,BlockProc,BlockList,51,112,1,354.3703704,4,,,1500,,0.941176471,418.6458333,TrialProc,TrialList,flankerCR.jpg,1,4,Keyboard,2,11,146206,160,4,281,146487,2,1,51,Cong
FC,3,1,A,"<?xml version=""1.0""?>\n<Clock xmlns:dt=""urn:schemas-microsoft-com:datatypes""><Description dt:dt=""string"">E-Prime Primary Realtime Clock</Description><StartTime><Timestamp dt:dt=""int"">0</Timestamp><DateUtc dt:dt=""string"">2021-08-22T17:54:23Z</DateUtc></StartTime><FrequencyChanges><FrequencyChange><Frequency dt:dt=""r8"">10000000</Frequency><Timestamp dt:dt=""r8"">13751062443343</Timestamp><Current dt:dt=""r8"">0</Current><DateUtc dt:dt=""string"">2021-08-22T17:54:23Z</DateUtc></FrequencyChange></FrequencyChanges></Clock>\n",S,SL003_FCS6AA,6,1.0.0.262,1,143.998,-1420154225,Full,3.0.3.80,3.0.3.80,8/22/21,8/22/21 17:54,12:54:23,3.0.3.82,Keyboard,A,Keyboard,-999999,15,27870,0,1,1,1,1,BlockProc,BlockList,52,221,,,1,0.88,504.3636364,1302,,0.942307692,421.7142857,TrialProc,TrialList,flankerIL.jpg,1,1,Keyboard,3,6,147872,160,1,569,148441,10,1,52,Incon
FC,3,1,A,"<?xml version=""1.0""?>\n<Clock xmlns:dt=""urn:schemas-microsoft-com:datatypes""><Description dt:dt=""string"">E-Prime Primary Realtime Clock</Description><StartTime><Timestamp dt:dt=""int"">0</Timestamp><DateUtc dt:dt=""string"">2021-08-22T17:54:23Z</DateUtc></StartTime><FrequencyChanges><FrequencyChange><Frequency dt:dt=""r8"">10000000</Frequency><Timestamp dt:dt=""r8"">13751062443343</Timestamp><Current dt:dt=""r8"">0</Current><DateUtc dt:dt=""string"">2021-08-22T17:54:23Z</DateUtc></FrequencyChange></FrequencyChanges></Clock>\n",S,SL003_FCS6AA,6,1.0.0.262,1,143.998,-1420154225,Full,3.0.3.80,3.0.3.80,8/22/21,8/22/21 17:54,12:54:23,3.0.3.82,Keyboard,A,Keyboard,-999999,15,27870,0,1,1,1,1,BlockProc,BlockList,53,111,1,353.2142857,4,,,1302,,0.943396226,419.72,TrialProc,TrialList,flankerCR.jpg,1,4,Keyboard,2,11,149345,159,4,322,149667,1,1,53,Cong
FC,3,1,A,"<?xml version=""1.0""?>\n<Clock xmlns:dt=""urn:schemas-microsoft-com:datatypes""><Description dt:dt=""string"">E-Prime Primary Realtime Clock</Description><StartTime><Timestamp dt:dt=""int"">0</Timestamp><DateUtc dt:dt=""string"">2021-08-22T17:54:23Z</DateUtc></StartTime><FrequencyChanges><FrequencyChange><Frequency dt:dt=""r8"">10000000</Frequency><Timestamp dt:dt=""r8"">13751062443343</Timestamp><Current dt:dt=""r8"">0</Current><DateUtc dt:dt=""string"">2021-08-22T17:54:23Z</DateUtc></FrequencyChange></FrequencyChanges></Clock>\n",S,SL003_FCS6AA,6,1.0.0.262,1,143.998,-1420154225,Full,3.0.3.80,3.0.3.80,8/22/21,8/22/21 17:54,12:54:23,3.0.3.82,Keyboard,A,Keyboard,-999999,15,27870,0,1,1,1,1,BlockProc,BlockList,54,211,,,4,0.884615385,505.3913043,1302,,0.944444444,421.8431373,TrialProc,TrialList,flankerIR.jpg,1,4,Keyboard,2,11,150817,160,4,528,151345,7,1,54,Incon
FC,3,1,A,"<?xml version=""1.0""?>\n<Clock xmlns:dt=""urn:schemas-microsoft-com:datatypes""><Description dt:dt=""string"">E-Prime Primary Realtime Clock</Description><StartTime><Timestamp dt:dt=""int"">0</Timestamp><DateUtc dt:dt=""string"">2021-08-22T17:54:23Z</DateUtc></StartTime><FrequencyChanges><FrequencyChange><Frequency dt:dt=""r8"">10000000</Frequency><Timestamp dt:dt=""r8"">13751062443343</Timestamp><Current dt:dt=""r8"">0</Current><DateUtc dt:dt=""string"">2021-08-22T17:54:23Z</DateUtc></FrequencyChange></FrequencyChanges></Clock>\n",S,SL003_FCS6AA,6,1.0.0.262,1,143.998,-1420154225,Full,3.0.3.80,3.0.3.80,8/22/21,8/22/21 17:54,12:54:23,3.0.3.82,Keyboard,A,Keyboard,-999999,15,27870,0,1,1,1,1,BlockProc,BlockList,55,113,1,357.5172414,4,,,1698,,0.945454545,422.9230769,TrialProc,TrialList,flankerCR.jpg,1,4,Keyboard,2,10,152289,160,4,478,152767,3,1,55,Cong
FC,3,1,A,"<?xml version=""1.0""?>\n<Clock xmlns:dt=""urn:schemas-microsoft-com:datatypes""><Description dt:dt=""string"">E-Prime Primary Realtime Clock</Description><StartTime><Timestamp dt:dt=""int"">0</Timestamp><DateUtc dt:dt=""string"">2021-08-22T17:54:23Z</DateUtc></StartTime><FrequencyChanges><FrequencyChange><Frequency dt:dt=""r8"">10000000</Frequency><Timestamp dt:dt=""r8"">13751062443343</Timestamp><Current dt:dt=""r8"">0</Current><DateUtc dt:dt=""string"">2021-08-22T17:54:23Z</DateUtc></FrequencyChange></FrequencyChanges></Clock>\n",S,SL003_FCS6AA,6,1.0.0.262,1,143.998,-1420154225,Full,3.0.3.80,3.0.3.80,8/22/21,8/22/21 17:54,12:54:23,3.0.3.82,Keyboard,A,Keyboard,-999999,15,27870,0,1,1,1,1,BlockProc,BlockList,56,211,,,4,0.888888889,495.7083333,1302,,0.946428571,420.0943396,TrialProc,TrialList,flankerIR.jpg,1,4,Keyboard,2,10,154157,160,4,273,154430,7,1,56,Incon
FC,3,1,A,"<?xml version=""1.0""?>\n<Clock xmlns:dt=""urn:schemas-microsoft-com:datatypes""><Description dt:dt=""string"">E-Prime Primary Realtime Clock</Description><StartTime><Timestamp dt:dt=""int"">0</Timestamp><DateUtc dt:dt=""string"">2021-08-22T17:54:23Z</DateUtc></StartTime><FrequencyChanges><FrequencyChange><Frequency dt:dt=""r8"">10000000</Frequency><Timestamp dt:dt=""r8"">13751062443343</Timestamp><Current dt:dt=""r8"">0</Current><DateUtc dt:dt=""string"">2021-08-22T17:54:23Z</DateUtc></FrequencyChange></FrequencyChanges></Clock>\n",S,SL003_FCS6AA,6,1.0.0.262,1,143.998,-1420154225,Full,3.0.3.80,3.0.3.80,8/22/21,8/22/21 17:54,12:54:23,3.0.3.82,Keyboard,A,Keyboard,-999999,15,27870,0,1,1,1,1,BlockProc,BlockList,57,223,,,1,0.892857143,506.84,1698,,0.947368421,426.6481481,TrialProc,TrialList,flankerIL.jpg,1,1,Keyboard,2,10,155629,160,1,774,156403,12,1,57,Incon
FC,3,1,A,"<?xml version=""1.0""?>\n<Clock xmlns:dt=""urn:schemas-microsoft-com:datatypes""><Description dt:dt=""string"">E-Prime Primary Realtime Clock</Description><StartTime><Timestamp dt:dt=""int"">0</Timestamp><DateUtc dt:dt=""string"">2021-08-22T17:54:23Z</DateUtc></StartTime><FrequencyChanges><FrequencyChange><Frequency dt:dt=""r8"">10000000</Frequency><Timestamp dt:dt=""r8"">13751062443343</Timestamp><Current dt:dt=""r8"">0</Current><DateUtc dt:dt=""string"">2021-08-22T17:54:23Z</DateUtc></FrequencyChange></FrequencyChanges></Clock>\n",S,SL003_FCS6AA,6,1.0.0.262,1,143.998,-1420154225,Full,3.0.3.80,3.0.3.80,8/22/21,8/22/21 17:54,12:54:23,3.0.3.82,Keyboard,A,Keyboard,-999999,15,27870,0,1,1,1,1,BlockProc,BlockList,58,212,,,4,0.862068966,,1500,,0.931034483,,TrialProc,TrialList,flankerIR.jpg,0,4,Keyboard,2,10,157497,160,1,781,158278,8,1,58,Incon
FC,3,1,A,"<?xml version=""1.0""?>\n<Clock xmlns:dt=""urn:schemas-microsoft-com:datatypes""><Description dt:dt=""string"">E-Prime Primary Realtime Clock</Description><StartTime><Timestamp dt:dt=""int"">0</Timestamp><DateUtc dt:dt=""string"">2021-08-22T17:54:23Z</DateUtc></StartTime><FrequencyChanges><FrequencyChange><Frequency dt:dt=""r8"">10000000</Frequency><Timestamp dt:dt=""r8"">13751062443343</Timestamp><Current dt:dt=""r8"">0</Current><DateUtc dt:dt=""string"">2021-08-22T17:54:23Z</DateUtc></FrequencyChange></FrequencyChanges></Clock>\n",S,SL003_FCS6AA,6,1.0.0.262,1,143.998,-1420154225,Full,3.0.3.80,3.0.3.80,8/22/21,8/22/21 17:54,12:54:23,3.0.3.82,Keyboard,A,Keyboard,-999999,15,27870,0,1,1,1,1,BlockProc,BlockList,59,113,1,360.1333333,4,,,1698,,0.93220339,426.8181818,TrialProc,TrialList,flankerCR.jpg,1,4,Keyboard,2,7,159164,159,4,436,159600,3,1,59,Cong
FC,3,1,A,"<?xml version=""1.0""?>\n<Clock xmlns:dt=""urn:schemas-microsoft-com:datatypes""><Description dt:dt=""string"">E-Prime Primary Realtime Clock</Description><StartTime><Timestamp dt:dt=""int"">0</Timestamp><DateUtc dt:dt=""string"">2021-08-22T17:54:23Z</DateUtc></StartTime><FrequencyChanges><FrequencyChange><Frequency dt:dt=""r8"">10000000</Frequency><Timestamp dt:dt=""r8"">13751062443343</Timestamp><Current dt:dt=""r8"">0</Current><DateUtc dt:dt=""string"">2021-08-22T17:54:23Z</DateUtc></FrequencyChange></FrequencyChanges></Clock>\n",S,SL003_FCS6AA,6,1.0.0.262,1,143.998,-1420154225,Full,3.0.3.80,3.0.3.80,8/22/21,8/22/21 17:54,12:54:23,3.0.3.82,Keyboard,A,Keyboard,-999999,15,27870,0,1,1,1,1,BlockProc,BlockList,60,213,,,4,0.866666667,501.7307692,1698,,0.933333333,425.875,TrialProc,TrialList,flankerIR.jpg,1,4,Keyboard,2,11,161032,159,4,374,161406,9,1,60,Incon
FC,3,1,A,"<?xml version=""1.0""?>\n<Clock xmlns:dt=""urn:schemas-microsoft-com:datatypes""><Description dt:dt=""string"">E-Prime Primary Realtime Clock</Description><StartTime><Timestamp dt:dt=""int"">0</Timestamp><DateUtc dt:dt=""string"">2021-08-22T17:54:23Z</DateUtc></StartTime><FrequencyChanges><FrequencyChange><Frequency dt:dt=""r8"">10000000</Frequency><Timestamp dt:dt=""r8"">13751062443343</Timestamp><Current dt:dt=""r8"">0</Current><DateUtc dt:dt=""string"">2021-08-22T17:54:23Z</DateUtc></FrequencyChange></FrequencyChanges></Clock>\n",S,SL003_FCS6AA,6,1.0.0.262,1,143.998,-1420154225,Full,3.0.3.80,3.0.3.80,8/22/21,8/22/21 17:54,12:54:23,3.0.3.82,Keyboard,A,Keyboard,-999999,15,27870,0,1,1,1,1,BlockProc,BlockList,61,123,1,361.8387097,1,,,1698,,0.93442623,425.6491228,TrialProc,TrialList,flankerCL.jpg,1,1,Keyboard,2,11,162900,159,1,413,163313,6,1,61,Cong
FC,3,1,A,"<?xml version=""1.0""?>\n<Clock xmlns:dt=""urn:schemas-microsoft-com:datatypes""><Description dt:dt=""string"">E-Prime Primary Realtime Clock</Description><StartTime><Timestamp dt:dt=""int"">0</Timestamp><DateUtc dt:dt=""string"">2021-08-22T17:54:23Z</DateUtc></StartTime><FrequencyChanges><FrequencyChange><Frequency dt:dt=""r8"">10000000</Frequency><Timestamp dt:dt=""r8"">13751062443343</Timestamp><Current dt:dt=""r8"">0</Current><DateUtc dt:dt=""string"">2021-08-22T17:54:23Z</DateUtc></FrequencyChange></FrequencyChanges></Clock>\n",S,SL003_FCS6AA,6,1.0.0.262,1,143.998,-1420154225,Full,3.0.3.80,3.0.3.80,8/22/21,8/22/21 17:54,12:54:23,3.0.3.82,Keyboard,A,Keyboard,-999999,15,27870,0,1,1,1,1,BlockProc,BlockList,62,221,,,1,0.870967742,499.9259259,1302,,0.935483871,426.1206897,TrialProc,TrialList,flankerIL.jpg,1,1,Keyboard,2,11,164768,159,1,453,165221,10,1,62,Incon
FC,3,1,A,"<?xml version=""1.0""?>\n<Clock xmlns:dt=""urn:schemas-microsoft-com:datatypes""><Description dt:dt=""string"">E-Prime Primary Realtime Clock</Description><StartTime><Timestamp dt:dt=""int"">0</Timestamp><DateUtc dt:dt=""string"">2021-08-22T17:54:23Z</DateUtc></StartTime><FrequencyChanges><FrequencyChange><Frequency dt:dt=""r8"">10000000</Frequency><Timestamp dt:dt=""r8"">13751062443343</Timestamp><Current dt:dt=""r8"">0</Current><DateUtc dt:dt=""string"">2021-08-22T17:54:23Z</DateUtc></FrequencyChange></FrequencyChanges></Clock>\n",S,SL003_FCS6AA,6,1.0.0.262,1,143.998,-1420154225,Full,3.0.3.80,3.0.3.80,8/22/21,8/22/21 17:54,12:54:23,3.0.3.82,Keyboard,A,Keyboard,-999999,15,27870,0,1,1,1,1,BlockProc,BlockList,63,113,1,363.28125,4,,,1698,,0.936507937,425.8135593,TrialProc,TrialList,flankerCR.jpg,1,4,Keyboard,2,11,166240,160,4,408,166648,3,1,63,Cong
FC,3,1,A,"<?xml version=""1.0""?>\n<Clock xmlns:dt=""urn:schemas-microsoft-com:datatypes""><Description dt:dt=""string"">E-Prime Primary Realtime Clock</Description><StartTime><Timestamp dt:dt=""int"">0</Timestamp><DateUtc dt:dt=""string"">2021-08-22T17:54:23Z</DateUtc></StartTime><FrequencyChanges><FrequencyChange><Frequency dt:dt=""r8"">10000000</Frequency><Timestamp dt:dt=""r8"">13751062443343</Timestamp><Current dt:dt=""r8"">0</Current><DateUtc dt:dt=""string"">2021-08-22T17:54:23Z</DateUtc></FrequencyChange></FrequencyChanges></Clock>\n",S,SL003_FCS6AA,6,1.0.0.262,1,143.998,-1420154225,Full,3.0.3.80,3.0.3.80,8/22/21,8/22/21 17:54,12:54:23,3.0.3.82,Keyboard,A,Keyboard,-999999,15,27870,0,1,1,1,1,BlockProc,BlockList,64,223,,,1,0.84375,,1698,,0.921875,,TrialProc,TrialList,flankerIL.jpg,0,1,Keyboard,2,10,168108,160,4,419,168527,12,1,64,Incon
FC,3,1,A,"<?xml version=""1.0""?>\n<Clock xmlns:dt=""urn:schemas-microsoft-com:datatypes""><Description dt:dt=""string"">E-Prime Primary Realtime Clock</Description><StartTime><Timestamp dt:dt=""int"">0</Timestamp><DateUtc dt:dt=""string"">2021-08-22T17:54:23Z</DateUtc></StartTime><FrequencyChanges><FrequencyChange><Frequency dt:dt=""r8"">10000000</Frequency><Timestamp dt:dt=""r8"">13751062443343</Timestamp><Current dt:dt=""r8"">0</Current><DateUtc dt:dt=""string"">2021-08-22T17:54:23Z</DateUtc></FrequencyChange></FrequencyChanges></Clock>\n",S,SL003_FCS6AA,6,1.0.0.262,1,143.998,-1420154225,Full,3.0.3.80,3.0.3.80,8/22/21,8/22/21 17:54,12:54:23,3.0.3.82,Keyboard,A,Keyboard,-999999,15,27870,0,1,1,1,1,BlockProc,BlockList,65,113,1,364.2121212,4,,,1698,,0.923076923,425.2833333,TrialProc,TrialList,flankerCR.jpg,1,4,Keyboard,2,10,169976,160,4,394,170370,3,1,65,Cong
FC,3,1,A,"<?xml version=""1.0""?>\n<Clock xmlns:dt=""urn:schemas-microsoft-com:datatypes""><Description dt:dt=""string"">E-Prime Primary Realtime Clock</Description><StartTime><Timestamp dt:dt=""int"">0</Timestamp><DateUtc dt:dt=""string"">2021-08-22T17:54:23Z</DateUtc></StartTime><FrequencyChanges><FrequencyChange><Frequency dt:dt=""r8"">10000000</Frequency><Timestamp dt:dt=""r8"">13751062443343</Timestamp><Current dt:dt=""r8"">0</Current><DateUtc dt:dt=""string"">2021-08-22T17:54:23Z</DateUtc></FrequencyChange></FrequencyChanges></Clock>\n",S,SL003_FCS6AA,6,1.0.0.262,1,143.998,-1420154225,Full,3.0.3.80,3.0.3.80,8/22/21,8/22/21 17:54,12:54:23,3.0.3.82,Keyboard,A,Keyboard,-999999,15,27870,0,1,1,1,1,BlockProc,BlockList,66,122,1,369.5294118,1,,,1500,,0.924242424,427.2459016,TrialProc,TrialList,flankerCL.jpg,1,1,Keyboard,2,10,171844,160,1,545,172389,5,1,66,Cong
FC,3,1,A,"<?xml version=""1.0""?>\n<Clock xmlns:dt=""urn:schemas-microsoft-com:datatypes""><Description dt:dt=""string"">E-Prime Primary Realtime Clock</Description><StartTime><Timestamp dt:dt=""int"">0</Timestamp><DateUtc dt:dt=""string"">2021-08-22T17:54:23Z</DateUtc></StartTime><FrequencyChanges><FrequencyChange><Frequency dt:dt=""r8"">10000000</Frequency><Timestamp dt:dt=""r8"">13751062443343</Timestamp><Current dt:dt=""r8"">0</Current><DateUtc dt:dt=""string"">2021-08-22T17:54:23Z</DateUtc></FrequencyChange></FrequencyChanges></Clock>\n",S,SL003_FCS6AA,6,1.0.0.262,1,143.998,-1420154225,Full,3.0.3.80,3.0.3.80,8/22/21,8/22/21 17:54,12:54:23,3.0.3.82,Keyboard,A,Keyboard,-999999,15,27870,0,1,1,1,1,BlockProc,BlockList,67,111,1,370.2857143,4,,,1302,,0.925373134,426.7419355,TrialProc,TrialList,flankerCR.jpg,1,4,Keyboard,2,7,173511,159,4,396,173907,1,1,67,Cong
FC,3,1,A,"<?xml version=""1.0""?>\n<Clock xmlns:dt=""urn:schemas-microsoft-com:datatypes""><Description dt:dt=""string"">E-Prime Primary Realtime Clock</Description><StartTime><Timestamp dt:dt=""int"">0</Timestamp><DateUtc dt:dt=""string"">2021-08-22T17:54:23Z</DateUtc></StartTime><FrequencyChanges><FrequencyChange><Frequency dt:dt=""r8"">10000000</Frequency><Timestamp dt:dt=""r8"">13751062443343</Timestamp><Current dt:dt=""r8"">0</Current><DateUtc dt:dt=""string"">2021-08-22T17:54:23Z</DateUtc></FrequencyChange></FrequencyChanges></Clock>\n",S,SL003_FCS6AA,6,1.0.0.262,1,143.998,-1420154225,Full,3.0.3.80,3.0.3.80,8/22/21,8/22/21 17:54,12:54:23,3.0.3.82,Keyboard,A,Keyboard,-999999,15,27870,0,1,1,1,1,BlockProc,BlockList,68,222,,,1,0.848484848,502.1071429,1500,,0.926470588,428.8730159,TrialProc,TrialList,flankerIL.jpg,1,1,Keyboard,2,11,174983,159,1,561,175544,11,1,68,Incon
FC,3,1,A,"<?xml version=""1.0""?>\n<Clock xmlns:dt=""urn:schemas-microsoft-com:datatypes""><Description dt:dt=""string"">E-Prime Primary Realtime Clock</Description><StartTime><Timestamp dt:dt=""int"">0</Timestamp><DateUtc dt:dt=""string"">2021-08-22T17:54:23Z</DateUtc></StartTime><FrequencyChanges><FrequencyChange><Frequency dt:dt=""r8"">10000000</Frequency><Timestamp dt:dt=""r8"">13751062443343</Timestamp><Current dt:dt=""r8"">0</Current><DateUtc dt:dt=""string"">2021-08-22T17:54:23Z</DateUtc></FrequencyChange></FrequencyChanges></Clock>\n",S,SL003_FCS6AA,6,1.0.0.262,1,143.998,-1420154225,Full,3.0.3.80,3.0.3.80,8/22/21,8/22/21 17:54,12:54:23,3.0.3.82,Keyboard,A,Keyboard,-999999,15,27870,0,1,1,1,1,BlockProc,BlockList,69,221,,,1,0.823529412,,1302,,0.913043478,,TrialProc,TrialList,flankerIL.jpg,0,1,Keyboard,3,7,176649,160,4,296,176945,10,1,69,Incon
FC,3,1,A,"<?xml version=""1.0""?>\n<Clock xmlns:dt=""urn:schemas-microsoft-com:datatypes""><Description dt:dt=""string"">E-Prime Primary Realtime Clock</Description><StartTime><Timestamp dt:dt=""int"">0</Timestamp><DateUtc dt:dt=""string"">2021-08-22T17:54:23Z</DateUtc></StartTime><FrequencyChanges><FrequencyChange><Frequency dt:dt=""r8"">10000000</Frequency><Timestamp dt:dt=""r8"">13751062443343</Timestamp><Current dt:dt=""r8"">0</Current><DateUtc dt:dt=""string"">2021-08-22T17:54:23Z</DateUtc></FrequencyChange></FrequencyChanges></Clock>\n",S,SL003_FCS6AA,6,1.0.0.262,1,143.998,-1420154225,Full,3.0.3.80,3.0.3.80,8/22/21,8/22/21 17:54,12:54:23,3.0.3.82,Keyboard,A,Keyboard,-999999,15,27870,0,1,1,1,1,BlockProc,BlockList,70,223,,,1,0.828571429,504.2758621,1698,,0.914285714,431,TrialProc,TrialList,flankerIL.jpg,1,1,Keyboard,3,10,178121,160,1,565,178686,12,1,70,Incon
FC,3,1,A,"<?xml version=""1.0""?>\n<Clock xmlns:dt=""urn:schemas-microsoft-com:datatypes""><Description dt:dt=""string"">E-Prime Primary Realtime Clock</Description><StartTime><Timestamp dt:dt=""int"">0</Timestamp><DateUtc dt:dt=""string"">2021-08-22T17:54:23Z</DateUtc></StartTime><FrequencyChanges><FrequencyChange><Frequency dt:dt=""r8"">10000000</Frequency><Timestamp dt:dt=""r8"">13751062443343</Timestamp><Current dt:dt=""r8"">0</Current><DateUtc dt:dt=""string"">2021-08-22T17:54:23Z</DateUtc></FrequencyChange></FrequencyChanges></Clock>\n",S,SL003_FCS6AA,6,1.0.0.262,1,143.998,-1420154225,Full,3.0.3.80,3.0.3.80,8/22/21,8/22/21 17:54,12:54:23,3.0.3.82,Keyboard,A,Keyboard,-999999,15,27870,0,1,1,1,1,BlockProc,BlockList,71,111,1,371.4166667,4,,,1302,,0.915492958,430.6923077,TrialProc,TrialList,flankerCR.jpg,1,4,Keyboard,3,10,179989,160,4,411,180400,1,1,71,Cong
FC,3,1,A,"<?xml version=""1.0""?>\n<Clock xmlns:dt=""urn:schemas-microsoft-com:datatypes""><Description dt:dt=""string"">E-Prime Primary Realtime Clock</Description><StartTime><Timestamp dt:dt=""int"">0</Timestamp><DateUtc dt:dt=""string"">2021-08-22T17:54:23Z</DateUtc></StartTime><FrequencyChanges><FrequencyChange><Frequency dt:dt=""r8"">10000000</Frequency><Timestamp dt:dt=""r8"">13751062443343</Timestamp><Current dt:dt=""r8"">0</Current><DateUtc dt:dt=""string"">2021-08-22T17:54:23Z</DateUtc></FrequencyChange></FrequencyChanges></Clock>\n",S,SL003_FCS6AA,6,1.0.0.262,1,143.998,-1420154225,Full,3.0.3.80,3.0.3.80,8/22/21,8/22/21 17:54,12:54:23,3.0.3.82,Keyboard,A,Keyboard,-999999,15,27870,0,1,1,1,1,BlockProc,BlockList,72,223,,,1,0.833333333,505.4,1698,,0.916666667,432.3181818,TrialProc,TrialList,flankerIL.jpg,1,1,Keyboard,2,11,181462,159,1,538,182000,12,1,72,Incon
FC,3,1,A,"<?xml version=""1.0""?>\n<Clock xmlns:dt=""urn:schemas-microsoft-com:datatypes""><Description dt:dt=""string"">E-Prime Primary Realtime Clock</Description><StartTime><Timestamp dt:dt=""int"">0</Timestamp><DateUtc dt:dt=""string"">2021-08-22T17:54:23Z</DateUtc></StartTime><FrequencyChanges><FrequencyChange><Frequency dt:dt=""r8"">10000000</Frequency><Timestamp dt:dt=""r8"">13751062443343</Timestamp><Current dt:dt=""r8"">0</Current><DateUtc dt:dt=""string"">2021-08-22T17:54:23Z</DateUtc></FrequencyChange></FrequencyChanges></Clock>\n",S,SL003_FCS6AA,6,1.0.0.262,1,143.998,-1420154225,Full,3.0.3.80,3.0.3.80,8/22/21,8/22/21 17:54,12:54:23,3.0.3.82,Keyboard,A,Keyboard,-999999,15,27870,0,1,1,1,1,BlockProc,BlockList,73,123,1,379.1621622,1,,,1698,,0.917808219,435.6865672,TrialProc,TrialList,flankerCL.jpg,1,1,Keyboard,2,11,183330,159,1,658,183988,6,1,73,Cong
FC,3,1,A,"<?xml version=""1.0""?>\n<Clock xmlns:dt=""urn:schemas-microsoft-com:datatypes""><Description dt:dt=""string"">E-Prime Primary Realtime Clock</Description><StartTime><Timestamp dt:dt=""int"">0</Timestamp><DateUtc dt:dt=""string"">2021-08-22T17:54:23Z</DateUtc></StartTime><FrequencyChanges><FrequencyChange><Frequency dt:dt=""r8"">10000000</Frequency><Timestamp dt:dt=""r8"">13751062443343</Timestamp><Current dt:dt=""r8"">0</Current><DateUtc dt:dt=""string"">2021-08-22T17:54:23Z</DateUtc></FrequencyChange></FrequencyChanges></Clock>\n",S,SL003_FCS6AA,6,1.0.0.262,1,143.998,-1420154225,Full,3.0.3.80,3.0.3.80,8/22/21,8/22/21 17:54,12:54:23,3.0.3.82,Keyboard,A,Keyboard,-999999,15,27870,0,1,1,1,1,BlockProc,BlockList,74,222,,,1,0.837837838,504.2580645,1500,,0.918918919,436.1911765,TrialProc,TrialList,flankerIL.jpg,1,1,Keyboard,2,11,185198,159,1,470,185668,11,1,74,Incon
FC,3,1,A,"<?xml version=""1.0""?>\n<Clock xmlns:dt=""urn:schemas-microsoft-com:datatypes""><Description dt:dt=""string"">E-Prime Primary Realtime Clock</Description><StartTime><Timestamp dt:dt=""int"">0</Timestamp><DateUtc dt:dt=""string"">2021-08-22T17:54:23Z</DateUtc></StartTime><FrequencyChanges><FrequencyChange><Frequency dt:dt=""r8"">10000000</Frequency><Timestamp dt:dt=""r8"">13751062443343</Timestamp><Current dt:dt=""r8"">0</Current><DateUtc dt:dt=""string"">2021-08-22T17:54:23Z</DateUtc></FrequencyChange></FrequencyChanges></Clock>\n",S,SL003_FCS6AA,6,1.0.0.262,1,143.998,-1420154225,Full,3.0.3.80,3.0.3.80,8/22/21,8/22/21 17:54,12:54:23,3.0.3.82,Keyboard,A,Keyboard,-999999,15,27870,0,1,1,1,1,BlockProc,BlockList,75,212,,,4,0.842105263,504.21875,1500,,0.92,437.1594203,TrialProc,TrialList,flankerIR.jpg,1,4,Keyboard,3,7,186864,160,4,503,187367,8,1,75,Incon
FC,3,1,A,"<?xml version=""1.0""?>\n<Clock xmlns:dt=""urn:schemas-microsoft-com:datatypes""><Description dt:dt=""string"">E-Prime Primary Realtime Clock</Description><StartTime><Timestamp dt:dt=""int"">0</Timestamp><DateUtc dt:dt=""string"">2021-08-22T17:54:23Z</DateUtc></StartTime><FrequencyChanges><FrequencyChange><Frequency dt:dt=""r8"">10000000</Frequency><Timestamp dt:dt=""r8"">13751062443343</Timestamp><Current dt:dt=""r8"">0</Current><DateUtc dt:dt=""string"">2021-08-22T17:54:23Z</DateUtc></FrequencyChange></FrequencyChanges></Clock>\n",S,SL003_FCS6AA,6,1.0.0.262,1,143.998,-1420154225,Full,3.0.3.80,3.0.3.80,8/22/21,8/22/21 17:54,12:54:23,3.0.3.82,Keyboard,A,Keyboard,-999999,15,27870,0,1,1,1,1,BlockProc,BlockList,76,123,1,379.1578947,1,,,1698,,0.921052632,436.3285714,TrialProc,TrialList,flankerCL.jpg,1,1,Keyboard,2,7,188531,160,1,379,188910,6,1,76,Cong
FC,3,1,A,"<?xml version=""1.0""?>\n<Clock xmlns:dt=""urn:schemas-microsoft-com:datatypes""><Description dt:dt=""string"">E-Prime Primary Realtime Clock</Description><StartTime><Timestamp dt:dt=""int"">0</Timestamp><DateUtc dt:dt=""string"">2021-08-22T17:54:23Z</DateUtc></StartTime><FrequencyChanges><FrequencyChange><Frequency dt:dt=""r8"">10000000</Frequency><Timestamp dt:dt=""r8"">13751062443343</Timestamp><Current dt:dt=""r8"">0</Current><DateUtc dt:dt=""string"">2021-08-22T17:54:23Z</DateUtc></FrequencyChange></FrequencyChanges></Clock>\n",S,SL003_FCS6AA,6,1.0.0.262,1,143.998,-1420154225,Full,3.0.3.80,3.0.3.80,8/22/21,8/22/21 17:54,12:54:23,3.0.3.82,Keyboard,A,Keyboard,-999999,15,27870,0,1,1,1,1,BlockProc,BlockList,77,223,,,1,0.846153846,504.2424242,1698,,0.922077922,437.2957746,TrialProc,TrialList,flankerIL.jpg,1,1,Keyboard,2,10,190399,160,1,505,190904,12,1,77,Incon
FC,3,1,A,"<?xml version=""1.0""?>\n<Clock xmlns:dt=""urn:schemas-microsoft-com:datatypes""><Description dt:dt=""string"">E-Prime Primary Realtime Clock</Description><StartTime><Timestamp dt:dt=""int"">0</Timestamp><DateUtc dt:dt=""string"">2021-08-22T17:54:23Z</DateUtc></StartTime><FrequencyChanges><FrequencyChange><Frequency dt:dt=""r8"">10000000</Frequency><Timestamp dt:dt=""r8"">13751062443343</Timestamp><Current dt:dt=""r8"">0</Current><DateUtc dt:dt=""string"">2021-08-22T17:54:23Z</DateUtc></FrequencyChange></FrequencyChanges></Clock>\n",S,SL003_FCS6AA,6,1.0.0.262,1,143.998,-1420154225,Full,3.0.3.80,3.0.3.80,8/22/21,8/22/21 17:54,12:54:23,3.0.3.82,Keyboard,A,Keyboard,-999999,15,27870,0,1,1,1,1,BlockProc,BlockList,78,122,1,381.7948718,1,,,1500,,0.923076923,437.9166667,TrialProc,TrialList,flankerCL.jpg,1,1,Keyboard,3,10,192267,159,1,482,192749,5,1,78,Cong
FC,3,1,A,"<?xml version=""1.0""?>\n<Clock xmlns:dt=""urn:schemas-microsoft-com:datatypes""><Description dt:dt=""string"">E-Prime Primary Realtime Clock</Description><StartTime><Timestamp dt:dt=""int"">0</Timestamp><DateUtc dt:dt=""string"">2021-08-22T17:54:23Z</DateUtc></StartTime><FrequencyChanges><FrequencyChange><Frequency dt:dt=""r8"">10000000</Frequency><Timestamp dt:dt=""r8"">13751062443343</Timestamp><Current dt:dt=""r8"">0</Current><DateUtc dt:dt=""string"">2021-08-22T17:54:23Z</DateUtc></FrequencyChange></FrequencyChanges></Clock>\n",S,SL003_FCS6AA,6,1.0.0.262,1,143.998,-1420154225,Full,3.0.3.80,3.0.3.80,8/22/21,8/22/21 17:54,12:54:23,3.0.3.82,Keyboard,A,Keyboard,-999999,15,27870,0,1,1,1,1,BlockProc,BlockList,79,121,1,382.05,1,,,1302,,0.924050633,437.2876712,TrialProc,TrialList,flankerCL.jpg,1,1,Keyboard,3,7,193933,160,1,392,194325,4,1,79,Cong
FC,3,1,A,"<?xml version=""1.0""?>\n<Clock xmlns:dt=""urn:schemas-microsoft-com:datatypes""><Description dt:dt=""string"">E-Prime Primary Realtime Clock</Description><StartTime><Timestamp dt:dt=""int"">0</Timestamp><DateUtc dt:dt=""string"">2021-08-22T17:54:23Z</DateUtc></StartTime><FrequencyChanges><FrequencyChange><Frequency dt:dt=""r8"">10000000</Frequency><Timestamp dt:dt=""r8"">13751062443343</Timestamp><Current dt:dt=""r8"">0</Current><DateUtc dt:dt=""string"">2021-08-22T17:54:23Z</DateUtc></FrequencyChange></FrequencyChanges></Clock>\n",S,SL003_FCS6AA,6,1.0.0.262,1,143.998,-1420154225,Full,3.0.3.80,3.0.3.80,8/22/21,8/22/21 17:54,12:54:23,3.0.3.82,Keyboard,A,Keyboard,-999999,15,27870,0,1,1,1,1,BlockProc,BlockList,80,121,1,381.4146341,1,,,1302,,0.925,436.1891892,TrialProc,TrialList,flankerCL.jpg,1,1,Keyboard,2,11,195406,159,1,356,195762,4,1,80,Cong
FC,3,1,A,"<?xml version=""1.0""?>\n<Clock xmlns:dt=""urn:schemas-microsoft-com:datatypes""><Description dt:dt=""string"">E-Prime Primary Realtime Clock</Description><StartTime><Timestamp dt:dt=""int"">0</Timestamp><DateUtc dt:dt=""string"">2021-08-22T17:54:23Z</DateUtc></StartTime><FrequencyChanges><FrequencyChange><Frequency dt:dt=""r8"">10000000</Frequency><Timestamp dt:dt=""r8"">13751062443343</Timestamp><Current dt:dt=""r8"">0</Current><DateUtc dt:dt=""string"">2021-08-22T17:54:23Z</DateUtc></FrequencyChange></FrequencyChanges></Clock>\n",S,SL003_FCS6AA,6,1.0.0.262,1,143.998,-1420154225,Full,3.0.3.80,3.0.3.80,8/22/21,8/22/21 17:54,12:54:23,3.0.3.82,Keyboard,A,Keyboard,-999999,15,27870,0,1,1,1,1,BlockProc,BlockList,81,211,,,4,0.825,,1302,1,0.913580247,,TrialProc,TrialList,flankerIR.jpg,0,4,Keyboard,2,11,196878,159,,0,0,7,1,81,Incon
FC,3,1,A,"<?xml version=""1.0""?>\n<Clock xmlns:dt=""urn:schemas-microsoft-com:datatypes""><Description dt:dt=""string"">E-Prime Primary Realtime Clock</Description><StartTime><Timestamp dt:dt=""int"">0</Timestamp><DateUtc dt:dt=""string"">2021-08-22T17:54:23Z</DateUtc></StartTime><FrequencyChanges><FrequencyChange><Frequency dt:dt=""r8"">10000000</Frequency><Timestamp dt:dt=""r8"">13751062443343</Timestamp><Current dt:dt=""r8"">0</Current><DateUtc dt:dt=""string"">2021-08-22T17:54:23Z</DateUtc></FrequencyChange></FrequencyChanges></Clock>\n",S,SL003_FCS6AA,6,1.0.0.262,1,143.998,-1420154225,Full,3.0.3.80,3.0.3.80,8/22/21,8/22/21 17:54,12:54:23,3.0.3.82,Keyboard,A,Keyboard,-999999,15,27870,0,1,1,1,1,BlockProc,BlockList,82,211,,,4,0.829268293,509.7352941,1302,,0.914634146,439.5866667,TrialProc,TrialList,flankerIR.jpg,1,4,Keyboard,2,11,198350,160,4,691,199041,7,1,82,Incon
FC,3,1,A,"<?xml version=""1.0""?>\n<Clock xmlns:dt=""urn:schemas-microsoft-com:datatypes""><Description dt:dt=""string"">E-Prime Primary Realtime Clock</Description><StartTime><Timestamp dt:dt=""int"">0</Timestamp><DateUtc dt:dt=""string"">2021-08-22T17:54:23Z</DateUtc></StartTime><FrequencyChanges><FrequencyChange><Frequency dt:dt=""r8"">10000000</Frequency><Timestamp dt:dt=""r8"">13751062443343</Timestamp><Current dt:dt=""r8"">0</Current><DateUtc dt:dt=""string"">2021-08-22T17:54:23Z</DateUtc></FrequencyChange></FrequencyChanges></Clock>\n",S,SL003_FCS6AA,6,1.0.0.262,1,143.998,-1420154225,Full,3.0.3.80,3.0.3.80,8/22/21,8/22/21 17:54,12:54:23,3.0.3.82,Keyboard,A,Keyboard,-999999,15,27870,0,1,1,1,1,BlockProc,BlockList,83,112,1,381.0238095,4,,,1500,,0.915662651,438.6052632,TrialProc,TrialList,flankerCR.jpg,1,4,Keyboard,2,10,199822,160,4,365,200187,2,1,83,Cong
FC,3,1,A,"<?xml version=""1.0""?>\n<Clock xmlns:dt=""urn:schemas-microsoft-com:datatypes""><Description dt:dt=""string"">E-Prime Primary Realtime Clock</Description><StartTime><Timestamp dt:dt=""int"">0</Timestamp><DateUtc dt:dt=""string"">2021-08-22T17:54:23Z</DateUtc></StartTime><FrequencyChanges><FrequencyChange><Frequency dt:dt=""r8"">10000000</Frequency><Timestamp dt:dt=""r8"">13751062443343</Timestamp><Current dt:dt=""r8"">0</Current><DateUtc dt:dt=""string"">2021-08-22T17:54:23Z</DateUtc></FrequencyChange></FrequencyChanges></Clock>\n",S,SL003_FCS6AA,6,1.0.0.262,1,143.998,-1420154225,Full,3.0.3.80,3.0.3.80,8/22/21,8/22/21 17:54,12:54:23,3.0.3.82,Keyboard,A,Keyboard,-999999,15,27870,0,1,1,1,1,BlockProc,BlockList,84,213,,,4,0.833333333,503.6571429,1698,,0.916666667,436.7662338,TrialProc,TrialList,flankerIR.jpg,1,4,Keyboard,2,7,201489,159,4,297,201786,9,1,84,Incon
FC,3,1,A,"<?xml version=""1.0""?>\n<Clock xmlns:dt=""urn:schemas-microsoft-com:datatypes""><Description dt:dt=""string"">E-Prime Primary Realtime Clock</Description><StartTime><Timestamp dt:dt=""int"">0</Timestamp><DateUtc dt:dt=""string"">2021-08-22T17:54:23Z</DateUtc></StartTime><FrequencyChanges><FrequencyChange><Frequency dt:dt=""r8"">10000000</Frequency><Timestamp dt:dt=""r8"">13751062443343</Timestamp><Current dt:dt=""r8"">0</Current><DateUtc dt:dt=""string"">2021-08-22T17:54:23Z</DateUtc></FrequencyChange></FrequencyChanges></Clock>\n",S,SL003_FCS6AA,6,1.0.0.262,1,143.998,-1420154225,Full,3.0.3.80,3.0.3.80,8/22/21,8/22/21 17:54,12:54:23,3.0.3.82,Keyboard,A,Keyboard,-999999,15,27870,0,1,1,1,1,BlockProc,BlockList,85,122,1,381.5348837,1,,,1500,,0.917647059,436.3333333,TrialProc,TrialList,flankerCL.jpg,1,1,Keyboard,2,11,203357,159,1,403,203760,5,1,85,Cong
FC,3,1,A,"<?xml version=""1.0""?>\n<Clock xmlns:dt=""urn:schemas-microsoft-com:datatypes""><Description dt:dt=""string"">E-Prime Primary Realtime Clock</Description><StartTime><Timestamp dt:dt=""int"">0</Timestamp><DateUtc dt:dt=""string"">2021-08-22T17:54:23Z</DateUtc></StartTime><FrequencyChanges><FrequencyChange><Frequency dt:dt=""r8"">10000000</Frequency><Timestamp dt:dt=""r8"">13751062443343</Timestamp><Current dt:dt=""r8"">0</Current><DateUtc dt:dt=""string"">2021-08-22T17:54:23Z</DateUtc></FrequencyChange></FrequencyChanges></Clock>\n",S,SL003_FCS6AA,6,1.0.0.262,1,143.998,-1420154225,Full,3.0.3.80,3.0.3.80,8/22/21,8/22/21 17:54,12:54:23,3.0.3.82,Keyboard,A,Keyboard,-999999,15,27870,0,1,1,1,1,BlockProc,BlockList,86,112,1,381.7045455,4,,,1500,,0.918604651,435.7341772,TrialProc,TrialList,flankerCR.jpg,1,4,Keyboard,3,7,205023,160,4,389,205412,2,1,86,Cong
FC,3,1,A,"<?xml version=""1.0""?>\n<Clock xmlns:dt=""urn:schemas-microsoft-com:datatypes""><Description dt:dt=""string"">E-Prime Primary Realtime Clock</Description><StartTime><Timestamp dt:dt=""int"">0</Timestamp><DateUtc dt:dt=""string"">2021-08-22T17:54:23Z</DateUtc></StartTime><FrequencyChanges><FrequencyChange><Frequency dt:dt=""r8"">10000000</Frequency><Timestamp dt:dt=""r8"">13751062443343</Timestamp><Current dt:dt=""r8"">0</Current><DateUtc dt:dt=""string"">2021-08-22T17:54:23Z</DateUtc></FrequencyChange></FrequencyChanges></Clock>\n",S,SL003_FCS6AA,6,1.0.0.262,1,143.998,-1420154225,Full,3.0.3.80,3.0.3.80,8/22/21,8/22/21 17:54,12:54:23,3.0.3.82,Keyboard,A,Keyboard,-999999,15,27870,0,1,1,1,1,BlockProc,BlockList,87,213,,,4,0.837209302,505.0833333,1698,,0.91954023,437.225,TrialProc,TrialList,flankerIR.jpg,1,4,Keyboard,2,7,206690,160,4,555,207245,9,1,87,Incon
FC,3,1,A,"<?xml version=""1.0""?>\n<Clock xmlns:dt=""urn:schemas-microsoft-com:datatypes""><Description dt:dt=""string"">E-Prime Primary Realtime Clock</Description><StartTime><Timestamp dt:dt=""int"">0</Timestamp><DateUtc dt:dt=""string"">2021-08-22T17:54:23Z</DateUtc></StartTime><FrequencyChanges><FrequencyChange><Frequency dt:dt=""r8"">10000000</Frequency><Timestamp dt:dt=""r8"">13751062443343</Timestamp><Current dt:dt=""r8"">0</Current><DateUtc dt:dt=""string"">2021-08-22T17:54:23Z</DateUtc></FrequencyChange></FrequencyChanges></Clock>\n",S,SL003_FCS6AA,6,1.0.0.262,1,143.998,-1420154225,Full,3.0.3.80,3.0.3.80,8/22/21,8/22/21 17:54,12:54:23,3.0.3.82,Keyboard,A,Keyboard,-999999,15,27870,0,1,1,1,1,BlockProc,BlockList,88,211,,,4,0.840909091,501.8918919,1302,,0.920454545,436.6049383,TrialProc,TrialList,flankerIR.jpg,1,4,Keyboard,2,10,208558,160,4,387,208945,7,1,88,Incon
FC,3,1,A,"<?xml version=""1.0""?>\n<Clock xmlns:dt=""urn:schemas-microsoft-com:datatypes""><Description dt:dt=""string"">E-Prime Primary Realtime Clock</Description><StartTime><Timestamp dt:dt=""int"">0</Timestamp><DateUtc dt:dt=""string"">2021-08-22T17:54:23Z</DateUtc></StartTime><FrequencyChanges><FrequencyChange><Frequency dt:dt=""r8"">10000000</Frequency><Timestamp dt:dt=""r8"">13751062443343</Timestamp><Current dt:dt=""r8"">0</Current><DateUtc dt:dt=""string"">2021-08-22T17:54:23Z</DateUtc></FrequencyChange></FrequencyChanges></Clock>\n",S,SL003_FCS6AA,6,1.0.0.262,1,143.998,-1420154225,Full,3.0.3.80,3.0.3.80,8/22/21,8/22/21 17:54,12:54:23,3.0.3.82,Keyboard,A,Keyboard,-999999,15,27870,0,1,1,1,1,BlockProc,BlockList,89,123,1,383.3333333,1,,,1698,,0.921348315,436.8292683,TrialProc,TrialList,flankerCL.jpg,1,1,Keyboard,2,10,210030,160,1,455,210485,6,1,89,Cong
FC,3,1,A,"<?xml version=""1.0""?>\n<Clock xmlns:dt=""urn:schemas-microsoft-com:datatypes""><Description dt:dt=""string"">E-Prime Primary Realtime Clock</Description><StartTime><Timestamp dt:dt=""int"">0</Timestamp><DateUtc dt:dt=""string"">2021-08-22T17:54:23Z</DateUtc></StartTime><FrequencyChanges><FrequencyChange><Frequency dt:dt=""r8"">10000000</Frequency><Timestamp dt:dt=""r8"">13751062443343</Timestamp><Current dt:dt=""r8"">0</Current><DateUtc dt:dt=""string"">2021-08-22T17:54:23Z</DateUtc></FrequencyChange></FrequencyChanges></Clock>\n",S,SL003_FCS6AA,6,1.0.0.262,1,143.998,-1420154225,Full,3.0.3.80,3.0.3.80,8/22/21,8/22/21 17:54,12:54:23,3.0.3.82,Keyboard,A,Keyboard,-999999,15,27870,0,1,1,1,1,BlockProc,BlockList,90,222,,,1,0.844444444,509,1500,,0.922222222,440.8674699,TrialProc,TrialList,flankerIL.jpg,1,1,Keyboard,2,10,211898,160,1,772,212670,11,1,90,Incon
FC,3,1,A,"<?xml version=""1.0""?>\n<Clock xmlns:dt=""urn:schemas-microsoft-com:datatypes""><Description dt:dt=""string"">E-Prime Primary Realtime Clock</Description><StartTime><Timestamp dt:dt=""int"">0</Timestamp><DateUtc dt:dt=""string"">2021-08-22T17:54:23Z</DateUtc></StartTime><FrequencyChanges><FrequencyChange><Frequency dt:dt=""r8"">10000000</Frequency><Timestamp dt:dt=""r8"">13751062443343</Timestamp><Current dt:dt=""r8"">0</Current><DateUtc dt:dt=""string"">2021-08-22T17:54:23Z</DateUtc></FrequencyChange></FrequencyChanges></Clock>\n",S,SL003_FCS6AA,6,1.0.0.262,1,143.998,-1420154225,Full,3.0.3.80,3.0.3.80,8/22/21,8/22/21 17:54,12:54:23,3.0.3.82,Keyboard,A,Keyboard,-999999,15,27870,0,1,1,1,1,BlockProc,BlockList,91,122,1,382.8695652,1,,,1500,,0.923076923,439.9285714,TrialProc,TrialList,flankerCL.jpg,1,1,Keyboard,2,7,213565,159,1,362,213927,5,1,91,Cong
FC,3,1,A,"<?xml version=""1.0""?>\n<Clock xmlns:dt=""urn:schemas-microsoft-com:datatypes""><Description dt:dt=""string"">E-Prime Primary Realtime Clock</Description><StartTime><Timestamp dt:dt=""int"">0</Timestamp><DateUtc dt:dt=""string"">2021-08-22T17:54:23Z</DateUtc></StartTime><FrequencyChanges><FrequencyChange><Frequency dt:dt=""r8"">10000000</Frequency><Timestamp dt:dt=""r8"">13751062443343</Timestamp><Current dt:dt=""r8"">0</Current><DateUtc dt:dt=""string"">2021-08-22T17:54:23Z</DateUtc></FrequencyChange></FrequencyChanges></Clock>\n",S,SL003_FCS6AA,6,1.0.0.262,1,143.998,-1420154225,Full,3.0.3.80,3.0.3.80,8/22/21,8/22/21 17:54,12:54:23,3.0.3.82,Keyboard,A,Keyboard,-999999,15,27870,0,1,1,1,1,BlockProc,BlockList,92,222,,,1,0.826086957,,1500,,0.913043478,,TrialProc,TrialList,flankerIL.jpg,0,1,Keyboard,2,7,215231,160,4,483,215714,11,1,92,Incon
FC,3,1,A,"<?xml version=""1.0""?>\n<Clock xmlns:dt=""urn:schemas-microsoft-com:datatypes""><Description dt:dt=""string"">E-Prime Primary Realtime Clock</Description><StartTime><Timestamp dt:dt=""int"">0</Timestamp><DateUtc dt:dt=""string"">2021-08-22T17:54:23Z</DateUtc></StartTime><FrequencyChanges><FrequencyChange><Frequency dt:dt=""r8"">10000000</Frequency><Timestamp dt:dt=""r8"">13751062443343</Timestamp><Current dt:dt=""r8"">0</Current><DateUtc dt:dt=""string"">2021-08-22T17:54:23Z</DateUtc></FrequencyChange></FrequencyChanges></Clock>\n",S,SL003_FCS6AA,6,1.0.0.262,1,143.998,-1420154225,Full,3.0.3.80,3.0.3.80,8/22/21,8/22/21 17:54,12:54:23,3.0.3.82,Keyboard,A,Keyboard,-999999,15,27870,0,1,1,1,1,BlockProc,BlockList,93,122,1,390.3404255,1,,,1500,,0.913978495,443.3882353,TrialProc,TrialList,flankerCL.jpg,1,1,Keyboard,2,7,216898,160,1,734,217632,5,1,93,Cong
FC,3,1,A,"<?xml version=""1.0""?>\n<Clock xmlns:dt=""urn:schemas-microsoft-com:datatypes""><Description dt:dt=""string"">E-Prime Primary Realtime Clock</Description><StartTime><Timestamp dt:dt=""int"">0</Timestamp><DateUtc dt:dt=""string"">2021-08-22T17:54:23Z</DateUtc></StartTime><FrequencyChanges><FrequencyChange><Frequency dt:dt=""r8"">10000000</Frequency><Timestamp dt:dt=""r8"">13751062443343</Timestamp><Current dt:dt=""r8"">0</Current><DateUtc dt:dt=""string"">2021-08-22T17:54:23Z</DateUtc></FrequencyChange></FrequencyChanges></Clock>\n",S,SL003_FCS6AA,6,1.0.0.262,1,143.998,-1420154225,Full,3.0.3.80,3.0.3.80,8/22/21,8/22/21 17:54,12:54:23,3.0.3.82,Keyboard,A,Keyboard,-999999,15,27870,0,1,1,1,1,BlockProc,BlockList,94,212,,,4,0.829787234,519.3333333,1500,,0.914893617,448.8372093,TrialProc,TrialList,flankerIR.jpg,1,4,Keyboard,2,7,218565,159,4,912,219477,8,1,94,Incon
FC,3,1,A,"<?xml version=""1.0""?>\n<Clock xmlns:dt=""urn:schemas-microsoft-com:datatypes""><Description dt:dt=""string"">E-Prime Primary Realtime Clock</Description><StartTime><Timestamp dt:dt=""int"">0</Timestamp><DateUtc dt:dt=""string"">2021-08-22T17:54:23Z</DateUtc></StartTime><FrequencyChanges><FrequencyChange><Frequency dt:dt=""r8"">10000000</Frequency><Timestamp dt:dt=""r8"">13751062443343</Timestamp><Current dt:dt=""r8"">0</Current><DateUtc dt:dt=""string"">2021-08-22T17:54:23Z</DateUtc></FrequencyChange></FrequencyChanges></Clock>\n",S,SL003_FCS6AA,6,1.0.0.262,1,143.998,-1420154225,Full,3.0.3.80,3.0.3.80,8/22/21,8/22/21 17:54,12:54:23,3.0.3.82,Keyboard,A,Keyboard,-999999,15,27870,0,1,1,1,1,BlockProc,BlockList,95,121,1,391.1875,1,,,1302,,0.915789474,448.6321839,TrialProc,TrialList,flankerCL.jpg,1,1,Keyboard,2,7,220231,160,1,431,220662,4,1,95,Cong
FC,3,1,A,"<?xml version=""1.0""?>\n<Clock xmlns:dt=""urn:schemas-microsoft-com:datatypes""><Description dt:dt=""string"">E-Prime Primary Realtime Clock</Description><StartTime><Timestamp dt:dt=""int"">0</Timestamp><DateUtc dt:dt=""string"">2021-08-22T17:54:23Z</DateUtc></StartTime><FrequencyChanges><FrequencyChange><Frequency dt:dt=""r8"">10000000</Frequency><Timestamp dt:dt=""r8"">13751062443343</Timestamp><Current dt:dt=""r8"">0</Current><DateUtc dt:dt=""string"">2021-08-22T17:54:23Z</DateUtc></FrequencyChange></FrequencyChanges></Clock>\n",S,SL003_FCS6AA,6,1.0.0.262,1,143.998,-1420154225,Full,3.0.3.80,3.0.3.80,8/22/21,8/22/21 17:54,12:54:23,3.0.3.82,Keyboard,A,Keyboard,-999999,15,27870,0,1,1,1,1,BlockProc,BlockList,96,223,,,1,0.833333333,516.875,1698,,0.916666667,448.3181818,TrialProc,TrialList,flankerIL.jpg,1,1,Keyboard,3,10,221703,160,1,421,222124,12,1,96,Incon