C:\Users\pindus\Desktop\SITLess_Data\EXP2\COG\POST\FC\SL003\SL003_FCS7AB.edat3,,,,,,,,,,,,,,,,,,,,,,,,,,,,,,,,,,,,,,,,,,,,,,,,,,,,,,,,,,
ExperimentName,Subject,Session,BlockID,Clock.Information,CogSeq,DataFile.Basename,Day,ExperimentVersion,Group,Participant.RefreshRate,RandomSeed,RuntimeCapabilities,RuntimeVersion,RuntimeVersionExpected,SessionDate,SessionStartDateTimeUtc,SessionTime,StudioVersion,ThankYou.DEVICE,Timing,Welcome.DEVICE,Welcome.DurationError,Welcome.OnsetDelay,Welcome.OnsetTime,Welcome.OnsetToOnsetTime,Block,BlockList,BlockList.Cycle,BlockList.Sample,Procedure[Block],Running[Block],Trial,Condition,CongAcc,CongRT,CorrectAnswer,InconAcc,InconRT,ITI,OverallACC,OverallRT,Procedure[Trial],Running[Trial],Stimulus,Stimulus.ACC,Stimulus.CRESP,Stimulus.DEVICE,Stimulus.DurationError,Stimulus.OnsetDelay,Stimulus.OnsetTime,Stimulus.OnsetToOnsetTime,Stimulus.RESP,Stimulus.RT,Stimulus.RTTime,TrialList,TrialList.Cycle,TrialList.Sample,TrialType
FC,3,1,B,"<?xml version=""1.0""?>\n<Clock xmlns:dt=""urn:schemas-microsoft-com:datatypes""><Description dt:dt=""string"">E-Prime Primary Realtime Clock</Description><StartTime><Timestamp dt:dt=""int"">0</Timestamp><DateUtc dt:dt=""string"">2021-08-28T17:32:14Z</DateUtc></StartTime><FrequencyChanges><FrequencyChange><Frequency dt:dt=""r8"">10000000</Frequency><Timestamp dt:dt=""r8"">18921723877923</Timestamp><Current dt:dt=""r8"">0</Current><DateUtc dt:dt=""string"">2021-08-28T17:32:14Z</DateUtc></FrequencyChange></FrequencyChanges></Clock>\n",S,SL003_FCS7AB,7,1.0.0.262,1,143.973,-1899437437,Full,3.0.3.80,3.0.3.80,8/28/21,8/28/21 17:32,12:32:15,3.0.3.82,Keyboard,A,Keyboard,-999999,16,11715,0,1,1,1,1,BlockProc,BlockList,1,221,,,1,1,672,1302,1,672,TrialProc,TrialList,flankerIL.jpg,1,1,Keyboard,2,31,46610,160,1,672,47282,10,1,1,Incon
FC,3,1,B,"<?xml version=""1.0""?>\n<Clock xmlns:dt=""urn:schemas-microsoft-com:datatypes""><Description dt:dt=""string"">E-Prime Primary Realtime Clock</Description><StartTime><Timestamp dt:dt=""int"">0</Timestamp><DateUtc dt:dt=""string"">2021-08-28T17:32:14Z</DateUtc></StartTime><FrequencyChanges><FrequencyChange><Frequency dt:dt=""r8"">10000000</Frequency><Timestamp dt:dt=""r8"">18921723877923</Timestamp><Current dt:dt=""r8"">0</Current><DateUtc dt:dt=""string"">2021-08-28T17:32:14Z</DateUtc></FrequencyChange></FrequencyChanges></Clock>\n",S,SL003_FCS7AB,7,1.0.0.262,1,143.973,-1899437437,Full,3.0.3.80,3.0.3.80,8/28/21,8/28/21 17:32,12:32:15,3.0.3.82,Keyboard,A,Keyboard,-999999,16,11715,0,1,1,1,1,BlockProc,BlockList,2,112,1,386,4,,,1500,1,529,TrialProc,TrialList,flankerCR.jpg,1,4,Keyboard,2,10,48082,160,4,386,48468,2,1,2,Cong
FC,3,1,B,"<?xml version=""1.0""?>\n<Clock xmlns:dt=""urn:schemas-microsoft-com:datatypes""><Description dt:dt=""string"">E-Prime Primary Realtime Clock</Description><StartTime><Timestamp dt:dt=""int"">0</Timestamp><DateUtc dt:dt=""string"">2021-08-28T17:32:14Z</DateUtc></StartTime><FrequencyChanges><FrequencyChange><Frequency dt:dt=""r8"">10000000</Frequency><Timestamp dt:dt=""r8"">18921723877923</Timestamp><Current dt:dt=""r8"">0</Current><DateUtc dt:dt=""string"">2021-08-28T17:32:14Z</DateUtc></FrequencyChange></FrequencyChanges></Clock>\n",S,SL003_FCS7AB,7,1.0.0.262,1,143.973,-1899437437,Full,3.0.3.80,3.0.3.80,8/28/21,8/28/21 17:32,12:32:15,3.0.3.82,Keyboard,A,Keyboard,-999999,16,11715,0,1,1,1,1,BlockProc,BlockList,3,113,1,331.5,4,,,1698,1,445,TrialProc,TrialList,flankerCR.jpg,1,4,Keyboard,2,7,49749,159,4,277,50026,3,1,3,Cong
FC,3,1,B,"<?xml version=""1.0""?>\n<Clock xmlns:dt=""urn:schemas-microsoft-com:datatypes""><Description dt:dt=""string"">E-Prime Primary Realtime Clock</Description><StartTime><Timestamp dt:dt=""int"">0</Timestamp><DateUtc dt:dt=""string"">2021-08-28T17:32:14Z</DateUtc></StartTime><FrequencyChanges><FrequencyChange><Frequency dt:dt=""r8"">10000000</Frequency><Timestamp dt:dt=""r8"">18921723877923</Timestamp><Current dt:dt=""r8"">0</Current><DateUtc dt:dt=""string"">2021-08-28T17:32:14Z</DateUtc></FrequencyChange></FrequencyChanges></Clock>\n",S,SL003_FCS7AB,7,1.0.0.262,1,143.973,-1899437437,Full,3.0.3.80,3.0.3.80,8/28/21,8/28/21 17:32,12:32:15,3.0.3.82,Keyboard,A,Keyboard,-999999,16,11715,0,1,1,1,1,BlockProc,BlockList,4,121,1,342,1,,,1302,1,424.5,TrialProc,TrialList,flankerCL.jpg,1,1,Keyboard,2,11,51617,159,1,363,51980,4,1,4,Cong
FC,3,1,B,"<?xml version=""1.0""?>\n<Clock xmlns:dt=""urn:schemas-microsoft-com:datatypes""><Description dt:dt=""string"">E-Prime Primary Realtime Clock</Description><StartTime><Timestamp dt:dt=""int"">0</Timestamp><DateUtc dt:dt=""string"">2021-08-28T17:32:14Z</DateUtc></StartTime><FrequencyChanges><FrequencyChange><Frequency dt:dt=""r8"">10000000</Frequency><Timestamp dt:dt=""r8"">18921723877923</Timestamp><Current dt:dt=""r8"">0</Current><DateUtc dt:dt=""string"">2021-08-28T17:32:14Z</DateUtc></FrequencyChange></FrequencyChanges></Clock>\n",S,SL003_FCS7AB,7,1.0.0.262,1,143.973,-1899437437,Full,3.0.3.80,3.0.3.80,8/28/21,8/28/21 17:32,12:32:15,3.0.3.82,Keyboard,A,Keyboard,-999999,16,11715,0,1,1,1,1,BlockProc,BlockList,5,221,,,1,1,550.5,1302,1,425.4,TrialProc,TrialList,flankerIL.jpg,1,1,Keyboard,2,11,53089,160,1,429,53518,10,1,5,Incon
FC,3,1,B,"<?xml version=""1.0""?>\n<Clock xmlns:dt=""urn:schemas-microsoft-com:datatypes""><Description dt:dt=""string"">E-Prime Primary Realtime Clock</Description><StartTime><Timestamp dt:dt=""int"">0</Timestamp><DateUtc dt:dt=""string"">2021-08-28T17:32:14Z</DateUtc></StartTime><FrequencyChanges><FrequencyChange><Frequency dt:dt=""r8"">10000000</Frequency><Timestamp dt:dt=""r8"">18921723877923</Timestamp><Current dt:dt=""r8"">0</Current><DateUtc dt:dt=""string"">2021-08-28T17:32:14Z</DateUtc></FrequencyChange></FrequencyChanges></Clock>\n",S,SL003_FCS7AB,7,1.0.0.262,1,143.973,-1899437437,Full,3.0.3.80,3.0.3.80,8/28/21,8/28/21 17:32,12:32:15,3.0.3.82,Keyboard,A,Keyboard,-999999,16,11715,0,1,1,1,1,BlockProc,BlockList,6,221,,,1,1,495.3333333,1302,1,418.6666667,TrialProc,TrialList,flankerIL.jpg,1,1,Keyboard,2,10,54561,160,1,385,54946,10,1,6,Incon
FC,3,1,B,"<?xml version=""1.0""?>\n<Clock xmlns:dt=""urn:schemas-microsoft-com:datatypes""><Description dt:dt=""string"">E-Prime Primary Realtime Clock</Description><StartTime><Timestamp dt:dt=""int"">0</Timestamp><DateUtc dt:dt=""string"">2021-08-28T17:32:14Z</DateUtc></StartTime><FrequencyChanges><FrequencyChange><Frequency dt:dt=""r8"">10000000</Frequency><Timestamp dt:dt=""r8"">18921723877923</Timestamp><Current dt:dt=""r8"">0</Current><DateUtc dt:dt=""string"">2021-08-28T17:32:14Z</DateUtc></FrequencyChange></FrequencyChanges></Clock>\n",S,SL003_FCS7AB,7,1.0.0.262,1,143.973,-1899437437,Full,3.0.3.80,3.0.3.80,8/28/21,8/28/21 17:32,12:32:15,3.0.3.82,Keyboard,A,Keyboard,-999999,16,11715,0,1,1,1,1,BlockProc,BlockList,7,112,1,343.25,4,,,1500,1,408.4285714,TrialProc,TrialList,flankerCR.jpg,1,4,Keyboard,2,10,56033,160,4,347,56380,2,1,7,Cong
FC,3,1,B,"<?xml version=""1.0""?>\n<Clock xmlns:dt=""urn:schemas-microsoft-com:datatypes""><Description dt:dt=""string"">E-Prime Primary Realtime Clock</Description><StartTime><Timestamp dt:dt=""int"">0</Timestamp><DateUtc dt:dt=""string"">2021-08-28T17:32:14Z</DateUtc></StartTime><FrequencyChanges><FrequencyChange><Frequency dt:dt=""r8"">10000000</Frequency><Timestamp dt:dt=""r8"">18921723877923</Timestamp><Current dt:dt=""r8"">0</Current><DateUtc dt:dt=""string"">2021-08-28T17:32:14Z</DateUtc></FrequencyChange></FrequencyChanges></Clock>\n",S,SL003_FCS7AB,7,1.0.0.262,1,143.973,-1899437437,Full,3.0.3.80,3.0.3.80,8/28/21,8/28/21 17:32,12:32:15,3.0.3.82,Keyboard,A,Keyboard,-999999,16,11715,0,1,1,1,1,BlockProc,BlockList,8,211,,,4,1,480.25,1302,1,411.75,TrialProc,TrialList,flankerIR.jpg,1,4,Keyboard,2,7,57700,160,4,435,58135,7,1,8,Incon
FC,3,1,B,"<?xml version=""1.0""?>\n<Clock xmlns:dt=""urn:schemas-microsoft-com:datatypes""><Description dt:dt=""string"">E-Prime Primary Realtime Clock</Description><StartTime><Timestamp dt:dt=""int"">0</Timestamp><DateUtc dt:dt=""string"">2021-08-28T17:32:14Z</DateUtc></StartTime><FrequencyChanges><FrequencyChange><Frequency dt:dt=""r8"">10000000</Frequency><Timestamp dt:dt=""r8"">18921723877923</Timestamp><Current dt:dt=""r8"">0</Current><DateUtc dt:dt=""string"">2021-08-28T17:32:14Z</DateUtc></FrequencyChange></FrequencyChanges></Clock>\n",S,SL003_FCS7AB,7,1.0.0.262,1,143.973,-1899437437,Full,3.0.3.80,3.0.3.80,8/28/21,8/28/21 17:32,12:32:15,3.0.3.82,Keyboard,A,Keyboard,-999999,16,11715,0,1,1,1,1,BlockProc,BlockList,9,122,1,343.8,1,,,1500,1,404.4444444,TrialProc,TrialList,flankerCL.jpg,1,1,Keyboard,2,10,59172,160,1,346,59518,5,1,9,Cong
FC,3,1,B,"<?xml version=""1.0""?>\n<Clock xmlns:dt=""urn:schemas-microsoft-com:datatypes""><Description dt:dt=""string"">E-Prime Primary Realtime Clock</Description><StartTime><Timestamp dt:dt=""int"">0</Timestamp><DateUtc dt:dt=""string"">2021-08-28T17:32:14Z</DateUtc></StartTime><FrequencyChanges><FrequencyChange><Frequency dt:dt=""r8"">10000000</Frequency><Timestamp dt:dt=""r8"">18921723877923</Timestamp><Current dt:dt=""r8"">0</Current><DateUtc dt:dt=""string"">2021-08-28T17:32:14Z</DateUtc></FrequencyChange></FrequencyChanges></Clock>\n",S,SL003_FCS7AB,7,1.0.0.262,1,143.973,-1899437437,Full,3.0.3.80,3.0.3.80,8/28/21,8/28/21 17:32,12:32:15,3.0.3.82,Keyboard,A,Keyboard,-999999,16,11715,0,1,1,1,1,BlockProc,BlockList,10,213,,,4,1,470.8,1698,1,407.3,TrialProc,TrialList,flankerIR.jpg,1,4,Keyboard,2,7,60839,152,4,433,61272,9,1,10,Incon
FC,3,1,B,"<?xml version=""1.0""?>\n<Clock xmlns:dt=""urn:schemas-microsoft-com:datatypes""><Description dt:dt=""string"">E-Prime Primary Realtime Clock</Description><StartTime><Timestamp dt:dt=""int"">0</Timestamp><DateUtc dt:dt=""string"">2021-08-28T17:32:14Z</DateUtc></StartTime><FrequencyChanges><FrequencyChange><Frequency dt:dt=""r8"">10000000</Frequency><Timestamp dt:dt=""r8"">18921723877923</Timestamp><Current dt:dt=""r8"">0</Current><DateUtc dt:dt=""string"">2021-08-28T17:32:14Z</DateUtc></FrequencyChange></FrequencyChanges></Clock>\n",S,SL003_FCS7AB,7,1.0.0.262,1,143.973,-1899437437,Full,3.0.3.80,3.0.3.80,8/28/21,8/28/21 17:32,12:32:15,3.0.3.82,Keyboard,A,Keyboard,-999999,16,11715,0,1,1,1,1,BlockProc,BlockList,11,113,1,335,4,,,1698,1,396.7272727,TrialProc,TrialList,flankerCR.jpg,1,4,Keyboard,2,11,62700,159,4,291,62991,3,1,11,Cong
FC,3,1,B,"<?xml version=""1.0""?>\n<Clock xmlns:dt=""urn:schemas-microsoft-com:datatypes""><Description dt:dt=""string"">E-Prime Primary Realtime Clock</Description><StartTime><Timestamp dt:dt=""int"">0</Timestamp><DateUtc dt:dt=""string"">2021-08-28T17:32:14Z</DateUtc></StartTime><FrequencyChanges><FrequencyChange><Frequency dt:dt=""r8"">10000000</Frequency><Timestamp dt:dt=""r8"">18921723877923</Timestamp><Current dt:dt=""r8"">0</Current><DateUtc dt:dt=""string"">2021-08-28T17:32:14Z</DateUtc></FrequencyChange></FrequencyChanges></Clock>\n",S,SL003_FCS7AB,7,1.0.0.262,1,143.973,-1899437437,Full,3.0.3.80,3.0.3.80,8/28/21,8/28/21 17:32,12:32:15,3.0.3.82,Keyboard,A,Keyboard,-999999,16,11715,0,1,1,1,1,BlockProc,BlockList,12,121,1,338,1,,,1302,1,393.3333333,TrialProc,TrialList,flankerCL.jpg,1,1,Keyboard,2,11,64568,159,1,356,64924,4,1,12,Cong
FC,3,1,B,"<?xml version=""1.0""?>\n<Clock xmlns:dt=""urn:schemas-microsoft-com:datatypes""><Description dt:dt=""string"">E-Prime Primary Realtime Clock</Description><StartTime><Timestamp dt:dt=""int"">0</Timestamp><DateUtc dt:dt=""string"">2021-08-28T17:32:14Z</DateUtc></StartTime><FrequencyChanges><FrequencyChange><Frequency dt:dt=""r8"">10000000</Frequency><Timestamp dt:dt=""r8"">18921723877923</Timestamp><Current dt:dt=""r8"">0</Current><DateUtc dt:dt=""string"">2021-08-28T17:32:14Z</DateUtc></FrequencyChange></FrequencyChanges></Clock>\n",S,SL003_FCS7AB,7,1.0.0.262,1,143.973,-1899437437,Full,3.0.3.80,3.0.3.80,8/28/21,8/28/21 17:32,12:32:15,3.0.3.82,Keyboard,A,Keyboard,-999999,16,11715,0,1,1,1,1,BlockProc,BlockList,13,121,1,337.125,1,,,1302,1,388.5384615,TrialProc,TrialList,flankerCL.jpg,1,1,Keyboard,2,11,66040,160,1,331,66371,4,1,13,Cong
FC,3,1,B,"<?xml version=""1.0""?>\n<Clock xmlns:dt=""urn:schemas-microsoft-com:datatypes""><Description dt:dt=""string"">E-Prime Primary Realtime Clock</Description><StartTime><Timestamp dt:dt=""int"">0</Timestamp><DateUtc dt:dt=""string"">2021-08-28T17:32:14Z</DateUtc></StartTime><FrequencyChanges><FrequencyChange><Frequency dt:dt=""r8"">10000000</Frequency><Timestamp dt:dt=""r8"">18921723877923</Timestamp><Current dt:dt=""r8"">0</Current><DateUtc dt:dt=""string"">2021-08-28T17:32:14Z</DateUtc></FrequencyChange></FrequencyChanges></Clock>\n",S,SL003_FCS7AB,7,1.0.0.262,1,143.973,-1899437437,Full,3.0.3.80,3.0.3.80,8/28/21,8/28/21 17:32,12:32:15,3.0.3.82,Keyboard,A,Keyboard,-999999,16,11715,0,1,1,1,1,BlockProc,BlockList,14,221,,,1,1,458.6666667,1302,1,389.2142857,TrialProc,TrialList,flankerIL.jpg,1,1,Keyboard,2,10,67512,160,1,398,67910,10,1,14,Incon
FC,3,1,B,"<?xml version=""1.0""?>\n<Clock xmlns:dt=""urn:schemas-microsoft-com:datatypes""><Description dt:dt=""string"">E-Prime Primary Realtime Clock</Description><StartTime><Timestamp dt:dt=""int"">0</Timestamp><DateUtc dt:dt=""string"">2021-08-28T17:32:14Z</DateUtc></StartTime><FrequencyChanges><FrequencyChange><Frequency dt:dt=""r8"">10000000</Frequency><Timestamp dt:dt=""r8"">18921723877923</Timestamp><Current dt:dt=""r8"">0</Current><DateUtc dt:dt=""string"">2021-08-28T17:32:14Z</DateUtc></FrequencyChange></FrequencyChanges></Clock>\n",S,SL003_FCS7AB,7,1.0.0.262,1,143.973,-1899437437,Full,3.0.3.80,3.0.3.80,8/28/21,8/28/21 17:32,12:32:15,3.0.3.82,Keyboard,A,Keyboard,-999999,16,11715,0,1,1,1,1,BlockProc,BlockList,15,221,,,1,1,455.4285714,1302,1,392.3333333,TrialProc,TrialList,flankerIL.jpg,1,1,Keyboard,3,10,68984,160,1,436,69420,10,1,15,Incon
FC,3,1,B,"<?xml version=""1.0""?>\n<Clock xmlns:dt=""urn:schemas-microsoft-com:datatypes""><Description dt:dt=""string"">E-Prime Primary Realtime Clock</Description><StartTime><Timestamp dt:dt=""int"">0</Timestamp><DateUtc dt:dt=""string"">2021-08-28T17:32:14Z</DateUtc></StartTime><FrequencyChanges><FrequencyChange><Frequency dt:dt=""r8"">10000000</Frequency><Timestamp dt:dt=""r8"">18921723877923</Timestamp><Current dt:dt=""r8"">0</Current><DateUtc dt:dt=""string"">2021-08-28T17:32:14Z</DateUtc></FrequencyChange></FrequencyChanges></Clock>\n",S,SL003_FCS7AB,7,1.0.0.262,1,143.973,-1899437437,Full,3.0.3.80,3.0.3.80,8/28/21,8/28/21 17:32,12:32:15,3.0.3.82,Keyboard,A,Keyboard,-999999,16,11715,0,1,1,1,1,BlockProc,BlockList,16,111,1,343.4444444,4,,,1302,1,392.4375,TrialProc,TrialList,flankerCR.jpg,1,4,Keyboard,3,10,70456,160,4,394,70850,1,1,16,Cong
FC,3,1,B,"<?xml version=""1.0""?>\n<Clock xmlns:dt=""urn:schemas-microsoft-com:datatypes""><Description dt:dt=""string"">E-Prime Primary Realtime Clock</Description><StartTime><Timestamp dt:dt=""int"">0</Timestamp><DateUtc dt:dt=""string"">2021-08-28T17:32:14Z</DateUtc></StartTime><FrequencyChanges><FrequencyChange><Frequency dt:dt=""r8"">10000000</Frequency><Timestamp dt:dt=""r8"">18921723877923</Timestamp><Current dt:dt=""r8"">0</Current><DateUtc dt:dt=""string"">2021-08-28T17:32:14Z</DateUtc></FrequencyChange></FrequencyChanges></Clock>\n",S,SL003_FCS7AB,7,1.0.0.262,1,143.973,-1899437437,Full,3.0.3.80,3.0.3.80,8/28/21,8/28/21 17:32,12:32:15,3.0.3.82,Keyboard,A,Keyboard,-999999,16,11715,0,1,1,1,1,BlockProc,BlockList,17,212,,,4,1,457.375,1500,1,397.0588235,TrialProc,TrialList,flankerIR.jpg,1,4,Keyboard,2,11,71929,159,4,471,72400,8,1,17,Incon
FC,3,1,B,"<?xml version=""1.0""?>\n<Clock xmlns:dt=""urn:schemas-microsoft-com:datatypes""><Description dt:dt=""string"">E-Prime Primary Realtime Clock</Description><StartTime><Timestamp dt:dt=""int"">0</Timestamp><DateUtc dt:dt=""string"">2021-08-28T17:32:14Z</DateUtc></StartTime><FrequencyChanges><FrequencyChange><Frequency dt:dt=""r8"">10000000</Frequency><Timestamp dt:dt=""r8"">18921723877923</Timestamp><Current dt:dt=""r8"">0</Current><DateUtc dt:dt=""string"">2021-08-28T17:32:14Z</DateUtc></FrequencyChange></FrequencyChanges></Clock>\n",S,SL003_FCS7AB,7,1.0.0.262,1,143.973,-1899437437,Full,3.0.3.80,3.0.3.80,8/28/21,8/28/21 17:32,12:32:15,3.0.3.82,Keyboard,A,Keyboard,-999999,16,11715,0,1,1,1,1,BlockProc,BlockList,18,222,,,1,0.888888889,,1500,0.944444444,,TrialProc,TrialList,flankerIL.jpg,0,1,Keyboard,2,7,73595,160,4,361,73956,11,1,18,Incon
FC,3,1,B,"<?xml version=""1.0""?>\n<Clock xmlns:dt=""urn:schemas-microsoft-com:datatypes""><Description dt:dt=""string"">E-Prime Primary Realtime Clock</Description><StartTime><Timestamp dt:dt=""int"">0</Timestamp><DateUtc dt:dt=""string"">2021-08-28T17:32:14Z</DateUtc></StartTime><FrequencyChanges><FrequencyChange><Frequency dt:dt=""r8"">10000000</Frequency><Timestamp dt:dt=""r8"">18921723877923</Timestamp><Current dt:dt=""r8"">0</Current><DateUtc dt:dt=""string"">2021-08-28T17:32:14Z</DateUtc></FrequencyChange></FrequencyChanges></Clock>\n",S,SL003_FCS7AB,7,1.0.0.262,1,143.973,-1899437437,Full,3.0.3.80,3.0.3.80,8/28/21,8/28/21 17:32,12:32:15,3.0.3.82,Keyboard,A,Keyboard,-999999,16,11715,0,1,1,1,1,BlockProc,BlockList,19,113,1,338.9,4,,,1698,0.947368421,391.5555556,TrialProc,TrialList,flankerCR.jpg,1,4,Keyboard,2,7,75262,159,4,298,75560,3,1,19,Cong
FC,3,1,B,"<?xml version=""1.0""?>\n<Clock xmlns:dt=""urn:schemas-microsoft-com:datatypes""><Description dt:dt=""string"">E-Prime Primary Realtime Clock</Description><StartTime><Timestamp dt:dt=""int"">0</Timestamp><DateUtc dt:dt=""string"">2021-08-28T17:32:14Z</DateUtc></StartTime><FrequencyChanges><FrequencyChange><Frequency dt:dt=""r8"">10000000</Frequency><Timestamp dt:dt=""r8"">18921723877923</Timestamp><Current dt:dt=""r8"">0</Current><DateUtc dt:dt=""string"">2021-08-28T17:32:14Z</DateUtc></FrequencyChange></FrequencyChanges></Clock>\n",S,SL003_FCS7AB,7,1.0.0.262,1,143.973,-1899437437,Full,3.0.3.80,3.0.3.80,8/28/21,8/28/21 17:32,12:32:15,3.0.3.82,Keyboard,A,Keyboard,-999999,16,11715,0,1,1,1,1,BlockProc,BlockList,20,221,,,1,0.9,453.6666667,1302,0.95,393.2631579,TrialProc,TrialList,flankerIL.jpg,1,1,Keyboard,2,11,77130,159,1,424,77554,10,1,20,Incon
FC,3,1,B,"<?xml version=""1.0""?>\n<Clock xmlns:dt=""urn:schemas-microsoft-com:datatypes""><Description dt:dt=""string"">E-Prime Primary Realtime Clock</Description><StartTime><Timestamp dt:dt=""int"">0</Timestamp><DateUtc dt:dt=""string"">2021-08-28T17:32:14Z</DateUtc></StartTime><FrequencyChanges><FrequencyChange><Frequency dt:dt=""r8"">10000000</Frequency><Timestamp dt:dt=""r8"">18921723877923</Timestamp><Current dt:dt=""r8"">0</Current><DateUtc dt:dt=""string"">2021-08-28T17:32:14Z</DateUtc></FrequencyChange></FrequencyChanges></Clock>\n",S,SL003_FCS7AB,7,1.0.0.262,1,143.973,-1899437437,Full,3.0.3.80,3.0.3.80,8/28/21,8/28/21 17:32,12:32:15,3.0.3.82,Keyboard,A,Keyboard,-999999,16,11715,0,1,1,1,1,BlockProc,BlockList,21,112,1,339.0909091,4,,,1500,0.952380952,390.65,TrialProc,TrialList,flankerCR.jpg,1,4,Keyboard,2,11,78602,160,4,341,78943,2,1,21,Cong
FC,3,1,B,"<?xml version=""1.0""?>\n<Clock xmlns:dt=""urn:schemas-microsoft-com:datatypes""><Description dt:dt=""string"">E-Prime Primary Realtime Clock</Description><StartTime><Timestamp dt:dt=""int"">0</Timestamp><DateUtc dt:dt=""string"">2021-08-28T17:32:14Z</DateUtc></StartTime><FrequencyChanges><FrequencyChange><Frequency dt:dt=""r8"">10000000</Frequency><Timestamp dt:dt=""r8"">18921723877923</Timestamp><Current dt:dt=""r8"">0</Current><DateUtc dt:dt=""string"">2021-08-28T17:32:14Z</DateUtc></FrequencyChange></FrequencyChanges></Clock>\n",S,SL003_FCS7AB,7,1.0.0.262,1,143.973,-1899437437,Full,3.0.3.80,3.0.3.80,8/28/21,8/28/21 17:32,12:32:15,3.0.3.82,Keyboard,A,Keyboard,-999999,16,11715,0,1,1,1,1,BlockProc,BlockList,22,121,1,338.25,1,,,1302,0.954545455,387.7142857,TrialProc,TrialList,flankerCL.jpg,1,1,Keyboard,2,7,80269,152,1,329,80598,4,1,22,Cong
FC,3,1,B,"<?xml version=""1.0""?>\n<Clock xmlns:dt=""urn:schemas-microsoft-com:datatypes""><Description dt:dt=""string"">E-Prime Primary Realtime Clock</Description><StartTime><Timestamp dt:dt=""int"">0</Timestamp><DateUtc dt:dt=""string"">2021-08-28T17:32:14Z</DateUtc></StartTime><FrequencyChanges><FrequencyChange><Frequency dt:dt=""r8"">10000000</Frequency><Timestamp dt:dt=""r8"">18921723877923</Timestamp><Current dt:dt=""r8"">0</Current><DateUtc dt:dt=""string"">2021-08-28T17:32:14Z</DateUtc></FrequencyChange></FrequencyChanges></Clock>\n",S,SL003_FCS7AB,7,1.0.0.262,1,143.973,-1899437437,Full,3.0.3.80,3.0.3.80,8/28/21,8/28/21 17:32,12:32:15,3.0.3.82,Keyboard,A,Keyboard,-999999,16,11715,0,1,1,1,1,BlockProc,BlockList,23,223,,,1,0.909090909,459.1,1698,0.956521739,393.1818182,TrialProc,TrialList,flankerIL.jpg,1,1,Keyboard,2,11,81734,159,1,508,82242,12,1,23,Incon
FC,3,1,B,"<?xml version=""1.0""?>\n<Clock xmlns:dt=""urn:schemas-microsoft-com:datatypes""><Description dt:dt=""string"">E-Prime Primary Realtime Clock</Description><StartTime><Timestamp dt:dt=""int"">0</Timestamp><DateUtc dt:dt=""string"">2021-08-28T17:32:14Z</DateUtc></StartTime><FrequencyChanges><FrequencyChange><Frequency dt:dt=""r8"">10000000</Frequency><Timestamp dt:dt=""r8"">18921723877923</Timestamp><Current dt:dt=""r8"">0</Current><DateUtc dt:dt=""string"">2021-08-28T17:32:14Z</DateUtc></FrequencyChange></FrequencyChanges></Clock>\n",S,SL003_FCS7AB,7,1.0.0.262,1,143.973,-1899437437,Full,3.0.3.80,3.0.3.80,8/28/21,8/28/21 17:32,12:32:15,3.0.3.82,Keyboard,A,Keyboard,-999999,16,11715,0,1,1,1,1,BlockProc,BlockList,24,123,1,336.7692308,1,,,1698,0.958333333,389.9565217,TrialProc,TrialList,flankerCL.jpg,1,1,Keyboard,2,11,83602,159,1,319,83921,6,1,24,Cong
FC,3,1,B,"<?xml version=""1.0""?>\n<Clock xmlns:dt=""urn:schemas-microsoft-com:datatypes""><Description dt:dt=""string"">E-Prime Primary Realtime Clock</Description><StartTime><Timestamp dt:dt=""int"">0</Timestamp><DateUtc dt:dt=""string"">2021-08-28T17:32:14Z</DateUtc></StartTime><FrequencyChanges><FrequencyChange><Frequency dt:dt=""r8"">10000000</Frequency><Timestamp dt:dt=""r8"">18921723877923</Timestamp><Current dt:dt=""r8"">0</Current><DateUtc dt:dt=""string"">2021-08-28T17:32:14Z</DateUtc></FrequencyChange></FrequencyChanges></Clock>\n",S,SL003_FCS7AB,7,1.0.0.262,1,143.973,-1899437437,Full,3.0.3.80,3.0.3.80,8/28/21,8/28/21 17:32,12:32:15,3.0.3.82,Keyboard,A,Keyboard,-999999,16,11715,0,1,1,1,1,BlockProc,BlockList,25,113,1,341.9285714,4,,,1698,0.96,390.75,TrialProc,TrialList,flankerCR.jpg,1,4,Keyboard,2,11,85470,159,4,409,85879,3,1,25,Cong
FC,3,1,B,"<?xml version=""1.0""?>\n<Clock xmlns:dt=""urn:schemas-microsoft-com:datatypes""><Description dt:dt=""string"">E-Prime Primary Realtime Clock</Description><StartTime><Timestamp dt:dt=""int"">0</Timestamp><DateUtc dt:dt=""string"">2021-08-28T17:32:14Z</DateUtc></StartTime><FrequencyChanges><FrequencyChange><Frequency dt:dt=""r8"">10000000</Frequency><Timestamp dt:dt=""r8"">18921723877923</Timestamp><Current dt:dt=""r8"">0</Current><DateUtc dt:dt=""string"">2021-08-28T17:32:14Z</DateUtc></FrequencyChange></FrequencyChanges></Clock>\n",S,SL003_FCS7AB,7,1.0.0.262,1,143.973,-1899437437,Full,3.0.3.80,3.0.3.80,8/28/21,8/28/21 17:32,12:32:15,3.0.3.82,Keyboard,A,Keyboard,-999999,16,11715,0,1,1,1,1,BlockProc,BlockList,26,211,,,4,0.916666667,466.9090909,1302,0.961538462,396.92,TrialProc,TrialList,flankerIR.jpg,1,4,Keyboard,2,11,87338,159,4,545,87883,7,1,26,Incon
FC,3,1,B,"<?xml version=""1.0""?>\n<Clock xmlns:dt=""urn:schemas-microsoft-com:datatypes""><Description dt:dt=""string"">E-Prime Primary Realtime Clock</Description><StartTime><Timestamp dt:dt=""int"">0</Timestamp><DateUtc dt:dt=""string"">2021-08-28T17:32:14Z</DateUtc></StartTime><FrequencyChanges><FrequencyChange><Frequency dt:dt=""r8"">10000000</Frequency><Timestamp dt:dt=""r8"">18921723877923</Timestamp><Current dt:dt=""r8"">0</Current><DateUtc dt:dt=""string"">2021-08-28T17:32:14Z</DateUtc></FrequencyChange></FrequencyChanges></Clock>\n",S,SL003_FCS7AB,7,1.0.0.262,1,143.973,-1899437437,Full,3.0.3.80,3.0.3.80,8/28/21,8/28/21 17:32,12:32:15,3.0.3.82,Keyboard,A,Keyboard,-999999,16,11715,0,1,1,1,1,BlockProc,BlockList,27,222,,,1,0.923076923,477.5833333,1500,0.962962963,404.5384615,TrialProc,TrialList,flankerIL.jpg,1,1,Keyboard,2,11,88810,160,1,595,89405,11,1,27,Incon
FC,3,1,B,"<?xml version=""1.0""?>\n<Clock xmlns:dt=""urn:schemas-microsoft-com:datatypes""><Description dt:dt=""string"">E-Prime Primary Realtime Clock</Description><StartTime><Timestamp dt:dt=""int"">0</Timestamp><DateUtc dt:dt=""string"">2021-08-28T17:32:14Z</DateUtc></StartTime><FrequencyChanges><FrequencyChange><Frequency dt:dt=""r8"">10000000</Frequency><Timestamp dt:dt=""r8"">18921723877923</Timestamp><Current dt:dt=""r8"">0</Current><DateUtc dt:dt=""string"">2021-08-28T17:32:14Z</DateUtc></FrequencyChange></FrequencyChanges></Clock>\n",S,SL003_FCS7AB,7,1.0.0.262,1,143.973,-1899437437,Full,3.0.3.80,3.0.3.80,8/28/21,8/28/21 17:32,12:32:15,3.0.3.82,Keyboard,A,Keyboard,-999999,16,11715,0,1,1,1,1,BlockProc,BlockList,28,111,1,346.6,4,,,1302,0.964285714,404.8148148,TrialProc,TrialList,flankerCR.jpg,1,4,Keyboard,3,6,90476,160,4,412,90888,1,1,28,Cong
FC,3,1,B,"<?xml version=""1.0""?>\n<Clock xmlns:dt=""urn:schemas-microsoft-com:datatypes""><Description dt:dt=""string"">E-Prime Primary Realtime Clock</Description><StartTime><Timestamp dt:dt=""int"">0</Timestamp><DateUtc dt:dt=""string"">2021-08-28T17:32:14Z</DateUtc></StartTime><FrequencyChanges><FrequencyChange><Frequency dt:dt=""r8"">10000000</Frequency><Timestamp dt:dt=""r8"">18921723877923</Timestamp><Current dt:dt=""r8"">0</Current><DateUtc dt:dt=""string"">2021-08-28T17:32:14Z</DateUtc></FrequencyChange></FrequencyChanges></Clock>\n",S,SL003_FCS7AB,7,1.0.0.262,1,143.973,-1899437437,Full,3.0.3.80,3.0.3.80,8/28/21,8/28/21 17:32,12:32:15,3.0.3.82,Keyboard,A,Keyboard,-999999,16,11715,0,1,1,1,1,BlockProc,BlockList,29,123,1,352.4375,1,,,1698,0.965517241,406.0714286,TrialProc,TrialList,flankerCL.jpg,1,1,Keyboard,2,11,91949,159,1,440,92389,6,1,29,Cong
FC,3,1,B,"<?xml version=""1.0""?>\n<Clock xmlns:dt=""urn:schemas-microsoft-com:datatypes""><Description dt:dt=""string"">E-Prime Primary Realtime Clock</Description><StartTime><Timestamp dt:dt=""int"">0</Timestamp><DateUtc dt:dt=""string"">2021-08-28T17:32:14Z</DateUtc></StartTime><FrequencyChanges><FrequencyChange><Frequency dt:dt=""r8"">10000000</Frequency><Timestamp dt:dt=""r8"">18921723877923</Timestamp><Current dt:dt=""r8"">0</Current><DateUtc dt:dt=""string"">2021-08-28T17:32:14Z</DateUtc></FrequencyChange></FrequencyChanges></Clock>\n",S,SL003_FCS7AB,7,1.0.0.262,1,143.973,-1899437437,Full,3.0.3.80,3.0.3.80,8/28/21,8/28/21 17:32,12:32:15,3.0.3.82,Keyboard,A,Keyboard,-999999,16,11715,0,1,1,1,1,BlockProc,BlockList,30,123,1,351.6470588,1,,,1698,0.966666667,403.7586207,TrialProc,TrialList,flankerCL.jpg,1,1,Keyboard,2,11,93817,159,1,339,94156,6,1,30,Cong
FC,3,1,B,"<?xml version=""1.0""?>\n<Clock xmlns:dt=""urn:schemas-microsoft-com:datatypes""><Description dt:dt=""string"">E-Prime Primary Realtime Clock</Description><StartTime><Timestamp dt:dt=""int"">0</Timestamp><DateUtc dt:dt=""string"">2021-08-28T17:32:14Z</DateUtc></StartTime><FrequencyChanges><FrequencyChange><Frequency dt:dt=""r8"">10000000</Frequency><Timestamp dt:dt=""r8"">18921723877923</Timestamp><Current dt:dt=""r8"">0</Current><DateUtc dt:dt=""string"">2021-08-28T17:32:14Z</DateUtc></FrequencyChange></FrequencyChanges></Clock>\n",S,SL003_FCS7AB,7,1.0.0.262,1,143.973,-1899437437,Full,3.0.3.80,3.0.3.80,8/28/21,8/28/21 17:32,12:32:15,3.0.3.82,Keyboard,A,Keyboard,-999999,16,11715,0,1,1,1,1,BlockProc,BlockList,31,223,,,1,0.928571429,471,1698,0.967741935,403.3666667,TrialProc,TrialList,flankerIL.jpg,1,1,Keyboard,2,11,95685,159,1,392,96077,12,1,31,Incon
FC,3,1,B,"<?xml version=""1.0""?>\n<Clock xmlns:dt=""urn:schemas-microsoft-com:datatypes""><Description dt:dt=""string"">E-Prime Primary Realtime Clock</Description><StartTime><Timestamp dt:dt=""int"">0</Timestamp><DateUtc dt:dt=""string"">2021-08-28T17:32:14Z</DateUtc></StartTime><FrequencyChanges><FrequencyChange><Frequency dt:dt=""r8"">10000000</Frequency><Timestamp dt:dt=""r8"">18921723877923</Timestamp><Current dt:dt=""r8"">0</Current><DateUtc dt:dt=""string"">2021-08-28T17:32:14Z</DateUtc></FrequencyChange></FrequencyChanges></Clock>\n",S,SL003_FCS7AB,7,1.0.0.262,1,143.973,-1899437437,Full,3.0.3.80,3.0.3.80,8/28/21,8/28/21 17:32,12:32:15,3.0.3.82,Keyboard,A,Keyboard,-999999,16,11715,0,1,1,1,1,BlockProc,BlockList,32,111,1,350.6111111,4,,,1302,0.96875,401.0967742,TrialProc,TrialList,flankerCR.jpg,1,4,Keyboard,2,11,97553,159,4,333,97886,1,1,32,Cong
FC,3,1,B,"<?xml version=""1.0""?>\n<Clock xmlns:dt=""urn:schemas-microsoft-com:datatypes""><Description dt:dt=""string"">E-Prime Primary Realtime Clock</Description><StartTime><Timestamp dt:dt=""int"">0</Timestamp><DateUtc dt:dt=""string"">2021-08-28T17:32:14Z</DateUtc></StartTime><FrequencyChanges><FrequencyChange><Frequency dt:dt=""r8"">10000000</Frequency><Timestamp dt:dt=""r8"">18921723877923</Timestamp><Current dt:dt=""r8"">0</Current><DateUtc dt:dt=""string"">2021-08-28T17:32:14Z</DateUtc></FrequencyChange></FrequencyChanges></Clock>\n",S,SL003_FCS7AB,7,1.0.0.262,1,143.973,-1899437437,Full,3.0.3.80,3.0.3.80,8/28/21,8/28/21 17:32,12:32:15,3.0.3.82,Keyboard,A,Keyboard,-999999,16,11715,0,1,1,1,1,BlockProc,BlockList,33,212,,,4,0.933333333,469.1428571,1500,0.96969697,402.46875,TrialProc,TrialList,flankerIR.jpg,1,4,Keyboard,2,11,99025,160,4,445,99470,8,1,33,Incon
FC,3,1,B,"<?xml version=""1.0""?>\n<Clock xmlns:dt=""urn:schemas-microsoft-com:datatypes""><Description dt:dt=""string"">E-Prime Primary Realtime Clock</Description><StartTime><Timestamp dt:dt=""int"">0</Timestamp><DateUtc dt:dt=""string"">2021-08-28T17:32:14Z</DateUtc></StartTime><FrequencyChanges><FrequencyChange><Frequency dt:dt=""r8"">10000000</Frequency><Timestamp dt:dt=""r8"">18921723877923</Timestamp><Current dt:dt=""r8"">0</Current><DateUtc dt:dt=""string"">2021-08-28T17:32:14Z</DateUtc></FrequencyChange></FrequencyChanges></Clock>\n",S,SL003_FCS7AB,7,1.0.0.262,1,143.973,-1899437437,Full,3.0.3.80,3.0.3.80,8/28/21,8/28/21 17:32,12:32:15,3.0.3.82,Keyboard,A,Keyboard,-999999,16,11715,0,1,1,1,1,BlockProc,BlockList,34,222,,,1,0.9375,469.8666667,1500,0.970588235,404.8181818,TrialProc,TrialList,flankerIL.jpg,1,1,Keyboard,3,6,100691,160,1,480,101171,11,1,34,Incon
FC,3,1,B,"<?xml version=""1.0""?>\n<Clock xmlns:dt=""urn:schemas-microsoft-com:datatypes""><Description dt:dt=""string"">E-Prime Primary Realtime Clock</Description><StartTime><Timestamp dt:dt=""int"">0</Timestamp><DateUtc dt:dt=""string"">2021-08-28T17:32:14Z</DateUtc></StartTime><FrequencyChanges><FrequencyChange><Frequency dt:dt=""r8"">10000000</Frequency><Timestamp dt:dt=""r8"">18921723877923</Timestamp><Current dt:dt=""r8"">0</Current><DateUtc dt:dt=""string"">2021-08-28T17:32:14Z</DateUtc></FrequencyChange></FrequencyChanges></Clock>\n",S,SL003_FCS7AB,7,1.0.0.262,1,143.973,-1899437437,Full,3.0.3.80,3.0.3.80,8/28/21,8/28/21 17:32,12:32:15,3.0.3.82,Keyboard,A,Keyboard,-999999,16,11715,0,1,1,1,1,BlockProc,BlockList,35,213,,,4,0.941176471,469.0625,1698,0.971428571,406.3529412,TrialProc,TrialList,flankerIR.jpg,1,4,Keyboard,2,7,102358,160,4,457,102815,9,1,35,Incon
FC,3,1,B,"<?xml version=""1.0""?>\n<Clock xmlns:dt=""urn:schemas-microsoft-com:datatypes""><Description dt:dt=""string"">E-Prime Primary Realtime Clock</Description><StartTime><Timestamp dt:dt=""int"">0</Timestamp><DateUtc dt:dt=""string"">2021-08-28T17:32:14Z</DateUtc></StartTime><FrequencyChanges><FrequencyChange><Frequency dt:dt=""r8"">10000000</Frequency><Timestamp dt:dt=""r8"">18921723877923</Timestamp><Current dt:dt=""r8"">0</Current><DateUtc dt:dt=""string"">2021-08-28T17:32:14Z</DateUtc></FrequencyChange></FrequencyChanges></Clock>\n",S,SL003_FCS7AB,7,1.0.0.262,1,143.973,-1899437437,Full,3.0.3.80,3.0.3.80,8/28/21,8/28/21 17:32,12:32:15,3.0.3.82,Keyboard,A,Keyboard,-999999,16,11715,0,1,1,1,1,BlockProc,BlockList,36,113,1,351.1578947,4,,,1698,0.972222222,405.0571429,TrialProc,TrialList,flankerCR.jpg,1,4,Keyboard,2,10,104226,160,4,361,104587,3,1,36,Cong
FC,3,1,B,"<?xml version=""1.0""?>\n<Clock xmlns:dt=""urn:schemas-microsoft-com:datatypes""><Description dt:dt=""string"">E-Prime Primary Realtime Clock</Description><StartTime><Timestamp dt:dt=""int"">0</Timestamp><DateUtc dt:dt=""string"">2021-08-28T17:32:14Z</DateUtc></StartTime><FrequencyChanges><FrequencyChange><Frequency dt:dt=""r8"">10000000</Frequency><Timestamp dt:dt=""r8"">18921723877923</Timestamp><Current dt:dt=""r8"">0</Current><DateUtc dt:dt=""string"">2021-08-28T17:32:14Z</DateUtc></FrequencyChange></FrequencyChanges></Clock>\n",S,SL003_FCS7AB,7,1.0.0.262,1,143.973,-1899437437,Full,3.0.3.80,3.0.3.80,8/28/21,8/28/21 17:32,12:32:15,3.0.3.82,Keyboard,A,Keyboard,-999999,16,11715,0,1,1,1,1,BlockProc,BlockList,37,223,,,1,0.944444444,464.4705882,1698,0.972972973,404.6666667,TrialProc,TrialList,flankerIL.jpg,1,1,Keyboard,2,10,106094,160,1,391,106485,12,1,37,Incon
FC,3,1,B,"<?xml version=""1.0""?>\n<Clock xmlns:dt=""urn:schemas-microsoft-com:datatypes""><Description dt:dt=""string"">E-Prime Primary Realtime Clock</Description><StartTime><Timestamp dt:dt=""int"">0</Timestamp><DateUtc dt:dt=""string"">2021-08-28T17:32:14Z</DateUtc></StartTime><FrequencyChanges><FrequencyChange><Frequency dt:dt=""r8"">10000000</Frequency><Timestamp dt:dt=""r8"">18921723877923</Timestamp><Current dt:dt=""r8"">0</Current><DateUtc dt:dt=""string"">2021-08-28T17:32:14Z</DateUtc></FrequencyChange></FrequencyChanges></Clock>\n",S,SL003_FCS7AB,7,1.0.0.262,1,143.973,-1899437437,Full,3.0.3.80,3.0.3.80,8/28/21,8/28/21 17:32,12:32:15,3.0.3.82,Keyboard,A,Keyboard,-999999,16,11715,0,1,1,1,1,BlockProc,BlockList,38,122,1,354.7,1,,,1500,0.973684211,405.1351351,TrialProc,TrialList,flankerCL.jpg,1,1,Keyboard,2,10,107962,153,1,422,108384,5,1,38,Cong
FC,3,1,B,"<?xml version=""1.0""?>\n<Clock xmlns:dt=""urn:schemas-microsoft-com:datatypes""><Description dt:dt=""string"">E-Prime Primary Realtime Clock</Description><StartTime><Timestamp dt:dt=""int"">0</Timestamp><DateUtc dt:dt=""string"">2021-08-28T17:32:14Z</DateUtc></StartTime><FrequencyChanges><FrequencyChange><Frequency dt:dt=""r8"">10000000</Frequency><Timestamp dt:dt=""r8"">18921723877923</Timestamp><Current dt:dt=""r8"">0</Current><DateUtc dt:dt=""string"">2021-08-28T17:32:14Z</DateUtc></FrequencyChange></FrequencyChanges></Clock>\n",S,SL003_FCS7AB,7,1.0.0.262,1,143.973,-1899437437,Full,3.0.3.80,3.0.3.80,8/28/21,8/28/21 17:32,12:32:15,3.0.3.82,Keyboard,A,Keyboard,-999999,16,11715,0,1,1,1,1,BlockProc,BlockList,39,211,,,4,0.947368421,473.0555556,1302,0.974358974,410.7631579,TrialProc,TrialList,flankerIR.jpg,1,4,Keyboard,2,7,109622,159,4,619,110241,7,1,39,Incon
FC,3,1,B,"<?xml version=""1.0""?>\n<Clock xmlns:dt=""urn:schemas-microsoft-com:datatypes""><Description dt:dt=""string"">E-Prime Primary Realtime Clock</Description><StartTime><Timestamp dt:dt=""int"">0</Timestamp><DateUtc dt:dt=""string"">2021-08-28T17:32:14Z</DateUtc></StartTime><FrequencyChanges><FrequencyChange><Frequency dt:dt=""r8"">10000000</Frequency><Timestamp dt:dt=""r8"">18921723877923</Timestamp><Current dt:dt=""r8"">0</Current><DateUtc dt:dt=""string"">2021-08-28T17:32:14Z</DateUtc></FrequencyChange></FrequencyChanges></Clock>\n",S,SL003_FCS7AB,7,1.0.0.262,1,143.973,-1899437437,Full,3.0.3.80,3.0.3.80,8/28/21,8/28/21 17:32,12:32:15,3.0.3.82,Keyboard,A,Keyboard,-999999,16,11715,0,1,1,1,1,BlockProc,BlockList,40,113,1,356.4761905,4,,,1698,0.975,410.2820513,TrialProc,TrialList,flankerCR.jpg,1,4,Keyboard,2,11,111094,160,4,392,111486,3,1,40,Cong
FC,3,1,B,"<?xml version=""1.0""?>\n<Clock xmlns:dt=""urn:schemas-microsoft-com:datatypes""><Description dt:dt=""string"">E-Prime Primary Realtime Clock</Description><StartTime><Timestamp dt:dt=""int"">0</Timestamp><DateUtc dt:dt=""string"">2021-08-28T17:32:14Z</DateUtc></StartTime><FrequencyChanges><FrequencyChange><Frequency dt:dt=""r8"">10000000</Frequency><Timestamp dt:dt=""r8"">18921723877923</Timestamp><Current dt:dt=""r8"">0</Current><DateUtc dt:dt=""string"">2021-08-28T17:32:14Z</DateUtc></FrequencyChange></FrequencyChanges></Clock>\n",S,SL003_FCS7AB,7,1.0.0.262,1,143.973,-1899437437,Full,3.0.3.80,3.0.3.80,8/28/21,8/28/21 17:32,12:32:15,3.0.3.82,Keyboard,A,Keyboard,-999999,16,11715,0,1,1,1,1,BlockProc,BlockList,41,111,1,354.7727273,4,,,1302,0.975609756,408,TrialProc,TrialList,flankerCR.jpg,1,4,Keyboard,2,10,112962,160,4,319,113281,1,1,41,Cong
FC,3,1,B,"<?xml version=""1.0""?>\n<Clock xmlns:dt=""urn:schemas-microsoft-com:datatypes""><Description dt:dt=""string"">E-Prime Primary Realtime Clock</Description><StartTime><Timestamp dt:dt=""int"">0</Timestamp><DateUtc dt:dt=""string"">2021-08-28T17:32:14Z</DateUtc></StartTime><FrequencyChanges><FrequencyChange><Frequency dt:dt=""r8"">10000000</Frequency><Timestamp dt:dt=""r8"">18921723877923</Timestamp><Current dt:dt=""r8"">0</Current><DateUtc dt:dt=""string"">2021-08-28T17:32:14Z</DateUtc></FrequencyChange></FrequencyChanges></Clock>\n",S,SL003_FCS7AB,7,1.0.0.262,1,143.973,-1899437437,Full,3.0.3.80,3.0.3.80,8/28/21,8/28/21 17:32,12:32:15,3.0.3.82,Keyboard,A,Keyboard,-999999,16,11715,0,1,1,1,1,BlockProc,BlockList,42,122,1,359.1304348,1,,,1500,0.976190476,409.1463415,TrialProc,TrialList,flankerCL.jpg,1,1,Keyboard,2,10,114434,153,1,455,114889,5,1,42,Cong
FC,3,1,B,"<?xml version=""1.0""?>\n<Clock xmlns:dt=""urn:schemas-microsoft-com:datatypes""><Description dt:dt=""string"">E-Prime Primary Realtime Clock</Description><StartTime><Timestamp dt:dt=""int"">0</Timestamp><DateUtc dt:dt=""string"">2021-08-28T17:32:14Z</DateUtc></StartTime><FrequencyChanges><FrequencyChange><Frequency dt:dt=""r8"">10000000</Frequency><Timestamp dt:dt=""r8"">18921723877923</Timestamp><Current dt:dt=""r8"">0</Current><DateUtc dt:dt=""string"">2021-08-28T17:32:14Z</DateUtc></FrequencyChange></FrequencyChanges></Clock>\n",S,SL003_FCS7AB,7,1.0.0.262,1,143.973,-1899437437,Full,3.0.3.80,3.0.3.80,8/28/21,8/28/21 17:32,12:32:15,3.0.3.82,Keyboard,A,Keyboard,-999999,16,11715,0,1,1,1,1,BlockProc,BlockList,43,122,1,360.4583333,1,,,1500,0.976744186,408.7142857,TrialProc,TrialList,flankerCL.jpg,1,1,Keyboard,2,7,116094,159,1,391,116485,5,1,43,Cong
FC,3,1,B,"<?xml version=""1.0""?>\n<Clock xmlns:dt=""urn:schemas-microsoft-com:datatypes""><Description dt:dt=""string"">E-Prime Primary Realtime Clock</Description><StartTime><Timestamp dt:dt=""int"">0</Timestamp><DateUtc dt:dt=""string"">2021-08-28T17:32:14Z</DateUtc></StartTime><FrequencyChanges><FrequencyChange><Frequency dt:dt=""r8"">10000000</Frequency><Timestamp dt:dt=""r8"">18921723877923</Timestamp><Current dt:dt=""r8"">0</Current><DateUtc dt:dt=""string"">2021-08-28T17:32:14Z</DateUtc></FrequencyChange></FrequencyChanges></Clock>\n",S,SL003_FCS7AB,7,1.0.0.262,1,143.973,-1899437437,Full,3.0.3.80,3.0.3.80,8/28/21,8/28/21 17:32,12:32:15,3.0.3.82,Keyboard,A,Keyboard,-999999,16,11715,0,1,1,1,1,BlockProc,BlockList,44,213,,,4,0.9,,1698,0.954545455,,TrialProc,TrialList,flankerIR.jpg,0,4,Keyboard,3,7,117760,160,1,305,118065,9,1,44,Incon
FC,3,1,B,"<?xml version=""1.0""?>\n<Clock xmlns:dt=""urn:schemas-microsoft-com:datatypes""><Description dt:dt=""string"">E-Prime Primary Realtime Clock</Description><StartTime><Timestamp dt:dt=""int"">0</Timestamp><DateUtc dt:dt=""string"">2021-08-28T17:32:14Z</DateUtc></StartTime><FrequencyChanges><FrequencyChange><Frequency dt:dt=""r8"">10000000</Frequency><Timestamp dt:dt=""r8"">18921723877923</Timestamp><Current dt:dt=""r8"">0</Current><DateUtc dt:dt=""string"">2021-08-28T17:32:14Z</DateUtc></FrequencyChange></FrequencyChanges></Clock>\n",S,SL003_FCS7AB,7,1.0.0.262,1,143.973,-1899437437,Full,3.0.3.80,3.0.3.80,8/28/21,8/28/21 17:32,12:32:15,3.0.3.82,Keyboard,A,Keyboard,-999999,16,11715,0,1,1,1,1,BlockProc,BlockList,45,211,,,4,0.904761905,474.9473684,1302,0.955555556,411.0465116,TrialProc,TrialList,flankerIR.jpg,1,4,Keyboard,3,10,119628,160,4,509,120137,7,1,45,Incon
FC,3,1,B,"<?xml version=""1.0""?>\n<Clock xmlns:dt=""urn:schemas-microsoft-com:datatypes""><Description dt:dt=""string"">E-Prime Primary Realtime Clock</Description><StartTime><Timestamp dt:dt=""int"">0</Timestamp><DateUtc dt:dt=""string"">2021-08-28T17:32:14Z</DateUtc></StartTime><FrequencyChanges><FrequencyChange><Frequency dt:dt=""r8"">10000000</Frequency><Timestamp dt:dt=""r8"">18921723877923</Timestamp><Current dt:dt=""r8"">0</Current><DateUtc dt:dt=""string"">2021-08-28T17:32:14Z</DateUtc></FrequencyChange></FrequencyChanges></Clock>\n",S,SL003_FCS7AB,7,1.0.0.262,1,143.973,-1899437437,Full,3.0.3.80,3.0.3.80,8/28/21,8/28/21 17:32,12:32:15,3.0.3.82,Keyboard,A,Keyboard,-999999,16,11715,0,1,1,1,1,BlockProc,BlockList,46,111,1,363.12,4,,,1302,0.956521739,411.4090909,TrialProc,TrialList,flankerCR.jpg,1,4,Keyboard,3,10,121100,160,4,427,121527,1,1,46,Cong
FC,3,1,B,"<?xml version=""1.0""?>\n<Clock xmlns:dt=""urn:schemas-microsoft-com:datatypes""><Description dt:dt=""string"">E-Prime Primary Realtime Clock</Description><StartTime><Timestamp dt:dt=""int"">0</Timestamp><DateUtc dt:dt=""string"">2021-08-28T17:32:14Z</DateUtc></StartTime><FrequencyChanges><FrequencyChange><Frequency dt:dt=""r8"">10000000</Frequency><Timestamp dt:dt=""r8"">18921723877923</Timestamp><Current dt:dt=""r8"">0</Current><DateUtc dt:dt=""string"">2021-08-28T17:32:14Z</DateUtc></FrequencyChange></FrequencyChanges></Clock>\n",S,SL003_FCS7AB,7,1.0.0.262,1,143.973,-1899437437,Full,3.0.3.80,3.0.3.80,8/28/21,8/28/21 17:32,12:32:15,3.0.3.82,Keyboard,A,Keyboard,-999999,16,11715,0,1,1,1,1,BlockProc,BlockList,47,123,1,368.3461538,1,,,1698,0.957446809,413.3555556,TrialProc,TrialList,flankerCL.jpg,1,1,Keyboard,2,11,122573,159,1,499,123072,6,1,47,Cong
FC,3,1,B,"<?xml version=""1.0""?>\n<Clock xmlns:dt=""urn:schemas-microsoft-com:datatypes""><Description dt:dt=""string"">E-Prime Primary Realtime Clock</Description><StartTime><Timestamp dt:dt=""int"">0</Timestamp><DateUtc dt:dt=""string"">2021-08-28T17:32:14Z</DateUtc></StartTime><FrequencyChanges><FrequencyChange><Frequency dt:dt=""r8"">10000000</Frequency><Timestamp dt:dt=""r8"">18921723877923</Timestamp><Current dt:dt=""r8"">0</Current><DateUtc dt:dt=""string"">2021-08-28T17:32:14Z</DateUtc></FrequencyChange></FrequencyChanges></Clock>\n",S,SL003_FCS7AB,7,1.0.0.262,1,143.973,-1899437437,Full,3.0.3.80,3.0.3.80,8/28/21,8/28/21 17:32,12:32:15,3.0.3.82,Keyboard,A,Keyboard,-999999,16,11715,0,1,1,1,1,BlockProc,BlockList,48,123,1,369.7777778,1,,,1698,0.958333333,413.2173913,TrialProc,TrialList,flankerCL.jpg,1,1,Keyboard,2,11,124441,159,1,407,124848,6,1,48,Cong
FC,3,1,B,"<?xml version=""1.0""?>\n<Clock xmlns:dt=""urn:schemas-microsoft-com:datatypes""><Description dt:dt=""string"">E-Prime Primary Realtime Clock</Description><StartTime><Timestamp dt:dt=""int"">0</Timestamp><DateUtc dt:dt=""string"">2021-08-28T17:32:14Z</DateUtc></StartTime><FrequencyChanges><FrequencyChange><Frequency dt:dt=""r8"">10000000</Frequency><Timestamp dt:dt=""r8"">18921723877923</Timestamp><Current dt:dt=""r8"">0</Current><DateUtc dt:dt=""string"">2021-08-28T17:32:14Z</DateUtc></FrequencyChange></FrequencyChanges></Clock>\n",S,SL003_FCS7AB,7,1.0.0.262,1,143.973,-1899437437,Full,3.0.3.80,3.0.3.80,8/28/21,8/28/21 17:32,12:32:15,3.0.3.82,Keyboard,A,Keyboard,-999999,16,11715,0,1,1,1,1,BlockProc,BlockList,49,122,1,368.0714286,1,,,1500,0.959183673,411.2765957,TrialProc,TrialList,flankerCL.jpg,1,1,Keyboard,2,11,126309,159,1,322,126631,5,1,49,Cong
FC,3,1,B,"<?xml version=""1.0""?>\n<Clock xmlns:dt=""urn:schemas-microsoft-com:datatypes""><Description dt:dt=""string"">E-Prime Primary Realtime Clock</Description><StartTime><Timestamp dt:dt=""int"">0</Timestamp><DateUtc dt:dt=""string"">2021-08-28T17:32:14Z</DateUtc></StartTime><FrequencyChanges><FrequencyChange><Frequency dt:dt=""r8"">10000000</Frequency><Timestamp dt:dt=""r8"">18921723877923</Timestamp><Current dt:dt=""r8"">0</Current><DateUtc dt:dt=""string"">2021-08-28T17:32:14Z</DateUtc></FrequencyChange></FrequencyChanges></Clock>\n",S,SL003_FCS7AB,7,1.0.0.262,1,143.973,-1899437437,Full,3.0.3.80,3.0.3.80,8/28/21,8/28/21 17:32,12:32:15,3.0.3.82,Keyboard,A,Keyboard,-999999,16,11715,0,1,1,1,1,BlockProc,BlockList,50,111,1,368.2068966,4,,,1302,0.96,410.4583333,TrialProc,TrialList,flankerCR.jpg,1,4,Keyboard,2,7,127975,160,4,372,128347,1,1,50,Cong
FC,3,1,B,"<?xml version=""1.0""?>\n<Clock xmlns:dt=""urn:schemas-microsoft-com:datatypes""><Description dt:dt=""string"">E-Prime Primary Realtime Clock</Description><StartTime><Timestamp dt:dt=""int"">0</Timestamp><DateUtc dt:dt=""string"">2021-08-28T17:32:14Z</DateUtc></StartTime><FrequencyChanges><FrequencyChange><Frequency dt:dt=""r8"">10000000</Frequency><Timestamp dt:dt=""r8"">18921723877923</Timestamp><Current dt:dt=""r8"">0</Current><DateUtc dt:dt=""string"">2021-08-28T17:32:14Z</DateUtc></FrequencyChange></FrequencyChanges></Clock>\n",S,SL003_FCS7AB,7,1.0.0.262,1,143.973,-1899437437,Full,3.0.3.80,3.0.3.80,8/28/21,8/28/21 17:32,12:32:15,3.0.3.82,Keyboard,A,Keyboard,-999999,16,11715,0,1,1,1,1,BlockProc,BlockList,51,222,,,1,0.909090909,475.8,1500,0.960784314,412.122449,TrialProc,TrialList,flankerIL.jpg,1,1,Keyboard,3,10,129447,160,1,492,129939,11,1,51,Incon
FC,3,1,B,"<?xml version=""1.0""?>\n<Clock xmlns:dt=""urn:schemas-microsoft-com:datatypes""><Description dt:dt=""string"">E-Prime Primary Realtime Clock</Description><StartTime><Timestamp dt:dt=""int"">0</Timestamp><DateUtc dt:dt=""string"">2021-08-28T17:32:14Z</DateUtc></StartTime><FrequencyChanges><FrequencyChange><Frequency dt:dt=""r8"">10000000</Frequency><Timestamp dt:dt=""r8"">18921723877923</Timestamp><Current dt:dt=""r8"">0</Current><DateUtc dt:dt=""string"">2021-08-28T17:32:14Z</DateUtc></FrequencyChange></FrequencyChanges></Clock>\n",S,SL003_FCS7AB,7,1.0.0.262,1,143.973,-1899437437,Full,3.0.3.80,3.0.3.80,8/28/21,8/28/21 17:32,12:32:15,3.0.3.82,Keyboard,A,Keyboard,-999999,16,11715,0,1,1,1,1,BlockProc,BlockList,52,111,1,366.5,4,,,1302,0.961538462,410.22,TrialProc,TrialList,flankerCR.jpg,1,4,Keyboard,2,7,131114,160,4,317,131431,1,1,52,Cong
FC,3,1,B,"<?xml version=""1.0""?>\n<Clock xmlns:dt=""urn:schemas-microsoft-com:datatypes""><Description dt:dt=""string"">E-Prime Primary Realtime Clock</Description><StartTime><Timestamp dt:dt=""int"">0</Timestamp><DateUtc dt:dt=""string"">2021-08-28T17:32:14Z</DateUtc></StartTime><FrequencyChanges><FrequencyChange><Frequency dt:dt=""r8"">10000000</Frequency><Timestamp dt:dt=""r8"">18921723877923</Timestamp><Current dt:dt=""r8"">0</Current><DateUtc dt:dt=""string"">2021-08-28T17:32:14Z</DateUtc></FrequencyChange></FrequencyChanges></Clock>\n",S,SL003_FCS7AB,7,1.0.0.262,1,143.973,-1899437437,Full,3.0.3.80,3.0.3.80,8/28/21,8/28/21 17:32,12:32:15,3.0.3.82,Keyboard,A,Keyboard,-999999,16,11715,0,1,1,1,1,BlockProc,BlockList,53,222,,,1,0.913043478,482.2380952,1500,0.962264151,414.1568627,TrialProc,TrialList,flankerIL.jpg,1,1,Keyboard,2,10,132586,160,1,611,133197,11,1,53,Incon
FC,3,1,B,"<?xml version=""1.0""?>\n<Clock xmlns:dt=""urn:schemas-microsoft-com:datatypes""><Description dt:dt=""string"">E-Prime Primary Realtime Clock</Description><StartTime><Timestamp dt:dt=""int"">0</Timestamp><DateUtc dt:dt=""string"">2021-08-28T17:32:14Z</DateUtc></StartTime><FrequencyChanges><FrequencyChange><Frequency dt:dt=""r8"">10000000</Frequency><Timestamp dt:dt=""r8"">18921723877923</Timestamp><Current dt:dt=""r8"">0</Current><DateUtc dt:dt=""string"">2021-08-28T17:32:14Z</DateUtc></FrequencyChange></FrequencyChanges></Clock>\n",S,SL003_FCS7AB,7,1.0.0.262,1,143.973,-1899437437,Full,3.0.3.80,3.0.3.80,8/28/21,8/28/21 17:32,12:32:15,3.0.3.82,Keyboard,A,Keyboard,-999999,16,11715,0,1,1,1,1,BlockProc,BlockList,54,211,,,4,0.916666667,474.0454545,1302,0.962962963,412,TrialProc,TrialList,flankerIR.jpg,1,4,Keyboard,2,7,134253,159,4,302,134555,7,1,54,Incon
FC,3,1,B,"<?xml version=""1.0""?>\n<Clock xmlns:dt=""urn:schemas-microsoft-com:datatypes""><Description dt:dt=""string"">E-Prime Primary Realtime Clock</Description><StartTime><Timestamp dt:dt=""int"">0</Timestamp><DateUtc dt:dt=""string"">2021-08-28T17:32:14Z</DateUtc></StartTime><FrequencyChanges><FrequencyChange><Frequency dt:dt=""r8"">10000000</Frequency><Timestamp dt:dt=""r8"">18921723877923</Timestamp><Current dt:dt=""r8"">0</Current><DateUtc dt:dt=""string"">2021-08-28T17:32:14Z</DateUtc></FrequencyChange></FrequencyChanges></Clock>\n",S,SL003_FCS7AB,7,1.0.0.262,1,143.973,-1899437437,Full,3.0.3.80,3.0.3.80,8/28/21,8/28/21 17:32,12:32:15,3.0.3.82,Keyboard,A,Keyboard,-999999,16,11715,0,1,1,1,1,BlockProc,BlockList,55,213,,,4,0.92,476.6521739,1698,0.963636364,414.3018868,TrialProc,TrialList,flankerIR.jpg,1,4,Keyboard,2,11,135725,160,4,534,136259,9,1,55,Incon
FC,3,1,B,"<?xml version=""1.0""?>\n<Clock xmlns:dt=""urn:schemas-microsoft-com:datatypes""><Description dt:dt=""string"">E-Prime Primary Realtime Clock</Description><StartTime><Timestamp dt:dt=""int"">0</Timestamp><DateUtc dt:dt=""string"">2021-08-28T17:32:14Z</DateUtc></StartTime><FrequencyChanges><FrequencyChange><Frequency dt:dt=""r8"">10000000</Frequency><Timestamp dt:dt=""r8"">18921723877923</Timestamp><Current dt:dt=""r8"">0</Current><DateUtc dt:dt=""string"">2021-08-28T17:32:14Z</DateUtc></FrequencyChange></FrequencyChanges></Clock>\n",S,SL003_FCS7AB,7,1.0.0.262,1,143.973,-1899437437,Full,3.0.3.80,3.0.3.80,8/28/21,8/28/21 17:32,12:32:15,3.0.3.82,Keyboard,A,Keyboard,-999999,16,11715,0,1,1,1,1,BlockProc,BlockList,56,211,,,4,0.923076923,470.625,1302,0.964285714,412.7777778,TrialProc,TrialList,flankerIR.jpg,1,4,Keyboard,2,10,137593,160,4,332,137925,7,1,56,Incon
FC,3,1,B,"<?xml version=""1.0""?>\n<Clock xmlns:dt=""urn:schemas-microsoft-com:datatypes""><Description dt:dt=""string"">E-Prime Primary Realtime Clock</Description><StartTime><Timestamp dt:dt=""int"">0</Timestamp><DateUtc dt:dt=""string"">2021-08-28T17:32:14Z</DateUtc></StartTime><FrequencyChanges><FrequencyChange><Frequency dt:dt=""r8"">10000000</Frequency><Timestamp dt:dt=""r8"">18921723877923</Timestamp><Current dt:dt=""r8"">0</Current><DateUtc dt:dt=""string"">2021-08-28T17:32:14Z</DateUtc></FrequencyChange></FrequencyChanges></Clock>\n",S,SL003_FCS7AB,7,1.0.0.262,1,143.973,-1899437437,Full,3.0.3.80,3.0.3.80,8/28/21,8/28/21 17:32,12:32:15,3.0.3.82,Keyboard,A,Keyboard,-999999,16,11715,0,1,1,1,1,BlockProc,BlockList,57,223,,,1,0.925925926,471.04,1698,0.964912281,414.0181818,TrialProc,TrialList,flankerIL.jpg,1,1,Keyboard,2,10,139065,160,1,481,139546,12,1,57,Incon
FC,3,1,B,"<?xml version=""1.0""?>\n<Clock xmlns:dt=""urn:schemas-microsoft-com:datatypes""><Description dt:dt=""string"">E-Prime Primary Realtime Clock</Description><StartTime><Timestamp dt:dt=""int"">0</Timestamp><DateUtc dt:dt=""string"">2021-08-28T17:32:14Z</DateUtc></StartTime><FrequencyChanges><FrequencyChange><Frequency dt:dt=""r8"">10000000</Frequency><Timestamp dt:dt=""r8"">18921723877923</Timestamp><Current dt:dt=""r8"">0</Current><DateUtc dt:dt=""string"">2021-08-28T17:32:14Z</DateUtc></FrequencyChange></FrequencyChanges></Clock>\n",S,SL003_FCS7AB,7,1.0.0.262,1,143.973,-1899437437,Full,3.0.3.80,3.0.3.80,8/28/21,8/28/21 17:32,12:32:15,3.0.3.82,Keyboard,A,Keyboard,-999999,16,11715,0,1,1,1,1,BlockProc,BlockList,58,222,,,1,0.928571429,470.2307692,1500,0.965517241,414.6607143,TrialProc,TrialList,flankerIL.jpg,1,1,Keyboard,2,10,140933,160,1,450,141383,11,1,58,Incon
FC,3,1,B,"<?xml version=""1.0""?>\n<Clock xmlns:dt=""urn:schemas-microsoft-com:datatypes""><Description dt:dt=""string"">E-Prime Primary Realtime Clock</Description><StartTime><Timestamp dt:dt=""int"">0</Timestamp><DateUtc dt:dt=""string"">2021-08-28T17:32:14Z</DateUtc></StartTime><FrequencyChanges><FrequencyChange><Frequency dt:dt=""r8"">10000000</Frequency><Timestamp dt:dt=""r8"">18921723877923</Timestamp><Current dt:dt=""r8"">0</Current><DateUtc dt:dt=""string"">2021-08-28T17:32:14Z</DateUtc></FrequencyChange></FrequencyChanges></Clock>\n",S,SL003_FCS7AB,7,1.0.0.262,1,143.973,-1899437437,Full,3.0.3.80,3.0.3.80,8/28/21,8/28/21 17:32,12:32:15,3.0.3.82,Keyboard,A,Keyboard,-999999,16,11715,0,1,1,1,1,BlockProc,BlockList,59,121,1,368.6774194,1,,,1302,0.966101695,415,TrialProc,TrialList,flankerCL.jpg,1,1,Keyboard,2,7,142600,159,1,434,143034,4,1,59,Cong
FC,3,1,B,"<?xml version=""1.0""?>\n<Clock xmlns:dt=""urn:schemas-microsoft-com:datatypes""><Description dt:dt=""string"">E-Prime Primary Realtime Clock</Description><StartTime><Timestamp dt:dt=""int"">0</Timestamp><DateUtc dt:dt=""string"">2021-08-28T17:32:14Z</DateUtc></StartTime><FrequencyChanges><FrequencyChange><Frequency dt:dt=""r8"">10000000</Frequency><Timestamp dt:dt=""r8"">18921723877923</Timestamp><Current dt:dt=""r8"">0</Current><DateUtc dt:dt=""string"">2021-08-28T17:32:14Z</DateUtc></FrequencyChange></FrequencyChanges></Clock>\n",S,SL003_FCS7AB,7,1.0.0.262,1,143.973,-1899437437,Full,3.0.3.80,3.0.3.80,8/28/21,8/28/21 17:32,12:32:15,3.0.3.82,Keyboard,A,Keyboard,-999999,16,11715,0,1,1,1,1,BlockProc,BlockList,60,113,1,372.28125,4,,,1698,0.966666667,416.1896552,TrialProc,TrialList,flankerCR.jpg,1,4,Keyboard,2,11,144072,160,4,484,144556,3,1,60,Cong
FC,3,1,B,"<?xml version=""1.0""?>\n<Clock xmlns:dt=""urn:schemas-microsoft-com:datatypes""><Description dt:dt=""string"">E-Prime Primary Realtime Clock</Description><StartTime><Timestamp dt:dt=""int"">0</Timestamp><DateUtc dt:dt=""string"">2021-08-28T17:32:14Z</DateUtc></StartTime><FrequencyChanges><FrequencyChange><Frequency dt:dt=""r8"">10000000</Frequency><Timestamp dt:dt=""r8"">18921723877923</Timestamp><Current dt:dt=""r8"">0</Current><DateUtc dt:dt=""string"">2021-08-28T17:32:14Z</DateUtc></FrequencyChange></FrequencyChanges></Clock>\n",S,SL003_FCS7AB,7,1.0.0.262,1,143.973,-1899437437,Full,3.0.3.80,3.0.3.80,8/28/21,8/28/21 17:32,12:32:15,3.0.3.82,Keyboard,A,Keyboard,-999999,16,11715,0,1,1,1,1,BlockProc,BlockList,61,212,,,4,0.931034483,468.9259259,1500,0.967213115,416.5084746,TrialProc,TrialList,flankerIR.jpg,1,4,Keyboard,2,10,145940,160,4,435,146375,8,1,61,Incon
FC,3,1,B,"<?xml version=""1.0""?>\n<Clock xmlns:dt=""urn:schemas-microsoft-com:datatypes""><Description dt:dt=""string"">E-Prime Primary Realtime Clock</Description><StartTime><Timestamp dt:dt=""int"">0</Timestamp><DateUtc dt:dt=""string"">2021-08-28T17:32:14Z</DateUtc></StartTime><FrequencyChanges><FrequencyChange><Frequency dt:dt=""r8"">10000000</Frequency><Timestamp dt:dt=""r8"">18921723877923</Timestamp><Current dt:dt=""r8"">0</Current><DateUtc dt:dt=""string"">2021-08-28T17:32:14Z</DateUtc></FrequencyChange></FrequencyChanges></Clock>\n",S,SL003_FCS7AB,7,1.0.0.262,1,143.973,-1899437437,Full,3.0.3.80,3.0.3.80,8/28/21,8/28/21 17:32,12:32:15,3.0.3.82,Keyboard,A,Keyboard,-999999,16,11715,0,1,1,1,1,BlockProc,BlockList,62,223,,,1,0.9,,1698,0.951612903,,TrialProc,TrialList,flankerIL.jpg,0,1,Keyboard,3,6,147606,160,4,316,147922,12,1,62,Incon
FC,3,1,B,"<?xml version=""1.0""?>\n<Clock xmlns:dt=""urn:schemas-microsoft-com:datatypes""><Description dt:dt=""string"">E-Prime Primary Realtime Clock</Description><StartTime><Timestamp dt:dt=""int"">0</Timestamp><DateUtc dt:dt=""string"">2021-08-28T17:32:14Z</DateUtc></StartTime><FrequencyChanges><FrequencyChange><Frequency dt:dt=""r8"">10000000</Frequency><Timestamp dt:dt=""r8"">18921723877923</Timestamp><Current dt:dt=""r8"">0</Current><DateUtc dt:dt=""string"">2021-08-28T17:32:14Z</DateUtc></FrequencyChange></FrequencyChanges></Clock>\n",S,SL003_FCS7AB,7,1.0.0.262,1,143.973,-1899437437,Full,3.0.3.80,3.0.3.80,8/28/21,8/28/21 17:32,12:32:15,3.0.3.82,Keyboard,A,Keyboard,-999999,16,11715,0,1,1,1,1,BlockProc,BlockList,63,223,,,1,0.870967742,,1698,0.936507937,,TrialProc,TrialList,flankerIL.jpg,0,1,Keyboard,3,10,149474,160,4,315,149789,12,1,63,Incon
FC,3,1,B,"<?xml version=""1.0""?>\n<Clock xmlns:dt=""urn:schemas-microsoft-com:datatypes""><Description dt:dt=""string"">E-Prime Primary Realtime Clock</Description><StartTime><Timestamp dt:dt=""int"">0</Timestamp><DateUtc dt:dt=""string"">2021-08-28T17:32:14Z</DateUtc></StartTime><FrequencyChanges><FrequencyChange><Frequency dt:dt=""r8"">10000000</Frequency><Timestamp dt:dt=""r8"">18921723877923</Timestamp><Current dt:dt=""r8"">0</Current><DateUtc dt:dt=""string"">2021-08-28T17:32:14Z</DateUtc></FrequencyChange></FrequencyChanges></Clock>\n",S,SL003_FCS7AB,7,1.0.0.262,1,143.973,-1899437437,Full,3.0.3.80,3.0.3.80,8/28/21,8/28/21 17:32,12:32:15,3.0.3.82,Keyboard,A,Keyboard,-999999,16,11715,0,1,1,1,1,BlockProc,BlockList,64,211,,,4,0.875,469.3214286,1302,0.9375,417.5666667,TrialProc,TrialList,flankerIR.jpg,1,4,Keyboard,3,10,151342,160,4,480,151822,7,1,64,Incon
FC,3,1,B,"<?xml version=""1.0""?>\n<Clock xmlns:dt=""urn:schemas-microsoft-com:datatypes""><Description dt:dt=""string"">E-Prime Primary Realtime Clock</Description><StartTime><Timestamp dt:dt=""int"">0</Timestamp><DateUtc dt:dt=""string"">2021-08-28T17:32:14Z</DateUtc></StartTime><FrequencyChanges><FrequencyChange><Frequency dt:dt=""r8"">10000000</Frequency><Timestamp dt:dt=""r8"">18921723877923</Timestamp><Current dt:dt=""r8"">0</Current><DateUtc dt:dt=""string"">2021-08-28T17:32:14Z</DateUtc></FrequencyChange></FrequencyChanges></Clock>\n",S,SL003_FCS7AB,7,1.0.0.262,1,143.973,-1899437437,Full,3.0.3.80,3.0.3.80,8/28/21,8/28/21 17:32,12:32:15,3.0.3.82,Keyboard,A,Keyboard,-999999,16,11715,0,1,1,1,1,BlockProc,BlockList,65,122,1,375.2121212,1,,,1500,0.938461538,418.4098361,TrialProc,TrialList,flankerCL.jpg,1,1,Keyboard,2,11,152815,152,1,469,153284,5,1,65,Cong
FC,3,1,B,"<?xml version=""1.0""?>\n<Clock xmlns:dt=""urn:schemas-microsoft-com:datatypes""><Description dt:dt=""string"">E-Prime Primary Realtime Clock</Description><StartTime><Timestamp dt:dt=""int"">0</Timestamp><DateUtc dt:dt=""string"">2021-08-28T17:32:14Z</DateUtc></StartTime><FrequencyChanges><FrequencyChange><Frequency dt:dt=""r8"">10000000</Frequency><Timestamp dt:dt=""r8"">18921723877923</Timestamp><Current dt:dt=""r8"">0</Current><DateUtc dt:dt=""string"">2021-08-28T17:32:14Z</DateUtc></FrequencyChange></FrequencyChanges></Clock>\n",S,SL003_FCS7AB,7,1.0.0.262,1,143.973,-1899437437,Full,3.0.3.80,3.0.3.80,8/28/21,8/28/21 17:32,12:32:15,3.0.3.82,Keyboard,A,Keyboard,-999999,16,11715,0,1,1,1,1,BlockProc,BlockList,66,213,,,4,0.878787879,468,1698,0.939393939,418.6129032,TrialProc,TrialList,flankerIR.jpg,1,4,Keyboard,3,7,154474,160,4,431,154905,9,1,66,Incon
FC,3,1,B,"<?xml version=""1.0""?>\n<Clock xmlns:dt=""urn:schemas-microsoft-com:datatypes""><Description dt:dt=""string"">E-Prime Primary Realtime Clock</Description><StartTime><Timestamp dt:dt=""int"">0</Timestamp><DateUtc dt:dt=""string"">2021-08-28T17:32:14Z</DateUtc></StartTime><FrequencyChanges><FrequencyChange><Frequency dt:dt=""r8"">10000000</Frequency><Timestamp dt:dt=""r8"">18921723877923</Timestamp><Current dt:dt=""r8"">0</Current><DateUtc dt:dt=""string"">2021-08-28T17:32:14Z</DateUtc></FrequencyChange></FrequencyChanges></Clock>\n",S,SL003_FCS7AB,7,1.0.0.262,1,143.973,-1899437437,Full,3.0.3.80,3.0.3.80,8/28/21,8/28/21 17:32,12:32:15,3.0.3.82,Keyboard,A,Keyboard,-999999,16,11715,0,1,1,1,1,BlockProc,BlockList,67,213,,,4,0.882352941,469.0666667,1698,0.940298507,419.9047619,TrialProc,TrialList,flankerIR.jpg,1,4,Keyboard,2,10,156342,160,4,500,156842,9,1,67,Incon
FC,3,1,B,"<?xml version=""1.0""?>\n<Clock xmlns:dt=""urn:schemas-microsoft-com:datatypes""><Description dt:dt=""string"">E-Prime Primary Realtime Clock</Description><StartTime><Timestamp dt:dt=""int"">0</Timestamp><DateUtc dt:dt=""string"">2021-08-28T17:32:14Z</DateUtc></StartTime><FrequencyChanges><FrequencyChange><Frequency dt:dt=""r8"">10000000</Frequency><Timestamp dt:dt=""r8"">18921723877923</Timestamp><Current dt:dt=""r8"">0</Current><DateUtc dt:dt=""string"">2021-08-28T17:32:14Z</DateUtc></FrequencyChange></FrequencyChanges></Clock>\n",S,SL003_FCS7AB,7,1.0.0.262,1,143.973,-1899437437,Full,3.0.3.80,3.0.3.80,8/28/21,8/28/21 17:32,12:32:15,3.0.3.82,Keyboard,A,Keyboard,-999999,16,11715,0,1,1,1,1,BlockProc,BlockList,68,212,,,4,0.885714286,475.8387097,1500,0.941176471,423.953125,TrialProc,TrialList,flankerIR.jpg,1,4,Keyboard,2,10,158210,160,4,679,158889,8,1,68,Incon
FC,3,1,B,"<?xml version=""1.0""?>\n<Clock xmlns:dt=""urn:schemas-microsoft-com:datatypes""><Description dt:dt=""string"">E-Prime Primary Realtime Clock</Description><StartTime><Timestamp dt:dt=""int"">0</Timestamp><DateUtc dt:dt=""string"">2021-08-28T17:32:14Z</DateUtc></StartTime><FrequencyChanges><FrequencyChange><Frequency dt:dt=""r8"">10000000</Frequency><Timestamp dt:dt=""r8"">18921723877923</Timestamp><Current dt:dt=""r8"">0</Current><DateUtc dt:dt=""string"">2021-08-28T17:32:14Z</DateUtc></FrequencyChange></FrequencyChanges></Clock>\n",S,SL003_FCS7AB,7,1.0.0.262,1,143.973,-1899437437,Full,3.0.3.80,3.0.3.80,8/28/21,8/28/21 17:32,12:32:15,3.0.3.82,Keyboard,A,Keyboard,-999999,16,11715,0,1,1,1,1,BlockProc,BlockList,69,122,1,371.4411765,1,,,1500,0.942028986,421.2307692,TrialProc,TrialList,flankerCL.jpg,1,1,Keyboard,2,7,159877,160,1,247,160124,5,1,69,Cong
FC,3,1,B,"<?xml version=""1.0""?>\n<Clock xmlns:dt=""urn:schemas-microsoft-com:datatypes""><Description dt:dt=""string"">E-Prime Primary Realtime Clock</Description><StartTime><Timestamp dt:dt=""int"">0</Timestamp><DateUtc dt:dt=""string"">2021-08-28T17:32:14Z</DateUtc></StartTime><FrequencyChanges><FrequencyChange><Frequency dt:dt=""r8"">10000000</Frequency><Timestamp dt:dt=""r8"">18921723877923</Timestamp><Current dt:dt=""r8"">0</Current><DateUtc dt:dt=""string"">2021-08-28T17:32:14Z</DateUtc></FrequencyChange></FrequencyChanges></Clock>\n",S,SL003_FCS7AB,7,1.0.0.262,1,143.973,-1899437437,Full,3.0.3.80,3.0.3.80,8/28/21,8/28/21 17:32,12:32:15,3.0.3.82,Keyboard,A,Keyboard,-999999,16,11715,0,1,1,1,1,BlockProc,BlockList,70,123,1,369.1714286,1,,,1698,0.942857143,419.2727273,TrialProc,TrialList,flankerCL.jpg,1,1,Keyboard,2,7,161544,152,1,292,161836,6,1,70,Cong
FC,3,1,B,"<?xml version=""1.0""?>\n<Clock xmlns:dt=""urn:schemas-microsoft-com:datatypes""><Description dt:dt=""string"">E-Prime Primary Realtime Clock</Description><StartTime><Timestamp dt:dt=""int"">0</Timestamp><DateUtc dt:dt=""string"">2021-08-28T17:32:14Z</DateUtc></StartTime><FrequencyChanges><FrequencyChange><Frequency dt:dt=""r8"">10000000</Frequency><Timestamp dt:dt=""r8"">18921723877923</Timestamp><Current dt:dt=""r8"">0</Current><DateUtc dt:dt=""string"">2021-08-28T17:32:14Z</DateUtc></FrequencyChange></FrequencyChanges></Clock>\n",S,SL003_FCS7AB,7,1.0.0.262,1,143.973,-1899437437,Full,3.0.3.80,3.0.3.80,8/28/21,8/28/21 17:32,12:32:15,3.0.3.82,Keyboard,A,Keyboard,-999999,16,11715,0,1,1,1,1,BlockProc,BlockList,71,112,1,372.8611111,4,,,1500,0.943661972,420.5074627,TrialProc,TrialList,flankerCR.jpg,1,4,Keyboard,2,11,163405,152,4,502,163907,2,1,71,Cong
FC,3,1,B,"<?xml version=""1.0""?>\n<Clock xmlns:dt=""urn:schemas-microsoft-com:datatypes""><Description dt:dt=""string"">E-Prime Primary Realtime Clock</Description><StartTime><Timestamp dt:dt=""int"">0</Timestamp><DateUtc dt:dt=""string"">2021-08-28T17:32:14Z</DateUtc></StartTime><FrequencyChanges><FrequencyChange><Frequency dt:dt=""r8"">10000000</Frequency><Timestamp dt:dt=""r8"">18921723877923</Timestamp><Current dt:dt=""r8"">0</Current><DateUtc dt:dt=""string"">2021-08-28T17:32:14Z</DateUtc></FrequencyChange></FrequencyChanges></Clock>\n",S,SL003_FCS7AB,7,1.0.0.262,1,143.973,-1899437437,Full,3.0.3.80,3.0.3.80,8/28/21,8/28/21 17:32,12:32:15,3.0.3.82,Keyboard,A,Keyboard,-999999,16,11715,0,1,1,1,1,BlockProc,BlockList,72,222,,,1,0.888888889,480.46875,1500,0.944444444,423.5,TrialProc,TrialList,flankerIL.jpg,1,1,Keyboard,2,7,165064,160,1,624,165688,11,1,72,Incon
FC,3,1,B,"<?xml version=""1.0""?>\n<Clock xmlns:dt=""urn:schemas-microsoft-com:datatypes""><Description dt:dt=""string"">E-Prime Primary Realtime Clock</Description><StartTime><Timestamp dt:dt=""int"">0</Timestamp><DateUtc dt:dt=""string"">2021-08-28T17:32:14Z</DateUtc></StartTime><FrequencyChanges><FrequencyChange><Frequency dt:dt=""r8"">10000000</Frequency><Timestamp dt:dt=""r8"">18921723877923</Timestamp><Current dt:dt=""r8"">0</Current><DateUtc dt:dt=""string"">2021-08-28T17:32:14Z</DateUtc></FrequencyChange></FrequencyChanges></Clock>\n",S,SL003_FCS7AB,7,1.0.0.262,1,143.973,-1899437437,Full,3.0.3.80,3.0.3.80,8/28/21,8/28/21 17:32,12:32:15,3.0.3.82,Keyboard,A,Keyboard,-999999,16,11715,0,1,1,1,1,BlockProc,BlockList,73,212,,,4,0.891891892,486.4545455,1500,0.945205479,427.1884058,TrialProc,TrialList,flankerIR.jpg,1,4,Keyboard,2,7,166731,160,4,678,167409,8,1,73,Incon
FC,3,1,B,"<?xml version=""1.0""?>\n<Clock xmlns:dt=""urn:schemas-microsoft-com:datatypes""><Description dt:dt=""string"">E-Prime Primary Realtime Clock</Description><StartTime><Timestamp dt:dt=""int"">0</Timestamp><DateUtc dt:dt=""string"">2021-08-28T17:32:14Z</DateUtc></StartTime><FrequencyChanges><FrequencyChange><Frequency dt:dt=""r8"">10000000</Frequency><Timestamp dt:dt=""r8"">18921723877923</Timestamp><Current dt:dt=""r8"">0</Current><DateUtc dt:dt=""string"">2021-08-28T17:32:14Z</DateUtc></FrequencyChange></FrequencyChanges></Clock>\n",S,SL003_FCS7AB,7,1.0.0.262,1,143.973,-1899437437,Full,3.0.3.80,3.0.3.80,8/28/21,8/28/21 17:32,12:32:15,3.0.3.82,Keyboard,A,Keyboard,-999999,16,11715,0,1,1,1,1,BlockProc,BlockList,74,123,1,371.7297297,1,,,1698,0.945945946,425.8142857,TrialProc,TrialList,flankerCL.jpg,1,1,Keyboard,3,6,168397,160,1,331,168728,6,1,74,Cong
FC,3,1,B,"<?xml version=""1.0""?>\n<Clock xmlns:dt=""urn:schemas-microsoft-com:datatypes""><Description dt:dt=""string"">E-Prime Primary Realtime Clock</Description><StartTime><Timestamp dt:dt=""int"">0</Timestamp><DateUtc dt:dt=""string"">2021-08-28T17:32:14Z</DateUtc></StartTime><FrequencyChanges><FrequencyChange><Frequency dt:dt=""r8"">10000000</Frequency><Timestamp dt:dt=""r8"">18921723877923</Timestamp><Current dt:dt=""r8"">0</Current><DateUtc dt:dt=""string"">2021-08-28T17:32:14Z</DateUtc></FrequencyChange></FrequencyChanges></Clock>\n",S,SL003_FCS7AB,7,1.0.0.262,1,143.973,-1899437437,Full,3.0.3.80,3.0.3.80,8/28/21,8/28/21 17:32,12:32:15,3.0.3.82,Keyboard,A,Keyboard,-999999,16,11715,0,1,1,1,1,BlockProc,BlockList,75,221,,,1,0.894736842,482.6764706,1302,0.946666667,424.8591549,TrialProc,TrialList,flankerIL.jpg,1,1,Keyboard,3,10,170265,160,1,358,170623,10,1,75,Incon
FC,3,1,B,"<?xml version=""1.0""?>\n<Clock xmlns:dt=""urn:schemas-microsoft-com:datatypes""><Description dt:dt=""string"">E-Prime Primary Realtime Clock</Description><StartTime><Timestamp dt:dt=""int"">0</Timestamp><DateUtc dt:dt=""string"">2021-08-28T17:32:14Z</DateUtc></StartTime><FrequencyChanges><FrequencyChange><Frequency dt:dt=""r8"">10000000</Frequency><Timestamp dt:dt=""r8"">18921723877923</Timestamp><Current dt:dt=""r8"">0</Current><DateUtc dt:dt=""string"">2021-08-28T17:32:14Z</DateUtc></FrequencyChange></FrequencyChanges></Clock>\n",S,SL003_FCS7AB,7,1.0.0.262,1,143.973,-1899437437,Full,3.0.3.80,3.0.3.80,8/28/21,8/28/21 17:32,12:32:15,3.0.3.82,Keyboard,A,Keyboard,-999999,16,11715,0,1,1,1,1,BlockProc,BlockList,76,121,1,370.8421053,1,,,1302,0.947368421,423.6527778,TrialProc,TrialList,flankerCL.jpg,1,1,Keyboard,2,11,171738,159,1,338,172076,4,1,76,Cong
FC,3,1,B,"<?xml version=""1.0""?>\n<Clock xmlns:dt=""urn:schemas-microsoft-com:datatypes""><Description dt:dt=""string"">E-Prime Primary Realtime Clock</Description><StartTime><Timestamp dt:dt=""int"">0</Timestamp><DateUtc dt:dt=""string"">2021-08-28T17:32:14Z</DateUtc></StartTime><FrequencyChanges><FrequencyChange><Frequency dt:dt=""r8"">10000000</Frequency><Timestamp dt:dt=""r8"">18921723877923</Timestamp><Current dt:dt=""r8"">0</Current><DateUtc dt:dt=""string"">2021-08-28T17:32:14Z</DateUtc></FrequencyChange></FrequencyChanges></Clock>\n",S,SL003_FCS7AB,7,1.0.0.262,1,143.973,-1899437437,Full,3.0.3.80,3.0.3.80,8/28/21,8/28/21 17:32,12:32:15,3.0.3.82,Keyboard,A,Keyboard,-999999,16,11715,0,1,1,1,1,BlockProc,BlockList,77,112,1,370.5384615,4,,,1500,0.948051948,422.7671233,TrialProc,TrialList,flankerCR.jpg,1,4,Keyboard,2,11,173210,160,4,359,173569,2,1,77,Cong
FC,3,1,B,"<?xml version=""1.0""?>\n<Clock xmlns:dt=""urn:schemas-microsoft-com:datatypes""><Description dt:dt=""string"">E-Prime Primary Realtime Clock</Description><StartTime><Timestamp dt:dt=""int"">0</Timestamp><DateUtc dt:dt=""string"">2021-08-28T17:32:14Z</DateUtc></StartTime><FrequencyChanges><FrequencyChange><Frequency dt:dt=""r8"">10000000</Frequency><Timestamp dt:dt=""r8"">18921723877923</Timestamp><Current dt:dt=""r8"">0</Current><DateUtc dt:dt=""string"">2021-08-28T17:32:14Z</DateUtc></FrequencyChange></FrequencyChanges></Clock>\n",S,SL003_FCS7AB,7,1.0.0.262,1,143.973,-1899437437,Full,3.0.3.80,3.0.3.80,8/28/21,8/28/21 17:32,12:32:15,3.0.3.82,Keyboard,A,Keyboard,-999999,16,11715,0,1,1,1,1,BlockProc,BlockList,78,223,,,1,0.897435897,481.0857143,1698,0.948717949,422.8243243,TrialProc,TrialList,flankerIL.jpg,1,1,Keyboard,3,6,174876,153,1,427,175303,12,1,78,Incon
FC,3,1,B,"<?xml version=""1.0""?>\n<Clock xmlns:dt=""urn:schemas-microsoft-com:datatypes""><Description dt:dt=""string"">E-Prime Primary Realtime Clock</Description><StartTime><Timestamp dt:dt=""int"">0</Timestamp><DateUtc dt:dt=""string"">2021-08-28T17:32:14Z</DateUtc></StartTime><FrequencyChanges><FrequencyChange><Frequency dt:dt=""r8"">10000000</Frequency><Timestamp dt:dt=""r8"">18921723877923</Timestamp><Current dt:dt=""r8"">0</Current><DateUtc dt:dt=""string"">2021-08-28T17:32:14Z</DateUtc></FrequencyChange></FrequencyChanges></Clock>\n",S,SL003_FCS7AB,7,1.0.0.262,1,143.973,-1899437437,Full,3.0.3.80,3.0.3.80,8/28/21,8/28/21 17:32,12:32:15,3.0.3.82,Keyboard,A,Keyboard,-999999,16,11715,0,1,1,1,1,BlockProc,BlockList,79,212,,,4,0.9,482.4166667,1500,0.949367089,424.24,TrialProc,TrialList,flankerIR.jpg,1,4,Keyboard,3,10,176737,160,4,529,177266,8,1,79,Incon
FC,3,1,B,"<?xml version=""1.0""?>\n<Clock xmlns:dt=""urn:schemas-microsoft-com:datatypes""><Description dt:dt=""string"">E-Prime Primary Realtime Clock</Description><StartTime><Timestamp dt:dt=""int"">0</Timestamp><DateUtc dt:dt=""string"">2021-08-28T17:32:14Z</DateUtc></StartTime><FrequencyChanges><FrequencyChange><Frequency dt:dt=""r8"">10000000</Frequency><Timestamp dt:dt=""r8"">18921723877923</Timestamp><Current dt:dt=""r8"">0</Current><DateUtc dt:dt=""string"">2021-08-28T17:32:14Z</DateUtc></FrequencyChange></FrequencyChanges></Clock>\n",S,SL003_FCS7AB,7,1.0.0.262,1,143.973,-1899437437,Full,3.0.3.80,3.0.3.80,8/28/21,8/28/21 17:32,12:32:15,3.0.3.82,Keyboard,A,Keyboard,-999999,16,11715,0,1,1,1,1,BlockProc,BlockList,80,122,1,369.325,1,,,1500,0.95,422.8947368,TrialProc,TrialList,flankerCL.jpg,1,1,Keyboard,2,7,178404,160,1,322,178726,5,1,80,Cong
FC,3,1,B,"<?xml version=""1.0""?>\n<Clock xmlns:dt=""urn:schemas-microsoft-com:datatypes""><Description dt:dt=""string"">E-Prime Primary Realtime Clock</Description><StartTime><Timestamp dt:dt=""int"">0</Timestamp><DateUtc dt:dt=""string"">2021-08-28T17:32:14Z</DateUtc></StartTime><FrequencyChanges><FrequencyChange><Frequency dt:dt=""r8"">10000000</Frequency><Timestamp dt:dt=""r8"">18921723877923</Timestamp><Current dt:dt=""r8"">0</Current><DateUtc dt:dt=""string"">2021-08-28T17:32:14Z</DateUtc></FrequencyChange></FrequencyChanges></Clock>\n",S,SL003_FCS7AB,7,1.0.0.262,1,143.973,-1899437437,Full,3.0.3.80,3.0.3.80,8/28/21,8/28/21 17:32,12:32:15,3.0.3.82,Keyboard,A,Keyboard,-999999,16,11715,0,1,1,1,1,BlockProc,BlockList,81,212,,,4,0.87804878,,1500,0.938271605,,TrialProc,TrialList,flankerIR.jpg,0,4,Keyboard,2,7,180071,159,1,377,180448,8,1,81,Incon
FC,3,1,B,"<?xml version=""1.0""?>\n<Clock xmlns:dt=""urn:schemas-microsoft-com:datatypes""><Description dt:dt=""string"">E-Prime Primary Realtime Clock</Description><StartTime><Timestamp dt:dt=""int"">0</Timestamp><DateUtc dt:dt=""string"">2021-08-28T17:32:14Z</DateUtc></StartTime><FrequencyChanges><FrequencyChange><Frequency dt:dt=""r8"">10000000</Frequency><Timestamp dt:dt=""r8"">18921723877923</Timestamp><Current dt:dt=""r8"">0</Current><DateUtc dt:dt=""string"">2021-08-28T17:32:14Z</DateUtc></FrequencyChange></FrequencyChanges></Clock>\n",S,SL003_FCS7AB,7,1.0.0.262,1,143.973,-1899437437,Full,3.0.3.80,3.0.3.80,8/28/21,8/28/21 17:32,12:32:15,3.0.3.82,Keyboard,A,Keyboard,-999999,16,11715,0,1,1,1,1,BlockProc,BlockList,82,212,,,4,0.880952381,484.6486486,1500,0.93902439,424.7402597,TrialProc,TrialList,flankerIR.jpg,1,4,Keyboard,3,7,181737,160,4,565,182302,8,1,82,Incon
FC,3,1,B,"<?xml version=""1.0""?>\n<Clock xmlns:dt=""urn:schemas-microsoft-com:datatypes""><Description dt:dt=""string"">E-Prime Primary Realtime Clock</Description><StartTime><Timestamp dt:dt=""int"">0</Timestamp><DateUtc dt:dt=""string"">2021-08-28T17:32:14Z</DateUtc></StartTime><FrequencyChanges><FrequencyChange><Frequency dt:dt=""r8"">10000000</Frequency><Timestamp dt:dt=""r8"">18921723877923</Timestamp><Current dt:dt=""r8"">0</Current><DateUtc dt:dt=""string"">2021-08-28T17:32:14Z</DateUtc></FrequencyChange></FrequencyChanges></Clock>\n",S,SL003_FCS7AB,7,1.0.0.262,1,143.973,-1899437437,Full,3.0.3.80,3.0.3.80,8/28/21,8/28/21 17:32,12:32:15,3.0.3.82,Keyboard,A,Keyboard,-999999,16,11715,0,1,1,1,1,BlockProc,BlockList,83,213,,,4,0.88372093,481.6052632,1698,0.939759036,424.025641,TrialProc,TrialList,flankerIR.jpg,1,4,Keyboard,2,7,183404,160,4,369,183773,9,1,83,Incon
FC,3,1,B,"<?xml version=""1.0""?>\n<Clock xmlns:dt=""urn:schemas-microsoft-com:datatypes""><Description dt:dt=""string"">E-Prime Primary Realtime Clock</Description><StartTime><Timestamp dt:dt=""int"">0</Timestamp><DateUtc dt:dt=""string"">2021-08-28T17:32:14Z</DateUtc></StartTime><FrequencyChanges><FrequencyChange><Frequency dt:dt=""r8"">10000000</Frequency><Timestamp dt:dt=""r8"">18921723877923</Timestamp><Current dt:dt=""r8"">0</Current><DateUtc dt:dt=""string"">2021-08-28T17:32:14Z</DateUtc></FrequencyChange></FrequencyChanges></Clock>\n",S,SL003_FCS7AB,7,1.0.0.262,1,143.973,-1899437437,Full,3.0.3.80,3.0.3.80,8/28/21,8/28/21 17:32,12:32:15,3.0.3.82,Keyboard,A,Keyboard,-999999,16,11715,0,1,1,1,1,BlockProc,BlockList,84,112,1,366.8536585,4,,,1500,0.94047619,422.0506329,TrialProc,TrialList,flankerCR.jpg,1,4,Keyboard,2,10,185272,160,4,268,185540,2,1,84,Cong
FC,3,1,B,"<?xml version=""1.0""?>\n<Clock xmlns:dt=""urn:schemas-microsoft-com:datatypes""><Description dt:dt=""string"">E-Prime Primary Realtime Clock</Description><StartTime><Timestamp dt:dt=""int"">0</Timestamp><DateUtc dt:dt=""string"">2021-08-28T17:32:14Z</DateUtc></StartTime><FrequencyChanges><FrequencyChange><Frequency dt:dt=""r8"">10000000</Frequency><Timestamp dt:dt=""r8"">18921723877923</Timestamp><Current dt:dt=""r8"">0</Current><DateUtc dt:dt=""string"">2021-08-28T17:32:14Z</DateUtc></FrequencyChange></FrequencyChanges></Clock>\n",S,SL003_FCS7AB,7,1.0.0.262,1,143.973,-1899437437,Full,3.0.3.80,3.0.3.80,8/28/21,8/28/21 17:32,12:32:15,3.0.3.82,Keyboard,A,Keyboard,-999999,16,11715,0,1,1,1,1,BlockProc,BlockList,85,222,,,1,0.863636364,,1500,0.929411765,,TrialProc,TrialList,flankerIL.jpg,0,1,Keyboard,3,6,186938,153,4,344,187282,11,1,85,Incon
FC,3,1,B,"<?xml version=""1.0""?>\n<Clock xmlns:dt=""urn:schemas-microsoft-com:datatypes""><Description dt:dt=""string"">E-Prime Primary Realtime Clock</Description><StartTime><Timestamp dt:dt=""int"">0</Timestamp><DateUtc dt:dt=""string"">2021-08-28T17:32:14Z</DateUtc></StartTime><FrequencyChanges><FrequencyChange><Frequency dt:dt=""r8"">10000000</Frequency><Timestamp dt:dt=""r8"">18921723877923</Timestamp><Current dt:dt=""r8"">0</Current><DateUtc dt:dt=""string"">2021-08-28T17:32:14Z</DateUtc></FrequencyChange></FrequencyChanges></Clock>\n",S,SL003_FCS7AB,7,1.0.0.262,1,143.973,-1899437437,Full,3.0.3.80,3.0.3.80,8/28/21,8/28/21 17:32,12:32:15,3.0.3.82,Keyboard,A,Keyboard,-999999,16,11715,0,1,1,1,1,BlockProc,BlockList,86,221,,,1,0.844444444,,1302,0.918604651,,TrialProc,TrialList,flankerIL.jpg,0,1,Keyboard,2,7,188598,160,4,290,188888,10,1,86,Incon
FC,3,1,B,"<?xml version=""1.0""?>\n<Clock xmlns:dt=""urn:schemas-microsoft-com:datatypes""><Description dt:dt=""string"">E-Prime Primary Realtime Clock</Description><StartTime><Timestamp dt:dt=""int"">0</Timestamp><DateUtc dt:dt=""string"">2021-08-28T17:32:14Z</DateUtc></StartTime><FrequencyChanges><FrequencyChange><Frequency dt:dt=""r8"">10000000</Frequency><Timestamp dt:dt=""r8"">18921723877923</Timestamp><Current dt:dt=""r8"">0</Current><DateUtc dt:dt=""string"">2021-08-28T17:32:14Z</DateUtc></FrequencyChange></FrequencyChanges></Clock>\n",S,SL003_FCS7AB,7,1.0.0.262,1,143.973,-1899437437,Full,3.0.3.80,3.0.3.80,8/28/21,8/28/21 17:32,12:32:15,3.0.3.82,Keyboard,A,Keyboard,-999999,16,11715,0,1,1,1,1,BlockProc,BlockList,87,121,1,367.3333333,1,,,1302,0.91954023,421.6125,TrialProc,TrialList,flankerCL.jpg,1,1,Keyboard,2,10,190070,153,1,387,190457,4,1,87,Cong
FC,3,1,B,"<?xml version=""1.0""?>\n<Clock xmlns:dt=""urn:schemas-microsoft-com:datatypes""><Description dt:dt=""string"">E-Prime Primary Realtime Clock</Description><StartTime><Timestamp dt:dt=""int"">0</Timestamp><DateUtc dt:dt=""string"">2021-08-28T17:32:14Z</DateUtc></StartTime><FrequencyChanges><FrequencyChange><Frequency dt:dt=""r8"">10000000</Frequency><Timestamp dt:dt=""r8"">18921723877923</Timestamp><Current dt:dt=""r8"">0</Current><DateUtc dt:dt=""string"">2021-08-28T17:32:14Z</DateUtc></FrequencyChange></FrequencyChanges></Clock>\n",S,SL003_FCS7AB,7,1.0.0.262,1,143.973,-1899437437,Full,3.0.3.80,3.0.3.80,8/28/21,8/28/21 17:32,12:32:15,3.0.3.82,Keyboard,A,Keyboard,-999999,16,11715,0,1,1,1,1,BlockProc,BlockList,88,121,1,367.372093,1,,,1302,0.920454545,420.962963,TrialProc,TrialList,flankerCL.jpg,1,1,Keyboard,2,11,191536,159,1,369,191905,4,1,88,Cong
FC,3,1,B,"<?xml version=""1.0""?>\n<Clock xmlns:dt=""urn:schemas-microsoft-com:datatypes""><Description dt:dt=""string"">E-Prime Primary Realtime Clock</Description><StartTime><Timestamp dt:dt=""int"">0</Timestamp><DateUtc dt:dt=""string"">2021-08-28T17:32:14Z</DateUtc></StartTime><FrequencyChanges><FrequencyChange><Frequency dt:dt=""r8"">10000000</Frequency><Timestamp dt:dt=""r8"">18921723877923</Timestamp><Current dt:dt=""r8"">0</Current><DateUtc dt:dt=""string"">2021-08-28T17:32:14Z</DateUtc></FrequencyChange></FrequencyChanges></Clock>\n",S,SL003_FCS7AB,7,1.0.0.262,1,143.973,-1899437437,Full,3.0.3.80,3.0.3.80,8/28/21,8/28/21 17:32,12:32:15,3.0.3.82,Keyboard,A,Keyboard,-999999,16,11715,0,1,1,1,1,BlockProc,BlockList,89,213,,,4,0.826086957,,1698,0.91011236,,TrialProc,TrialList,flankerIR.jpg,0,4,Keyboard,2,11,193008,159,1,330,193338,9,1,89,Incon
FC,3,1,B,"<?xml version=""1.0""?>\n<Clock xmlns:dt=""urn:schemas-microsoft-com:datatypes""><Description dt:dt=""string"">E-Prime Primary Realtime Clock</Description><StartTime><Timestamp dt:dt=""int"">0</Timestamp><DateUtc dt:dt=""string"">2021-08-28T17:32:14Z</DateUtc></StartTime><FrequencyChanges><FrequencyChange><Frequency dt:dt=""r8"">10000000</Frequency><Timestamp dt:dt=""r8"">18921723877923</Timestamp><Current dt:dt=""r8"">0</Current><DateUtc dt:dt=""string"">2021-08-28T17:32:14Z</DateUtc></FrequencyChange></FrequencyChanges></Clock>\n",S,SL003_FCS7AB,7,1.0.0.262,1,143.973,-1899437437,Full,3.0.3.80,3.0.3.80,8/28/21,8/28/21 17:32,12:32:15,3.0.3.82,Keyboard,A,Keyboard,-999999,16,11715,0,1,1,1,1,BlockProc,BlockList,90,112,1,369.6136364,4,,,1500,0.911111111,421.5121951,TrialProc,TrialList,flankerCR.jpg,1,4,Keyboard,2,11,194876,159,4,466,195342,2,1,90,Cong
FC,3,1,B,"<?xml version=""1.0""?>\n<Clock xmlns:dt=""urn:schemas-microsoft-com:datatypes""><Description dt:dt=""string"">E-Prime Primary Realtime Clock</Description><StartTime><Timestamp dt:dt=""int"">0</Timestamp><DateUtc dt:dt=""string"">2021-08-28T17:32:14Z</DateUtc></StartTime><FrequencyChanges><FrequencyChange><Frequency dt:dt=""r8"">10000000</Frequency><Timestamp dt:dt=""r8"">18921723877923</Timestamp><Current dt:dt=""r8"">0</Current><DateUtc dt:dt=""string"">2021-08-28T17:32:14Z</DateUtc></FrequencyChange></FrequencyChanges></Clock>\n",S,SL003_FCS7AB,7,1.0.0.262,1,143.973,-1899437437,Full,3.0.3.80,3.0.3.80,8/28/21,8/28/21 17:32,12:32:15,3.0.3.82,Keyboard,A,Keyboard,-999999,16,11715,0,1,1,1,1,BlockProc,BlockList,91,112,1,370.0444444,4,,,1500,0.912087912,421.1204819,TrialProc,TrialList,flankerCR.jpg,1,4,Keyboard,3,7,196542,160,4,389,196931,2,1,91,Cong
FC,3,1,B,"<?xml version=""1.0""?>\n<Clock xmlns:dt=""urn:schemas-microsoft-com:datatypes""><Description dt:dt=""string"">E-Prime Primary Realtime Clock</Description><StartTime><Timestamp dt:dt=""int"">0</Timestamp><DateUtc dt:dt=""string"">2021-08-28T17:32:14Z</DateUtc></StartTime><FrequencyChanges><FrequencyChange><Frequency dt:dt=""r8"">10000000</Frequency><Timestamp dt:dt=""r8"">18921723877923</Timestamp><Current dt:dt=""r8"">0</Current><DateUtc dt:dt=""string"">2021-08-28T17:32:14Z</DateUtc></FrequencyChange></FrequencyChanges></Clock>\n",S,SL003_FCS7AB,7,1.0.0.262,1,143.973,-1899437437,Full,3.0.3.80,3.0.3.80,8/28/21,8/28/21 17:32,12:32:15,3.0.3.82,Keyboard,A,Keyboard,-999999,16,11715,0,1,1,1,1,BlockProc,BlockList,92,123,1,369.9565217,1,,,1698,0.913043478,420.4642857,TrialProc,TrialList,flankerCL.jpg,1,1,Keyboard,2,7,198209,160,1,366,198575,6,1,92,Cong
FC,3,1,B,"<?xml version=""1.0""?>\n<Clock xmlns:dt=""urn:schemas-microsoft-com:datatypes""><Description dt:dt=""string"">E-Prime Primary Realtime Clock</Description><StartTime><Timestamp dt:dt=""int"">0</Timestamp><DateUtc dt:dt=""string"">2021-08-28T17:32:14Z</DateUtc></StartTime><FrequencyChanges><FrequencyChange><Frequency dt:dt=""r8"">10000000</Frequency><Timestamp dt:dt=""r8"">18921723877923</Timestamp><Current dt:dt=""r8"">0</Current><DateUtc dt:dt=""string"">2021-08-28T17:32:14Z</DateUtc></FrequencyChange></FrequencyChanges></Clock>\n",S,SL003_FCS7AB,7,1.0.0.262,1,143.973,-1899437437,Full,3.0.3.80,3.0.3.80,8/28/21,8/28/21 17:32,12:32:15,3.0.3.82,Keyboard,A,Keyboard,-999999,16,11715,0,1,1,1,1,BlockProc,BlockList,93,223,,,1,0.829787234,489.025641,1698,0.913978495,424.5882353,TrialProc,TrialList,flankerIL.jpg,1,1,Keyboard,2,10,200077,160,1,771,200848,12,1,93,Incon
FC,3,1,B,"<?xml version=""1.0""?>\n<Clock xmlns:dt=""urn:schemas-microsoft-com:datatypes""><Description dt:dt=""string"">E-Prime Primary Realtime Clock</Description><StartTime><Timestamp dt:dt=""int"">0</Timestamp><DateUtc dt:dt=""string"">2021-08-28T17:32:14Z</DateUtc></StartTime><FrequencyChanges><FrequencyChange><Frequency dt:dt=""r8"">10000000</Frequency><Timestamp dt:dt=""r8"">18921723877923</Timestamp><Current dt:dt=""r8"">0</Current><DateUtc dt:dt=""string"">2021-08-28T17:32:14Z</DateUtc></FrequencyChange></FrequencyChanges></Clock>\n",S,SL003_FCS7AB,7,1.0.0.262,1,143.973,-1899437437,Full,3.0.3.80,3.0.3.80,8/28/21,8/28/21 17:32,12:32:15,3.0.3.82,Keyboard,A,Keyboard,-999999,16,11715,0,1,1,1,1,BlockProc,BlockList,94,111,1,368.893617,4,,,1302,0.914893617,423.372093,TrialProc,TrialList,flankerCR.jpg,1,4,Keyboard,2,10,201945,160,4,320,202265,1,1,94,Cong
FC,3,1,B,"<?xml version=""1.0""?>\n<Clock xmlns:dt=""urn:schemas-microsoft-com:datatypes""><Description dt:dt=""string"">E-Prime Primary Realtime Clock</Description><StartTime><Timestamp dt:dt=""int"">0</Timestamp><DateUtc dt:dt=""string"">2021-08-28T17:32:14Z</DateUtc></StartTime><FrequencyChanges><FrequencyChange><Frequency dt:dt=""r8"">10000000</Frequency><Timestamp dt:dt=""r8"">18921723877923</Timestamp><Current dt:dt=""r8"">0</Current><DateUtc dt:dt=""string"">2021-08-28T17:32:14Z</DateUtc></FrequencyChange></FrequencyChanges></Clock>\n",S,SL003_FCS7AB,7,1.0.0.262,1,143.973,-1899437437,Full,3.0.3.80,3.0.3.80,8/28/21,8/28/21 17:32,12:32:15,3.0.3.82,Keyboard,A,Keyboard,-999999,16,11715,0,1,1,1,1,BlockProc,BlockList,95,113,1,368.9375,4,,,1698,0.915789474,422.7701149,TrialProc,TrialList,flankerCR.jpg,1,4,Keyboard,2,10,203417,160,4,371,203788,3,1,95,Cong
FC,3,1,B,"<?xml version=""1.0""?>\n<Clock xmlns:dt=""urn:schemas-microsoft-com:datatypes""><Description dt:dt=""string"">E-Prime Primary Realtime Clock</Description><StartTime><Timestamp dt:dt=""int"">0</Timestamp><DateUtc dt:dt=""string"">2021-08-28T17:32:14Z</DateUtc></StartTime><FrequencyChanges><FrequencyChange><Frequency dt:dt=""r8"">10000000</Frequency><Timestamp dt:dt=""r8"">18921723877923</Timestamp><Current dt:dt=""r8"">0</Current><DateUtc dt:dt=""string"">2021-08-28T17:32:14Z</DateUtc></FrequencyChange></FrequencyChanges></Clock>\n",S,SL003_FCS7AB,7,1.0.0.262,1,143.973,-1899437437,Full,3.0.3.80,3.0.3.80,8/28/21,8/28/21 17:32,12:32:15,3.0.3.82,Keyboard,A,Keyboard,-999999,16,11715,0,1,1,1,1,BlockProc,BlockList,96,211,,,4,0.8125,,1302,0.90625,,TrialProc,TrialList,flankerIR.jpg,0,4,Keyboard,2,10,205285,160,1,499,205784,7,1,96,Incon