C:\Users\pindus\Desktop\SITLess_Data\EXP1\COG\POST\FC\SL001\SL001_FCN6AA.edat3,,,,,,,,,,,,,,,,,,,,,,,,,,,,,,,,,,,,,,,,,,,,,,,,,,,,,,,,,,
ExperimentName,Subject,Session,BlockID,Clock.Information,CogSeq,DataFile.Basename,Day,ExperimentVersion,Group,Participant.RefreshRate,RandomSeed,RuntimeCapabilities,RuntimeVersion,RuntimeVersionExpected,SessionDate,SessionStartDateTimeUtc,SessionTime,StudioVersion,ThankYou.DEVICE,Timing,Welcome.DEVICE,Welcome.DurationError,Welcome.OnsetDelay,Welcome.OnsetTime,Welcome.OnsetToOnsetTime,Block,BlockList,BlockList.Cycle,BlockList.Sample,Procedure[Block],Running[Block],Trial,Condition,CongAcc,CongRT,CorrectAnswer,InconAcc,InconRT,ITI,OverallACC,OverallRT,Procedure[Trial],Running[Trial],Stimulus,Stimulus.ACC,Stimulus.CRESP,Stimulus.DEVICE,Stimulus.DurationError,Stimulus.OnsetDelay,Stimulus.OnsetTime,Stimulus.OnsetToOnsetTime,Stimulus.RESP,Stimulus.RT,Stimulus.RTTime,TrialList,TrialList.Cycle,TrialList.Sample,TrialType
FC,1,1,A,"<?xml version=""1.0""?>\n<Clock xmlns:dt=""urn:schemas-microsoft-com:datatypes""><Description dt:dt=""string"">E-Prime Primary Realtime Clock</Description><StartTime><Timestamp dt:dt=""int"">0</Timestamp><DateUtc dt:dt=""string"">2021-07-01T18:48:07Z</DateUtc></StartTime><FrequencyChanges><FrequencyChange><Frequency dt:dt=""r8"">10000000</Frequency><Timestamp dt:dt=""r8"">5283677866799</Timestamp><Current dt:dt=""r8"">0</Current><DateUtc dt:dt=""string"">2021-07-01T18:48:07Z</DateUtc></FrequencyChange></FrequencyChanges></Clock>\n",N,SL001_FCN6AA,6,1.0.0.262,1,143.921,870657807,Full,3.0.3.80,3.0.3.80,7/1/21,7/1/21 18:48,13:48:07,3.0.3.82,Keyboard,A,Keyboard,-999999,14,17721,0,1,1,1,1,BlockProc,BlockList,1,111,1,367,4,,,1302,1,367,TrialProc,TrialList,flankerCR.jpg,1,4,Keyboard,3,46,97294,167,4,367,97661,1,1,1,Cong
FC,1,1,A,"<?xml version=""1.0""?>\n<Clock xmlns:dt=""urn:schemas-microsoft-com:datatypes""><Description dt:dt=""string"">E-Prime Primary Realtime Clock</Description><StartTime><Timestamp dt:dt=""int"">0</Timestamp><DateUtc dt:dt=""string"">2021-07-01T18:48:07Z</DateUtc></StartTime><FrequencyChanges><FrequencyChange><Frequency dt:dt=""r8"">10000000</Frequency><Timestamp dt:dt=""r8"">5283677866799</Timestamp><Current dt:dt=""r8"">0</Current><DateUtc dt:dt=""string"">2021-07-01T18:48:07Z</DateUtc></FrequencyChange></FrequencyChanges></Clock>\n",N,SL001_FCN6AA,6,1.0.0.262,1,143.921,870657807,Full,3.0.3.80,3.0.3.80,7/1/21,7/1/21 18:48,13:48:07,3.0.3.82,Keyboard,A,Keyboard,-999999,14,17721,0,1,1,1,1,BlockProc,BlockList,2,211,,,4,0,,1302,0.5,,TrialProc,TrialList,flankerIR.jpg,0,4,Keyboard,3,17,98780,167,1,346,99126,7,1,2,Incon
FC,1,1,A,"<?xml version=""1.0""?>\n<Clock xmlns:dt=""urn:schemas-microsoft-com:datatypes""><Description dt:dt=""string"">E-Prime Primary Realtime Clock</Description><StartTime><Timestamp dt:dt=""int"">0</Timestamp><DateUtc dt:dt=""string"">2021-07-01T18:48:07Z</DateUtc></StartTime><FrequencyChanges><FrequencyChange><Frequency dt:dt=""r8"">10000000</Frequency><Timestamp dt:dt=""r8"">5283677866799</Timestamp><Current dt:dt=""r8"">0</Current><DateUtc dt:dt=""string"">2021-07-01T18:48:07Z</DateUtc></FrequencyChange></FrequencyChanges></Clock>\n",N,SL001_FCN6AA,6,1.0.0.262,1,143.921,870657807,Full,3.0.3.80,3.0.3.80,7/1/21,7/1/21 18:48,13:48:07,3.0.3.82,Keyboard,A,Keyboard,-999999,14,17721,0,1,1,1,1,BlockProc,BlockList,3,121,1,366,1,,,1302,0.666666667,366,TrialProc,TrialList,flankerCL.jpg,1,1,Keyboard,2,18,100267,166,1,365,100632,4,1,3,Cong
FC,1,1,A,"<?xml version=""1.0""?>\n<Clock xmlns:dt=""urn:schemas-microsoft-com:datatypes""><Description dt:dt=""string"">E-Prime Primary Realtime Clock</Description><StartTime><Timestamp dt:dt=""int"">0</Timestamp><DateUtc dt:dt=""string"">2021-07-01T18:48:07Z</DateUtc></StartTime><FrequencyChanges><FrequencyChange><Frequency dt:dt=""r8"">10000000</Frequency><Timestamp dt:dt=""r8"">5283677866799</Timestamp><Current dt:dt=""r8"">0</Current><DateUtc dt:dt=""string"">2021-07-01T18:48:07Z</DateUtc></FrequencyChange></FrequencyChanges></Clock>\n",N,SL001_FCN6AA,6,1.0.0.262,1,143.921,870657807,Full,3.0.3.80,3.0.3.80,7/1/21,7/1/21 18:48,13:48:07,3.0.3.82,Keyboard,A,Keyboard,-999999,14,17721,0,1,1,1,1,BlockProc,BlockList,4,212,,,4,0.5,358,1500,0.75,363.3333333,TrialProc,TrialList,flankerIR.jpg,1,4,Keyboard,2,18,101753,159,4,358,102111,8,1,4,Incon
FC,1,1,A,"<?xml version=""1.0""?>\n<Clock xmlns:dt=""urn:schemas-microsoft-com:datatypes""><Description dt:dt=""string"">E-Prime Primary Realtime Clock</Description><StartTime><Timestamp dt:dt=""int"">0</Timestamp><DateUtc dt:dt=""string"">2021-07-01T18:48:07Z</DateUtc></StartTime><FrequencyChanges><FrequencyChange><Frequency dt:dt=""r8"">10000000</Frequency><Timestamp dt:dt=""r8"">5283677866799</Timestamp><Current dt:dt=""r8"">0</Current><DateUtc dt:dt=""string"">2021-07-01T18:48:07Z</DateUtc></FrequencyChange></FrequencyChanges></Clock>\n",N,SL001_FCN6AA,6,1.0.0.262,1,143.921,870657807,Full,3.0.3.80,3.0.3.80,7/1/21,7/1/21 18:48,13:48:07,3.0.3.82,Keyboard,A,Keyboard,-999999,14,17721,0,1,1,1,1,BlockProc,BlockList,5,221,,,1,0.666666667,370,1302,0.8,368,TrialProc,TrialList,flankerIL.jpg,1,1,Keyboard,2,14,103426,160,1,382,103808,10,1,5,Incon
FC,1,1,A,"<?xml version=""1.0""?>\n<Clock xmlns:dt=""urn:schemas-microsoft-com:datatypes""><Description dt:dt=""string"">E-Prime Primary Realtime Clock</Description><StartTime><Timestamp dt:dt=""int"">0</Timestamp><DateUtc dt:dt=""string"">2021-07-01T18:48:07Z</DateUtc></StartTime><FrequencyChanges><FrequencyChange><Frequency dt:dt=""r8"">10000000</Frequency><Timestamp dt:dt=""r8"">5283677866799</Timestamp><Current dt:dt=""r8"">0</Current><DateUtc dt:dt=""string"">2021-07-01T18:48:07Z</DateUtc></FrequencyChange></FrequencyChanges></Clock>\n",N,SL001_FCN6AA,6,1.0.0.262,1,143.921,870657807,Full,3.0.3.80,3.0.3.80,7/1/21,7/1/21 18:48,13:48:07,3.0.3.82,Keyboard,A,Keyboard,-999999,14,17721,0,1,1,1,1,BlockProc,BlockList,6,223,,,1,0.75,421,1698,0.833333333,399,TrialProc,TrialList,flankerIL.jpg,1,1,Keyboard,2,17,104905,160,1,523,105428,12,1,6,Incon
FC,1,1,A,"<?xml version=""1.0""?>\n<Clock xmlns:dt=""urn:schemas-microsoft-com:datatypes""><Description dt:dt=""string"">E-Prime Primary Realtime Clock</Description><StartTime><Timestamp dt:dt=""int"">0</Timestamp><DateUtc dt:dt=""string"">2021-07-01T18:48:07Z</DateUtc></StartTime><FrequencyChanges><FrequencyChange><Frequency dt:dt=""r8"">10000000</Frequency><Timestamp dt:dt=""r8"">5283677866799</Timestamp><Current dt:dt=""r8"">0</Current><DateUtc dt:dt=""string"">2021-07-01T18:48:07Z</DateUtc></FrequencyChange></FrequencyChanges></Clock>\n",N,SL001_FCN6AA,6,1.0.0.262,1,143.921,870657807,Full,3.0.3.80,3.0.3.80,7/1/21,7/1/21 18:48,13:48:07,3.0.3.82,Keyboard,A,Keyboard,-999999,14,17721,0,1,1,1,1,BlockProc,BlockList,7,112,1,361.6666667,4,,,1500,0.857142857,391.3333333,TrialProc,TrialList,flankerCR.jpg,1,4,Keyboard,2,17,106780,160,4,353,107133,2,1,7,Cong
FC,1,1,A,"<?xml version=""1.0""?>\n<Clock xmlns:dt=""urn:schemas-microsoft-com:datatypes""><Description dt:dt=""string"">E-Prime Primary Realtime Clock</Description><StartTime><Timestamp dt:dt=""int"">0</Timestamp><DateUtc dt:dt=""string"">2021-07-01T18:48:07Z</DateUtc></StartTime><FrequencyChanges><FrequencyChange><Frequency dt:dt=""r8"">10000000</Frequency><Timestamp dt:dt=""r8"">5283677866799</Timestamp><Current dt:dt=""r8"">0</Current><DateUtc dt:dt=""string"">2021-07-01T18:48:07Z</DateUtc></FrequencyChange></FrequencyChanges></Clock>\n",N,SL001_FCN6AA,6,1.0.0.262,1,143.921,870657807,Full,3.0.3.80,3.0.3.80,7/1/21,7/1/21 18:48,13:48:07,3.0.3.82,Keyboard,A,Keyboard,-999999,14,17721,0,1,1,1,1,BlockProc,BlockList,8,111,1,341.75,4,,,1302,0.875,375.7142857,TrialProc,TrialList,flankerCR.jpg,1,4,Keyboard,2,14,108454,159,4,282,108736,1,1,8,Cong
FC,1,1,A,"<?xml version=""1.0""?>\n<Clock xmlns:dt=""urn:schemas-microsoft-com:datatypes""><Description dt:dt=""string"">E-Prime Primary Realtime Clock</Description><StartTime><Timestamp dt:dt=""int"">0</Timestamp><DateUtc dt:dt=""string"">2021-07-01T18:48:07Z</DateUtc></StartTime><FrequencyChanges><FrequencyChange><Frequency dt:dt=""r8"">10000000</Frequency><Timestamp dt:dt=""r8"">5283677866799</Timestamp><Current dt:dt=""r8"">0</Current><DateUtc dt:dt=""string"">2021-07-01T18:48:07Z</DateUtc></FrequencyChange></FrequencyChanges></Clock>\n",N,SL001_FCN6AA,6,1.0.0.262,1,143.921,870657807,Full,3.0.3.80,3.0.3.80,7/1/21,7/1/21 18:48,13:48:07,3.0.3.82,Keyboard,A,Keyboard,-999999,14,17721,0,1,1,1,1,BlockProc,BlockList,9,212,,,4,0.8,420.5,1500,0.888888889,381.125,TrialProc,TrialList,flankerIR.jpg,1,4,Keyboard,2,18,109933,160,4,419,110352,8,1,9,Incon
FC,1,1,A,"<?xml version=""1.0""?>\n<Clock xmlns:dt=""urn:schemas-microsoft-com:datatypes""><Description dt:dt=""string"">E-Prime Primary Realtime Clock</Description><StartTime><Timestamp dt:dt=""int"">0</Timestamp><DateUtc dt:dt=""string"">2021-07-01T18:48:07Z</DateUtc></StartTime><FrequencyChanges><FrequencyChange><Frequency dt:dt=""r8"">10000000</Frequency><Timestamp dt:dt=""r8"">5283677866799</Timestamp><Current dt:dt=""r8"">0</Current><DateUtc dt:dt=""string"">2021-07-01T18:48:07Z</DateUtc></FrequencyChange></FrequencyChanges></Clock>\n",N,SL001_FCN6AA,6,1.0.0.262,1,143.921,870657807,Full,3.0.3.80,3.0.3.80,7/1/21,7/1/21 18:48,13:48:07,3.0.3.82,Keyboard,A,Keyboard,-999999,14,17721,0,1,1,1,1,BlockProc,BlockList,10,111,1,335.8,4,,,1302,0.9,373.4444444,TrialProc,TrialList,flankerCR.jpg,1,4,Keyboard,3,13,111606,160,4,312,111918,1,1,10,Cong
FC,1,1,A,"<?xml version=""1.0""?>\n<Clock xmlns:dt=""urn:schemas-microsoft-com:datatypes""><Description dt:dt=""string"">E-Prime Primary Realtime Clock</Description><StartTime><Timestamp dt:dt=""int"">0</Timestamp><DateUtc dt:dt=""string"">2021-07-01T18:48:07Z</DateUtc></StartTime><FrequencyChanges><FrequencyChange><Frequency dt:dt=""r8"">10000000</Frequency><Timestamp dt:dt=""r8"">5283677866799</Timestamp><Current dt:dt=""r8"">0</Current><DateUtc dt:dt=""string"">2021-07-01T18:48:07Z</DateUtc></FrequencyChange></FrequencyChanges></Clock>\n",N,SL001_FCN6AA,6,1.0.0.262,1,143.921,870657807,Full,3.0.3.80,3.0.3.80,7/1/21,7/1/21 18:48,13:48:07,3.0.3.82,Keyboard,A,Keyboard,-999999,14,17721,0,1,1,1,1,BlockProc,BlockList,11,112,1,335.3333333,4,,,1500,0.909090909,369.4,TrialProc,TrialList,flankerCR.jpg,1,4,Keyboard,2,18,113086,159,4,333,113419,2,1,11,Cong
FC,1,1,A,"<?xml version=""1.0""?>\n<Clock xmlns:dt=""urn:schemas-microsoft-com:datatypes""><Description dt:dt=""string"">E-Prime Primary Realtime Clock</Description><StartTime><Timestamp dt:dt=""int"">0</Timestamp><DateUtc dt:dt=""string"">2021-07-01T18:48:07Z</DateUtc></StartTime><FrequencyChanges><FrequencyChange><Frequency dt:dt=""r8"">10000000</Frequency><Timestamp dt:dt=""r8"">5283677866799</Timestamp><Current dt:dt=""r8"">0</Current><DateUtc dt:dt=""string"">2021-07-01T18:48:07Z</DateUtc></FrequencyChange></FrequencyChanges></Clock>\n",N,SL001_FCN6AA,6,1.0.0.262,1,143.921,870657807,Full,3.0.3.80,3.0.3.80,7/1/21,7/1/21 18:48,13:48:07,3.0.3.82,Keyboard,A,Keyboard,-999999,14,17721,0,1,1,1,1,BlockProc,BlockList,12,112,1,336.8571429,4,,,1500,0.916666667,367.2727273,TrialProc,TrialList,flankerCR.jpg,1,4,Keyboard,2,14,114759,160,4,346,115105,2,1,12,Cong
FC,1,1,A,"<?xml version=""1.0""?>\n<Clock xmlns:dt=""urn:schemas-microsoft-com:datatypes""><Description dt:dt=""string"">E-Prime Primary Realtime Clock</Description><StartTime><Timestamp dt:dt=""int"">0</Timestamp><DateUtc dt:dt=""string"">2021-07-01T18:48:07Z</DateUtc></StartTime><FrequencyChanges><FrequencyChange><Frequency dt:dt=""r8"">10000000</Frequency><Timestamp dt:dt=""r8"">5283677866799</Timestamp><Current dt:dt=""r8"">0</Current><DateUtc dt:dt=""string"">2021-07-01T18:48:07Z</DateUtc></FrequencyChange></FrequencyChanges></Clock>\n",N,SL001_FCN6AA,6,1.0.0.262,1,143.921,870657807,Full,3.0.3.80,3.0.3.80,7/1/21,7/1/21 18:48,13:48:07,3.0.3.82,Keyboard,A,Keyboard,-999999,14,17721,0,1,1,1,1,BlockProc,BlockList,13,221,,,1,0.833333333,422.4,1302,0.923076923,372.5,TrialProc,TrialList,flankerIL.jpg,1,1,Keyboard,2,14,116433,159,1,430,116863,10,1,13,Incon
FC,1,1,A,"<?xml version=""1.0""?>\n<Clock xmlns:dt=""urn:schemas-microsoft-com:datatypes""><Description dt:dt=""string"">E-Prime Primary Realtime Clock</Description><StartTime><Timestamp dt:dt=""int"">0</Timestamp><DateUtc dt:dt=""string"">2021-07-01T18:48:07Z</DateUtc></StartTime><FrequencyChanges><FrequencyChange><Frequency dt:dt=""r8"">10000000</Frequency><Timestamp dt:dt=""r8"">5283677866799</Timestamp><Current dt:dt=""r8"">0</Current><DateUtc dt:dt=""string"">2021-07-01T18:48:07Z</DateUtc></FrequencyChange></FrequencyChanges></Clock>\n",N,SL001_FCN6AA,6,1.0.0.262,1,143.921,870657807,Full,3.0.3.80,3.0.3.80,7/1/21,7/1/21 18:48,13:48:07,3.0.3.82,Keyboard,A,Keyboard,-999999,14,17721,0,1,1,1,1,BlockProc,BlockList,14,213,,,4,0.857142857,426.3333333,1698,0.928571429,378.1538462,TrialProc,TrialList,flankerIR.jpg,1,4,Keyboard,2,18,117912,159,4,446,118358,9,1,14,Incon
FC,1,1,A,"<?xml version=""1.0""?>\n<Clock xmlns:dt=""urn:schemas-microsoft-com:datatypes""><Description dt:dt=""string"">E-Prime Primary Realtime Clock</Description><StartTime><Timestamp dt:dt=""int"">0</Timestamp><DateUtc dt:dt=""string"">2021-07-01T18:48:07Z</DateUtc></StartTime><FrequencyChanges><FrequencyChange><Frequency dt:dt=""r8"">10000000</Frequency><Timestamp dt:dt=""r8"">5283677866799</Timestamp><Current dt:dt=""r8"">0</Current><DateUtc dt:dt=""string"">2021-07-01T18:48:07Z</DateUtc></FrequencyChange></FrequencyChanges></Clock>\n",N,SL001_FCN6AA,6,1.0.0.262,1,143.921,870657807,Full,3.0.3.80,3.0.3.80,7/1/21,7/1/21 18:48,13:48:07,3.0.3.82,Keyboard,A,Keyboard,-999999,14,17721,0,1,1,1,1,BlockProc,BlockList,15,123,1,337.75,1,,,1698,0.933333333,375.7142857,TrialProc,TrialList,flankerCL.jpg,1,1,Keyboard,2,18,119787,159,1,344,120131,6,1,15,Cong
FC,1,1,A,"<?xml version=""1.0""?>\n<Clock xmlns:dt=""urn:schemas-microsoft-com:datatypes""><Description dt:dt=""string"">E-Prime Primary Realtime Clock</Description><StartTime><Timestamp dt:dt=""int"">0</Timestamp><DateUtc dt:dt=""string"">2021-07-01T18:48:07Z</DateUtc></StartTime><FrequencyChanges><FrequencyChange><Frequency dt:dt=""r8"">10000000</Frequency><Timestamp dt:dt=""r8"">5283677866799</Timestamp><Current dt:dt=""r8"">0</Current><DateUtc dt:dt=""string"">2021-07-01T18:48:07Z</DateUtc></FrequencyChange></FrequencyChanges></Clock>\n",N,SL001_FCN6AA,6,1.0.0.262,1,143.921,870657807,Full,3.0.3.80,3.0.3.80,7/1/21,7/1/21 18:48,13:48:07,3.0.3.82,Keyboard,A,Keyboard,-999999,14,17721,0,1,1,1,1,BlockProc,BlockList,16,222,,,1,0.875,415.2857143,1500,0.9375,373.9333333,TrialProc,TrialList,flankerIL.jpg,1,1,Keyboard,2,11,121655,159,1,349,122004,11,1,16,Incon
FC,1,1,A,"<?xml version=""1.0""?>\n<Clock xmlns:dt=""urn:schemas-microsoft-com:datatypes""><Description dt:dt=""string"">E-Prime Primary Realtime Clock</Description><StartTime><Timestamp dt:dt=""int"">0</Timestamp><DateUtc dt:dt=""string"">2021-07-01T18:48:07Z</DateUtc></StartTime><FrequencyChanges><FrequencyChange><Frequency dt:dt=""r8"">10000000</Frequency><Timestamp dt:dt=""r8"">5283677866799</Timestamp><Current dt:dt=""r8"">0</Current><DateUtc dt:dt=""string"">2021-07-01T18:48:07Z</DateUtc></FrequencyChange></FrequencyChanges></Clock>\n",N,SL001_FCN6AA,6,1.0.0.262,1,143.921,870657807,Full,3.0.3.80,3.0.3.80,7/1/21,7/1/21 18:48,13:48:07,3.0.3.82,Keyboard,A,Keyboard,-999999,14,17721,0,1,1,1,1,BlockProc,BlockList,17,213,,,4,0.888888889,418.25,1698,0.941176471,378,TrialProc,TrialList,flankerIR.jpg,1,4,Keyboard,2,14,123328,160,4,439,123767,9,1,17,Incon
FC,1,1,A,"<?xml version=""1.0""?>\n<Clock xmlns:dt=""urn:schemas-microsoft-com:datatypes""><Description dt:dt=""string"">E-Prime Primary Realtime Clock</Description><StartTime><Timestamp dt:dt=""int"">0</Timestamp><DateUtc dt:dt=""string"">2021-07-01T18:48:07Z</DateUtc></StartTime><FrequencyChanges><FrequencyChange><Frequency dt:dt=""r8"">10000000</Frequency><Timestamp dt:dt=""r8"">5283677866799</Timestamp><Current dt:dt=""r8"">0</Current><DateUtc dt:dt=""string"">2021-07-01T18:48:07Z</DateUtc></FrequencyChange></FrequencyChanges></Clock>\n",N,SL001_FCN6AA,6,1.0.0.262,1,143.921,870657807,Full,3.0.3.80,3.0.3.80,7/1/21,7/1/21 18:48,13:48:07,3.0.3.82,Keyboard,A,Keyboard,-999999,14,17721,0,1,1,1,1,BlockProc,BlockList,18,121,1,337.5555556,1,,,1302,0.944444444,375.5294118,TrialProc,TrialList,flankerCL.jpg,1,1,Keyboard,2,17,125203,160,1,336,125539,4,1,18,Cong
FC,1,1,A,"<?xml version=""1.0""?>\n<Clock xmlns:dt=""urn:schemas-microsoft-com:datatypes""><Description dt:dt=""string"">E-Prime Primary Realtime Clock</Description><StartTime><Timestamp dt:dt=""int"">0</Timestamp><DateUtc dt:dt=""string"">2021-07-01T18:48:07Z</DateUtc></StartTime><FrequencyChanges><FrequencyChange><Frequency dt:dt=""r8"">10000000</Frequency><Timestamp dt:dt=""r8"">5283677866799</Timestamp><Current dt:dt=""r8"">0</Current><DateUtc dt:dt=""string"">2021-07-01T18:48:07Z</DateUtc></FrequencyChange></FrequencyChanges></Clock>\n",N,SL001_FCN6AA,6,1.0.0.262,1,143.921,870657807,Full,3.0.3.80,3.0.3.80,7/1/21,7/1/21 18:48,13:48:07,3.0.3.82,Keyboard,A,Keyboard,-999999,14,17721,0,1,1,1,1,BlockProc,BlockList,19,222,,,1,0.9,419.1111111,1500,0.947368421,378.3333333,TrialProc,TrialList,flankerIL.jpg,1,1,Keyboard,2,17,126682,160,1,426,127108,11,1,19,Incon
FC,1,1,A,"<?xml version=""1.0""?>\n<Clock xmlns:dt=""urn:schemas-microsoft-com:datatypes""><Description dt:dt=""string"">E-Prime Primary Realtime Clock</Description><StartTime><Timestamp dt:dt=""int"">0</Timestamp><DateUtc dt:dt=""string"">2021-07-01T18:48:07Z</DateUtc></StartTime><FrequencyChanges><FrequencyChange><Frequency dt:dt=""r8"">10000000</Frequency><Timestamp dt:dt=""r8"">5283677866799</Timestamp><Current dt:dt=""r8"">0</Current><DateUtc dt:dt=""string"">2021-07-01T18:48:07Z</DateUtc></FrequencyChange></FrequencyChanges></Clock>\n",N,SL001_FCN6AA,6,1.0.0.262,1,143.921,870657807,Full,3.0.3.80,3.0.3.80,7/1/21,7/1/21 18:48,13:48:07,3.0.3.82,Keyboard,A,Keyboard,-999999,14,17721,0,1,1,1,1,BlockProc,BlockList,20,223,,,1,0.909090909,423.9,1698,0.95,383,TrialProc,TrialList,flankerIL.jpg,1,1,Keyboard,2,7,128349,160,1,467,128816,12,1,20,Incon
FC,1,1,A,"<?xml version=""1.0""?>\n<Clock xmlns:dt=""urn:schemas-microsoft-com:datatypes""><Description dt:dt=""string"">E-Prime Primary Realtime Clock</Description><StartTime><Timestamp dt:dt=""int"">0</Timestamp><DateUtc dt:dt=""string"">2021-07-01T18:48:07Z</DateUtc></StartTime><FrequencyChanges><FrequencyChange><Frequency dt:dt=""r8"">10000000</Frequency><Timestamp dt:dt=""r8"">5283677866799</Timestamp><Current dt:dt=""r8"">0</Current><DateUtc dt:dt=""string"">2021-07-01T18:48:07Z</DateUtc></FrequencyChange></FrequencyChanges></Clock>\n",N,SL001_FCN6AA,6,1.0.0.262,1,143.921,870657807,Full,3.0.3.80,3.0.3.80,7/1/21,7/1/21 18:48,13:48:07,3.0.3.82,Keyboard,A,Keyboard,-999999,14,17721,0,1,1,1,1,BlockProc,BlockList,21,221,,,1,0.916666667,419.5454545,1302,0.952380952,382.65,TrialProc,TrialList,flankerIL.jpg,1,1,Keyboard,2,17,130224,159,1,376,130600,10,1,21,Incon
FC,1,1,A,"<?xml version=""1.0""?>\n<Clock xmlns:dt=""urn:schemas-microsoft-com:datatypes""><Description dt:dt=""string"">E-Prime Primary Realtime Clock</Description><StartTime><Timestamp dt:dt=""int"">0</Timestamp><DateUtc dt:dt=""string"">2021-07-01T18:48:07Z</DateUtc></StartTime><FrequencyChanges><FrequencyChange><Frequency dt:dt=""r8"">10000000</Frequency><Timestamp dt:dt=""r8"">5283677866799</Timestamp><Current dt:dt=""r8"">0</Current><DateUtc dt:dt=""string"">2021-07-01T18:48:07Z</DateUtc></FrequencyChange></FrequencyChanges></Clock>\n",N,SL001_FCN6AA,6,1.0.0.262,1,143.921,870657807,Full,3.0.3.80,3.0.3.80,7/1/21,7/1/21 18:48,13:48:07,3.0.3.82,Keyboard,A,Keyboard,-999999,14,17721,0,1,1,1,1,BlockProc,BlockList,22,221,,,1,0.923076923,420.1666667,1302,0.954545455,384.7619048,TrialProc,TrialList,flankerIL.jpg,1,1,Keyboard,2,11,131696,160,1,427,132123,10,1,22,Incon
FC,1,1,A,"<?xml version=""1.0""?>\n<Clock xmlns:dt=""urn:schemas-microsoft-com:datatypes""><Description dt:dt=""string"">E-Prime Primary Realtime Clock</Description><StartTime><Timestamp dt:dt=""int"">0</Timestamp><DateUtc dt:dt=""string"">2021-07-01T18:48:07Z</DateUtc></StartTime><FrequencyChanges><FrequencyChange><Frequency dt:dt=""r8"">10000000</Frequency><Timestamp dt:dt=""r8"">5283677866799</Timestamp><Current dt:dt=""r8"">0</Current><DateUtc dt:dt=""string"">2021-07-01T18:48:07Z</DateUtc></FrequencyChange></FrequencyChanges></Clock>\n",N,SL001_FCN6AA,6,1.0.0.262,1,143.921,870657807,Full,3.0.3.80,3.0.3.80,7/1/21,7/1/21 18:48,13:48:07,3.0.3.82,Keyboard,A,Keyboard,-999999,14,17721,0,1,1,1,1,BlockProc,BlockList,23,213,,,4,0.928571429,415.3076923,1698,0.956521739,383.5,TrialProc,TrialList,flankerIR.jpg,1,4,Keyboard,2,10,133168,160,4,357,133525,9,1,23,Incon
FC,1,1,A,"<?xml version=""1.0""?>\n<Clock xmlns:dt=""urn:schemas-microsoft-com:datatypes""><Description dt:dt=""string"">E-Prime Primary Realtime Clock</Description><StartTime><Timestamp dt:dt=""int"">0</Timestamp><DateUtc dt:dt=""string"">2021-07-01T18:48:07Z</DateUtc></StartTime><FrequencyChanges><FrequencyChange><Frequency dt:dt=""r8"">10000000</Frequency><Timestamp dt:dt=""r8"">5283677866799</Timestamp><Current dt:dt=""r8"">0</Current><DateUtc dt:dt=""string"">2021-07-01T18:48:07Z</DateUtc></FrequencyChange></FrequencyChanges></Clock>\n",N,SL001_FCN6AA,6,1.0.0.262,1,143.921,870657807,Full,3.0.3.80,3.0.3.80,7/1/21,7/1/21 18:48,13:48:07,3.0.3.82,Keyboard,A,Keyboard,-999999,14,17721,0,1,1,1,1,BlockProc,BlockList,24,121,1,337.1,1,,,1302,0.958333333,381.3043478,TrialProc,TrialList,flankerCL.jpg,1,1,Keyboard,2,17,135043,160,1,333,135376,4,1,24,Cong
FC,1,1,A,"<?xml version=""1.0""?>\n<Clock xmlns:dt=""urn:schemas-microsoft-com:datatypes""><Description dt:dt=""string"">E-Prime Primary Realtime Clock</Description><StartTime><Timestamp dt:dt=""int"">0</Timestamp><DateUtc dt:dt=""string"">2021-07-01T18:48:07Z</DateUtc></StartTime><FrequencyChanges><FrequencyChange><Frequency dt:dt=""r8"">10000000</Frequency><Timestamp dt:dt=""r8"">5283677866799</Timestamp><Current dt:dt=""r8"">0</Current><DateUtc dt:dt=""string"">2021-07-01T18:48:07Z</DateUtc></FrequencyChange></FrequencyChanges></Clock>\n",N,SL001_FCN6AA,6,1.0.0.262,1,143.921,870657807,Full,3.0.3.80,3.0.3.80,7/1/21,7/1/21 18:48,13:48:07,3.0.3.82,Keyboard,A,Keyboard,-999999,14,17721,0,1,1,1,1,BlockProc,BlockList,25,113,1,336.1818182,4,,,1698,0.96,379.0416667,TrialProc,TrialList,flankerCR.jpg,1,4,Keyboard,2,10,136515,160,4,327,136842,3,1,25,Cong
FC,1,1,A,"<?xml version=""1.0""?>\n<Clock xmlns:dt=""urn:schemas-microsoft-com:datatypes""><Description dt:dt=""string"">E-Prime Primary Realtime Clock</Description><StartTime><Timestamp dt:dt=""int"">0</Timestamp><DateUtc dt:dt=""string"">2021-07-01T18:48:07Z</DateUtc></StartTime><FrequencyChanges><FrequencyChange><Frequency dt:dt=""r8"">10000000</Frequency><Timestamp dt:dt=""r8"">5283677866799</Timestamp><Current dt:dt=""r8"">0</Current><DateUtc dt:dt=""string"">2021-07-01T18:48:07Z</DateUtc></FrequencyChange></FrequencyChanges></Clock>\n",N,SL001_FCN6AA,6,1.0.0.262,1,143.921,870657807,Full,3.0.3.80,3.0.3.80,7/1/21,7/1/21 18:48,13:48:07,3.0.3.82,Keyboard,A,Keyboard,-999999,14,17721,0,1,1,1,1,BlockProc,BlockList,26,122,1,342.0833333,1,,,1500,0.961538462,380.16,TrialProc,TrialList,flankerCL.jpg,1,1,Keyboard,2,17,138390,160,1,407,138797,5,1,26,Cong
FC,1,1,A,"<?xml version=""1.0""?>\n<Clock xmlns:dt=""urn:schemas-microsoft-com:datatypes""><Description dt:dt=""string"">E-Prime Primary Realtime Clock</Description><StartTime><Timestamp dt:dt=""int"">0</Timestamp><DateUtc dt:dt=""string"">2021-07-01T18:48:07Z</DateUtc></StartTime><FrequencyChanges><FrequencyChange><Frequency dt:dt=""r8"">10000000</Frequency><Timestamp dt:dt=""r8"">5283677866799</Timestamp><Current dt:dt=""r8"">0</Current><DateUtc dt:dt=""string"">2021-07-01T18:48:07Z</DateUtc></FrequencyChange></FrequencyChanges></Clock>\n",N,SL001_FCN6AA,6,1.0.0.262,1,143.921,870657807,Full,3.0.3.80,3.0.3.80,7/1/21,7/1/21 18:48,13:48:07,3.0.3.82,Keyboard,A,Keyboard,-999999,14,17721,0,1,1,1,1,BlockProc,BlockList,27,221,,,1,0.933333333,413.9285714,1302,0.962962963,380.7692308,TrialProc,TrialList,flankerIL.jpg,1,1,Keyboard,2,7,140057,159,1,396,140453,10,1,27,Incon
FC,1,1,A,"<?xml version=""1.0""?>\n<Clock xmlns:dt=""urn:schemas-microsoft-com:datatypes""><Description dt:dt=""string"">E-Prime Primary Realtime Clock</Description><StartTime><Timestamp dt:dt=""int"">0</Timestamp><DateUtc dt:dt=""string"">2021-07-01T18:48:07Z</DateUtc></StartTime><FrequencyChanges><FrequencyChange><Frequency dt:dt=""r8"">10000000</Frequency><Timestamp dt:dt=""r8"">5283677866799</Timestamp><Current dt:dt=""r8"">0</Current><DateUtc dt:dt=""string"">2021-07-01T18:48:07Z</DateUtc></FrequencyChange></FrequencyChanges></Clock>\n",N,SL001_FCN6AA,6,1.0.0.262,1,143.921,870657807,Full,3.0.3.80,3.0.3.80,7/1/21,7/1/21 18:48,13:48:07,3.0.3.82,Keyboard,A,Keyboard,-999999,14,17721,0,1,1,1,1,BlockProc,BlockList,28,221,,,1,0.9375,411.8666667,1302,0.964285714,380.8518519,TrialProc,TrialList,flankerIL.jpg,1,1,Keyboard,2,11,141529,160,1,383,141912,10,1,28,Incon
FC,1,1,A,"<?xml version=""1.0""?>\n<Clock xmlns:dt=""urn:schemas-microsoft-com:datatypes""><Description dt:dt=""string"">E-Prime Primary Realtime Clock</Description><StartTime><Timestamp dt:dt=""int"">0</Timestamp><DateUtc dt:dt=""string"">2021-07-01T18:48:07Z</DateUtc></StartTime><FrequencyChanges><FrequencyChange><Frequency dt:dt=""r8"">10000000</Frequency><Timestamp dt:dt=""r8"">5283677866799</Timestamp><Current dt:dt=""r8"">0</Current><DateUtc dt:dt=""string"">2021-07-01T18:48:07Z</DateUtc></FrequencyChange></FrequencyChanges></Clock>\n",N,SL001_FCN6AA,6,1.0.0.262,1,143.921,870657807,Full,3.0.3.80,3.0.3.80,7/1/21,7/1/21 18:48,13:48:07,3.0.3.82,Keyboard,A,Keyboard,-999999,14,17721,0,1,1,1,1,BlockProc,BlockList,29,121,1,341.4615385,1,,,1302,0.965517241,379.1785714,TrialProc,TrialList,flankerCL.jpg,1,1,Keyboard,2,10,143001,160,1,334,143335,4,1,29,Cong
FC,1,1,A,"<?xml version=""1.0""?>\n<Clock xmlns:dt=""urn:schemas-microsoft-com:datatypes""><Description dt:dt=""string"">E-Prime Primary Realtime Clock</Description><StartTime><Timestamp dt:dt=""int"">0</Timestamp><DateUtc dt:dt=""string"">2021-07-01T18:48:07Z</DateUtc></StartTime><FrequencyChanges><FrequencyChange><Frequency dt:dt=""r8"">10000000</Frequency><Timestamp dt:dt=""r8"">5283677866799</Timestamp><Current dt:dt=""r8"">0</Current><DateUtc dt:dt=""string"">2021-07-01T18:48:07Z</DateUtc></FrequencyChange></FrequencyChanges></Clock>\n",N,SL001_FCN6AA,6,1.0.0.262,1,143.921,870657807,Full,3.0.3.80,3.0.3.80,7/1/21,7/1/21 18:48,13:48:07,3.0.3.82,Keyboard,A,Keyboard,-999999,14,17721,0,1,1,1,1,BlockProc,BlockList,30,123,1,344.2142857,1,,,1698,0.966666667,379.2068966,TrialProc,TrialList,flankerCL.jpg,1,1,Keyboard,3,10,144473,160,1,380,144853,6,1,30,Cong
FC,1,1,A,"<?xml version=""1.0""?>\n<Clock xmlns:dt=""urn:schemas-microsoft-com:datatypes""><Description dt:dt=""string"">E-Prime Primary Realtime Clock</Description><StartTime><Timestamp dt:dt=""int"">0</Timestamp><DateUtc dt:dt=""string"">2021-07-01T18:48:07Z</DateUtc></StartTime><FrequencyChanges><FrequencyChange><Frequency dt:dt=""r8"">10000000</Frequency><Timestamp dt:dt=""r8"">5283677866799</Timestamp><Current dt:dt=""r8"">0</Current><DateUtc dt:dt=""string"">2021-07-01T18:48:07Z</DateUtc></FrequencyChange></FrequencyChanges></Clock>\n",N,SL001_FCN6AA,6,1.0.0.262,1,143.921,870657807,Full,3.0.3.80,3.0.3.80,7/1/21,7/1/21 18:48,13:48:07,3.0.3.82,Keyboard,A,Keyboard,-999999,14,17721,0,1,1,1,1,BlockProc,BlockList,31,112,1,352.8666667,4,,,1500,0.967741935,382.3666667,TrialProc,TrialList,flankerCR.jpg,1,4,Keyboard,3,17,146348,160,4,474,146822,2,1,31,Cong
FC,1,1,A,"<?xml version=""1.0""?>\n<Clock xmlns:dt=""urn:schemas-microsoft-com:datatypes""><Description dt:dt=""string"">E-Prime Primary Realtime Clock</Description><StartTime><Timestamp dt:dt=""int"">0</Timestamp><DateUtc dt:dt=""string"">2021-07-01T18:48:07Z</DateUtc></StartTime><FrequencyChanges><FrequencyChange><Frequency dt:dt=""r8"">10000000</Frequency><Timestamp dt:dt=""r8"">5283677866799</Timestamp><Current dt:dt=""r8"">0</Current><DateUtc dt:dt=""string"">2021-07-01T18:48:07Z</DateUtc></FrequencyChange></FrequencyChanges></Clock>\n",N,SL001_FCN6AA,6,1.0.0.262,1,143.921,870657807,Full,3.0.3.80,3.0.3.80,7/1/21,7/1/21 18:48,13:48:07,3.0.3.82,Keyboard,A,Keyboard,-999999,14,17721,0,1,1,1,1,BlockProc,BlockList,32,121,1,353.9375,1,,,1302,0.96875,381.9677419,TrialProc,TrialList,flankerCL.jpg,1,1,Keyboard,2,7,148015,159,1,370,148385,4,1,32,Cong
FC,1,1,A,"<?xml version=""1.0""?>\n<Clock xmlns:dt=""urn:schemas-microsoft-com:datatypes""><Description dt:dt=""string"">E-Prime Primary Realtime Clock</Description><StartTime><Timestamp dt:dt=""int"">0</Timestamp><DateUtc dt:dt=""string"">2021-07-01T18:48:07Z</DateUtc></StartTime><FrequencyChanges><FrequencyChange><Frequency dt:dt=""r8"">10000000</Frequency><Timestamp dt:dt=""r8"">5283677866799</Timestamp><Current dt:dt=""r8"">0</Current><DateUtc dt:dt=""string"">2021-07-01T18:48:07Z</DateUtc></FrequencyChange></FrequencyChanges></Clock>\n",N,SL001_FCN6AA,6,1.0.0.262,1,143.921,870657807,Full,3.0.3.80,3.0.3.80,7/1/21,7/1/21 18:48,13:48:07,3.0.3.82,Keyboard,A,Keyboard,-999999,14,17721,0,1,1,1,1,BlockProc,BlockList,33,223,,,1,0.941176471,413.4375,1698,0.96969697,383.6875,TrialProc,TrialList,flankerIL.jpg,1,1,Keyboard,2,11,149487,160,1,437,149924,12,1,33,Incon
FC,1,1,A,"<?xml version=""1.0""?>\n<Clock xmlns:dt=""urn:schemas-microsoft-com:datatypes""><Description dt:dt=""string"">E-Prime Primary Realtime Clock</Description><StartTime><Timestamp dt:dt=""int"">0</Timestamp><DateUtc dt:dt=""string"">2021-07-01T18:48:07Z</DateUtc></StartTime><FrequencyChanges><FrequencyChange><Frequency dt:dt=""r8"">10000000</Frequency><Timestamp dt:dt=""r8"">5283677866799</Timestamp><Current dt:dt=""r8"">0</Current><DateUtc dt:dt=""string"">2021-07-01T18:48:07Z</DateUtc></FrequencyChange></FrequencyChanges></Clock>\n",N,SL001_FCN6AA,6,1.0.0.262,1,143.921,870657807,Full,3.0.3.80,3.0.3.80,7/1/21,7/1/21 18:48,13:48:07,3.0.3.82,Keyboard,A,Keyboard,-999999,14,17721,0,1,1,1,1,BlockProc,BlockList,34,222,,,1,0.944444444,426.7647059,1500,0.970588235,391.4545455,TrialProc,TrialList,flankerIL.jpg,1,1,Keyboard,2,10,151355,160,1,640,151995,11,1,34,Incon
FC,1,1,A,"<?xml version=""1.0""?>\n<Clock xmlns:dt=""urn:schemas-microsoft-com:datatypes""><Description dt:dt=""string"">E-Prime Primary Realtime Clock</Description><StartTime><Timestamp dt:dt=""int"">0</Timestamp><DateUtc dt:dt=""string"">2021-07-01T18:48:07Z</DateUtc></StartTime><FrequencyChanges><FrequencyChange><Frequency dt:dt=""r8"">10000000</Frequency><Timestamp dt:dt=""r8"">5283677866799</Timestamp><Current dt:dt=""r8"">0</Current><DateUtc dt:dt=""string"">2021-07-01T18:48:07Z</DateUtc></FrequencyChange></FrequencyChanges></Clock>\n",N,SL001_FCN6AA,6,1.0.0.262,1,143.921,870657807,Full,3.0.3.80,3.0.3.80,7/1/21,7/1/21 18:48,13:48:07,3.0.3.82,Keyboard,A,Keyboard,-999999,14,17721,0,1,1,1,1,BlockProc,BlockList,35,222,,,1,0.947368421,429.3888889,1500,0.971428571,393.8823529,TrialProc,TrialList,flankerIL.jpg,1,1,Keyboard,2,7,153022,159,1,474,153496,11,1,35,Incon
FC,1,1,A,"<?xml version=""1.0""?>\n<Clock xmlns:dt=""urn:schemas-microsoft-com:datatypes""><Description dt:dt=""string"">E-Prime Primary Realtime Clock</Description><StartTime><Timestamp dt:dt=""int"">0</Timestamp><DateUtc dt:dt=""string"">2021-07-01T18:48:07Z</DateUtc></StartTime><FrequencyChanges><FrequencyChange><Frequency dt:dt=""r8"">10000000</Frequency><Timestamp dt:dt=""r8"">5283677866799</Timestamp><Current dt:dt=""r8"">0</Current><DateUtc dt:dt=""string"">2021-07-01T18:48:07Z</DateUtc></FrequencyChange></FrequencyChanges></Clock>\n",N,SL001_FCN6AA,6,1.0.0.262,1,143.921,870657807,Full,3.0.3.80,3.0.3.80,7/1/21,7/1/21 18:48,13:48:07,3.0.3.82,Keyboard,A,Keyboard,-999999,14,17721,0,1,1,1,1,BlockProc,BlockList,36,123,1,356.3529412,1,,,1698,0.972222222,393.9142857,TrialProc,TrialList,flankerCL.jpg,1,1,Keyboard,3,7,154688,160,1,395,155083,6,1,36,Cong
FC,1,1,A,"<?xml version=""1.0""?>\n<Clock xmlns:dt=""urn:schemas-microsoft-com:datatypes""><Description dt:dt=""string"">E-Prime Primary Realtime Clock</Description><StartTime><Timestamp dt:dt=""int"">0</Timestamp><DateUtc dt:dt=""string"">2021-07-01T18:48:07Z</DateUtc></StartTime><FrequencyChanges><FrequencyChange><Frequency dt:dt=""r8"">10000000</Frequency><Timestamp dt:dt=""r8"">5283677866799</Timestamp><Current dt:dt=""r8"">0</Current><DateUtc dt:dt=""string"">2021-07-01T18:48:07Z</DateUtc></FrequencyChange></FrequencyChanges></Clock>\n",N,SL001_FCN6AA,6,1.0.0.262,1,143.921,870657807,Full,3.0.3.80,3.0.3.80,7/1/21,7/1/21 18:48,13:48:07,3.0.3.82,Keyboard,A,Keyboard,-999999,14,17721,0,1,1,1,1,BlockProc,BlockList,37,221,,,1,0.95,427.3157895,1302,0.972972973,393.8055556,TrialProc,TrialList,flankerIL.jpg,1,1,Keyboard,2,10,156556,160,1,390,156946,10,1,37,Incon
FC,1,1,A,"<?xml version=""1.0""?>\n<Clock xmlns:dt=""urn:schemas-microsoft-com:datatypes""><Description dt:dt=""string"">E-Prime Primary Realtime Clock</Description><StartTime><Timestamp dt:dt=""int"">0</Timestamp><DateUtc dt:dt=""string"">2021-07-01T18:48:07Z</DateUtc></StartTime><FrequencyChanges><FrequencyChange><Frequency dt:dt=""r8"">10000000</Frequency><Timestamp dt:dt=""r8"">5283677866799</Timestamp><Current dt:dt=""r8"">0</Current><DateUtc dt:dt=""string"">2021-07-01T18:48:07Z</DateUtc></FrequencyChange></FrequencyChanges></Clock>\n",N,SL001_FCN6AA,6,1.0.0.262,1,143.921,870657807,Full,3.0.3.80,3.0.3.80,7/1/21,7/1/21 18:48,13:48:07,3.0.3.82,Keyboard,A,Keyboard,-999999,14,17721,0,1,1,1,1,BlockProc,BlockList,38,213,,,4,0.952380952,430.1,1698,0.973684211,396.2162162,TrialProc,TrialList,flankerIR.jpg,1,4,Keyboard,3,10,158028,160,4,483,158511,9,1,38,Incon
FC,1,1,A,"<?xml version=""1.0""?>\n<Clock xmlns:dt=""urn:schemas-microsoft-com:datatypes""><Description dt:dt=""string"">E-Prime Primary Realtime Clock</Description><StartTime><Timestamp dt:dt=""int"">0</Timestamp><DateUtc dt:dt=""string"">2021-07-01T18:48:07Z</DateUtc></StartTime><FrequencyChanges><FrequencyChange><Frequency dt:dt=""r8"">10000000</Frequency><Timestamp dt:dt=""r8"">5283677866799</Timestamp><Current dt:dt=""r8"">0</Current><DateUtc dt:dt=""string"">2021-07-01T18:48:07Z</DateUtc></FrequencyChange></FrequencyChanges></Clock>\n",N,SL001_FCN6AA,6,1.0.0.262,1,143.921,870657807,Full,3.0.3.80,3.0.3.80,7/1/21,7/1/21 18:48,13:48:07,3.0.3.82,Keyboard,A,Keyboard,-999999,14,17721,0,1,1,1,1,BlockProc,BlockList,39,111,1,354.1111111,4,,,1302,0.974358974,394.1052632,TrialProc,TrialList,flankerCR.jpg,1,4,Keyboard,3,10,159896,160,4,316,160212,1,1,39,Cong
FC,1,1,A,"<?xml version=""1.0""?>\n<Clock xmlns:dt=""urn:schemas-microsoft-com:datatypes""><Description dt:dt=""string"">E-Prime Primary Realtime Clock</Description><StartTime><Timestamp dt:dt=""int"">0</Timestamp><DateUtc dt:dt=""string"">2021-07-01T18:48:07Z</DateUtc></StartTime><FrequencyChanges><FrequencyChange><Frequency dt:dt=""r8"">10000000</Frequency><Timestamp dt:dt=""r8"">5283677866799</Timestamp><Current dt:dt=""r8"">0</Current><DateUtc dt:dt=""string"">2021-07-01T18:48:07Z</DateUtc></FrequencyChange></FrequencyChanges></Clock>\n",N,SL001_FCN6AA,6,1.0.0.262,1,143.921,870657807,Full,3.0.3.80,3.0.3.80,7/1/21,7/1/21 18:48,13:48:07,3.0.3.82,Keyboard,A,Keyboard,-999999,14,17721,0,1,1,1,1,BlockProc,BlockList,40,121,1,355.3684211,1,,,1302,0.975,393.6923077,TrialProc,TrialList,flankerCL.jpg,1,1,Keyboard,3,10,161368,160,1,378,161746,4,1,40,Cong
FC,1,1,A,"<?xml version=""1.0""?>\n<Clock xmlns:dt=""urn:schemas-microsoft-com:datatypes""><Description dt:dt=""string"">E-Prime Primary Realtime Clock</Description><StartTime><Timestamp dt:dt=""int"">0</Timestamp><DateUtc dt:dt=""string"">2021-07-01T18:48:07Z</DateUtc></StartTime><FrequencyChanges><FrequencyChange><Frequency dt:dt=""r8"">10000000</Frequency><Timestamp dt:dt=""r8"">5283677866799</Timestamp><Current dt:dt=""r8"">0</Current><DateUtc dt:dt=""string"">2021-07-01T18:48:07Z</DateUtc></FrequencyChange></FrequencyChanges></Clock>\n",N,SL001_FCN6AA,6,1.0.0.262,1,143.921,870657807,Full,3.0.3.80,3.0.3.80,7/1/21,7/1/21 18:48,13:48:07,3.0.3.82,Keyboard,A,Keyboard,-999999,14,17721,0,1,1,1,1,BlockProc,BlockList,41,111,1,355.3,4,,,1302,0.975609756,392.7,TrialProc,TrialList,flankerCR.jpg,1,4,Keyboard,2,11,162841,159,4,354,163195,1,1,41,Cong
FC,1,1,A,"<?xml version=""1.0""?>\n<Clock xmlns:dt=""urn:schemas-microsoft-com:datatypes""><Description dt:dt=""string"">E-Prime Primary Realtime Clock</Description><StartTime><Timestamp dt:dt=""int"">0</Timestamp><DateUtc dt:dt=""string"">2021-07-01T18:48:07Z</DateUtc></StartTime><FrequencyChanges><FrequencyChange><Frequency dt:dt=""r8"">10000000</Frequency><Timestamp dt:dt=""r8"">5283677866799</Timestamp><Current dt:dt=""r8"">0</Current><DateUtc dt:dt=""string"">2021-07-01T18:48:07Z</DateUtc></FrequencyChange></FrequencyChanges></Clock>\n",N,SL001_FCN6AA,6,1.0.0.262,1,143.921,870657807,Full,3.0.3.80,3.0.3.80,7/1/21,7/1/21 18:48,13:48:07,3.0.3.82,Keyboard,A,Keyboard,-999999,14,17721,0,1,1,1,1,BlockProc,BlockList,42,223,,,1,0.954545455,430.4761905,1698,0.976190476,393.804878,TrialProc,TrialList,flankerIL.jpg,1,1,Keyboard,2,11,164313,160,1,438,164751,12,1,42,Incon
FC,1,1,A,"<?xml version=""1.0""?>\n<Clock xmlns:dt=""urn:schemas-microsoft-com:datatypes""><Description dt:dt=""string"">E-Prime Primary Realtime Clock</Description><StartTime><Timestamp dt:dt=""int"">0</Timestamp><DateUtc dt:dt=""string"">2021-07-01T18:48:07Z</DateUtc></StartTime><FrequencyChanges><FrequencyChange><Frequency dt:dt=""r8"">10000000</Frequency><Timestamp dt:dt=""r8"">5283677866799</Timestamp><Current dt:dt=""r8"">0</Current><DateUtc dt:dt=""string"">2021-07-01T18:48:07Z</DateUtc></FrequencyChange></FrequencyChanges></Clock>\n",N,SL001_FCN6AA,6,1.0.0.262,1,143.921,870657807,Full,3.0.3.80,3.0.3.80,7/1/21,7/1/21 18:48,13:48:07,3.0.3.82,Keyboard,A,Keyboard,-999999,14,17721,0,1,1,1,1,BlockProc,BlockList,43,123,1,352.7142857,1,,,1698,0.976744186,391.5952381,TrialProc,TrialList,flankerCL.jpg,1,1,Keyboard,2,10,166181,160,1,301,166482,6,1,43,Cong
FC,1,1,A,"<?xml version=""1.0""?>\n<Clock xmlns:dt=""urn:schemas-microsoft-com:datatypes""><Description dt:dt=""string"">E-Prime Primary Realtime Clock</Description><StartTime><Timestamp dt:dt=""int"">0</Timestamp><DateUtc dt:dt=""string"">2021-07-01T18:48:07Z</DateUtc></StartTime><FrequencyChanges><FrequencyChange><Frequency dt:dt=""r8"">10000000</Frequency><Timestamp dt:dt=""r8"">5283677866799</Timestamp><Current dt:dt=""r8"">0</Current><DateUtc dt:dt=""string"">2021-07-01T18:48:07Z</DateUtc></FrequencyChange></FrequencyChanges></Clock>\n",N,SL001_FCN6AA,6,1.0.0.262,1,143.921,870657807,Full,3.0.3.80,3.0.3.80,7/1/21,7/1/21 18:48,13:48:07,3.0.3.82,Keyboard,A,Keyboard,-999999,14,17721,0,1,1,1,1,BlockProc,BlockList,44,122,1,349.7727273,1,,,1500,0.977272727,389.1860465,TrialProc,TrialList,flankerCL.jpg,1,1,Keyboard,2,10,168049,160,1,288,168337,5,1,44,Cong
FC,1,1,A,"<?xml version=""1.0""?>\n<Clock xmlns:dt=""urn:schemas-microsoft-com:datatypes""><Description dt:dt=""string"">E-Prime Primary Realtime Clock</Description><StartTime><Timestamp dt:dt=""int"">0</Timestamp><DateUtc dt:dt=""string"">2021-07-01T18:48:07Z</DateUtc></StartTime><FrequencyChanges><FrequencyChange><Frequency dt:dt=""r8"">10000000</Frequency><Timestamp dt:dt=""r8"">5283677866799</Timestamp><Current dt:dt=""r8"">0</Current><DateUtc dt:dt=""string"">2021-07-01T18:48:07Z</DateUtc></FrequencyChange></FrequencyChanges></Clock>\n",N,SL001_FCN6AA,6,1.0.0.262,1,143.921,870657807,Full,3.0.3.80,3.0.3.80,7/1/21,7/1/21 18:48,13:48:07,3.0.3.82,Keyboard,A,Keyboard,-999999,14,17721,0,1,1,1,1,BlockProc,BlockList,45,111,1,349.8695652,4,,,1302,0.977777778,388.3409091,TrialProc,TrialList,flankerCR.jpg,1,4,Keyboard,3,6,169715,160,4,352,170067,1,1,45,Cong
FC,1,1,A,"<?xml version=""1.0""?>\n<Clock xmlns:dt=""urn:schemas-microsoft-com:datatypes""><Description dt:dt=""string"">E-Prime Primary Realtime Clock</Description><StartTime><Timestamp dt:dt=""int"">0</Timestamp><DateUtc dt:dt=""string"">2021-07-01T18:48:07Z</DateUtc></StartTime><FrequencyChanges><FrequencyChange><Frequency dt:dt=""r8"">10000000</Frequency><Timestamp dt:dt=""r8"">5283677866799</Timestamp><Current dt:dt=""r8"">0</Current><DateUtc dt:dt=""string"">2021-07-01T18:48:07Z</DateUtc></FrequencyChange></FrequencyChanges></Clock>\n",N,SL001_FCN6AA,6,1.0.0.262,1,143.921,870657807,Full,3.0.3.80,3.0.3.80,7/1/21,7/1/21 18:48,13:48:07,3.0.3.82,Keyboard,A,Keyboard,-999999,14,17721,0,1,1,1,1,BlockProc,BlockList,46,222,,,1,0.956521739,428.0909091,1500,0.97826087,388.1111111,TrialProc,TrialList,flankerIL.jpg,1,1,Keyboard,2,11,171188,159,1,378,171566,11,1,46,Incon
FC,1,1,A,"<?xml version=""1.0""?>\n<Clock xmlns:dt=""urn:schemas-microsoft-com:datatypes""><Description dt:dt=""string"">E-Prime Primary Realtime Clock</Description><StartTime><Timestamp dt:dt=""int"">0</Timestamp><DateUtc dt:dt=""string"">2021-07-01T18:48:07Z</DateUtc></StartTime><FrequencyChanges><FrequencyChange><Frequency dt:dt=""r8"">10000000</Frequency><Timestamp dt:dt=""r8"">5283677866799</Timestamp><Current dt:dt=""r8"">0</Current><DateUtc dt:dt=""string"">2021-07-01T18:48:07Z</DateUtc></FrequencyChange></FrequencyChanges></Clock>\n",N,SL001_FCN6AA,6,1.0.0.262,1,143.921,870657807,Full,3.0.3.80,3.0.3.80,7/1/21,7/1/21 18:48,13:48:07,3.0.3.82,Keyboard,A,Keyboard,-999999,14,17721,0,1,1,1,1,BlockProc,BlockList,47,222,,,1,0.958333333,425.5652174,1500,0.978723404,387.7173913,TrialProc,TrialList,flankerIL.jpg,1,1,Keyboard,3,7,172854,160,1,370,173224,11,1,47,Incon
FC,1,1,A,"<?xml version=""1.0""?>\n<Clock xmlns:dt=""urn:schemas-microsoft-com:datatypes""><Description dt:dt=""string"">E-Prime Primary Realtime Clock</Description><StartTime><Timestamp dt:dt=""int"">0</Timestamp><DateUtc dt:dt=""string"">2021-07-01T18:48:07Z</DateUtc></StartTime><FrequencyChanges><FrequencyChange><Frequency dt:dt=""r8"">10000000</Frequency><Timestamp dt:dt=""r8"">5283677866799</Timestamp><Current dt:dt=""r8"">0</Current><DateUtc dt:dt=""string"">2021-07-01T18:48:07Z</DateUtc></FrequencyChange></FrequencyChanges></Clock>\n",N,SL001_FCN6AA,6,1.0.0.262,1,143.921,870657807,Full,3.0.3.80,3.0.3.80,7/1/21,7/1/21 18:48,13:48:07,3.0.3.82,Keyboard,A,Keyboard,-999999,14,17721,0,1,1,1,1,BlockProc,BlockList,48,123,1,348.5833333,1,,,1698,0.979166667,386.2553191,TrialProc,TrialList,flankerCL.jpg,1,1,Keyboard,2,7,174521,160,1,319,174840,6,1,48,Cong
FC,1,1,A,"<?xml version=""1.0""?>\n<Clock xmlns:dt=""urn:schemas-microsoft-com:datatypes""><Description dt:dt=""string"">E-Prime Primary Realtime Clock</Description><StartTime><Timestamp dt:dt=""int"">0</Timestamp><DateUtc dt:dt=""string"">2021-07-01T18:48:07Z</DateUtc></StartTime><FrequencyChanges><FrequencyChange><Frequency dt:dt=""r8"">10000000</Frequency><Timestamp dt:dt=""r8"">5283677866799</Timestamp><Current dt:dt=""r8"">0</Current><DateUtc dt:dt=""string"">2021-07-01T18:48:07Z</DateUtc></FrequencyChange></FrequencyChanges></Clock>\n",N,SL001_FCN6AA,6,1.0.0.262,1,143.921,870657807,Full,3.0.3.80,3.0.3.80,7/1/21,7/1/21 18:48,13:48:07,3.0.3.82,Keyboard,A,Keyboard,-999999,14,17721,0,1,1,1,1,BlockProc,BlockList,49,211,,,4,0.96,423.6666667,1302,0.979591837,386.125,TrialProc,TrialList,flankerIR.jpg,1,4,Keyboard,2,10,176389,159,4,380,176769,7,1,49,Incon
FC,1,1,A,"<?xml version=""1.0""?>\n<Clock xmlns:dt=""urn:schemas-microsoft-com:datatypes""><Description dt:dt=""string"">E-Prime Primary Realtime Clock</Description><StartTime><Timestamp dt:dt=""int"">0</Timestamp><DateUtc dt:dt=""string"">2021-07-01T18:48:07Z</DateUtc></StartTime><FrequencyChanges><FrequencyChange><Frequency dt:dt=""r8"">10000000</Frequency><Timestamp dt:dt=""r8"">5283677866799</Timestamp><Current dt:dt=""r8"">0</Current><DateUtc dt:dt=""string"">2021-07-01T18:48:07Z</DateUtc></FrequencyChange></FrequencyChanges></Clock>\n",N,SL001_FCN6AA,6,1.0.0.262,1,143.921,870657807,Full,3.0.3.80,3.0.3.80,7/1/21,7/1/21 18:48,13:48:07,3.0.3.82,Keyboard,A,Keyboard,-999999,14,17721,0,1,1,1,1,BlockProc,BlockList,50,122,1,352.6,1,,,1500,0.98,387.4081633,TrialProc,TrialList,flankerCL.jpg,1,1,Keyboard,2,11,177861,160,1,449,178310,5,1,50,Cong
FC,1,1,A,"<?xml version=""1.0""?>\n<Clock xmlns:dt=""urn:schemas-microsoft-com:datatypes""><Description dt:dt=""string"">E-Prime Primary Realtime Clock</Description><StartTime><Timestamp dt:dt=""int"">0</Timestamp><DateUtc dt:dt=""string"">2021-07-01T18:48:07Z</DateUtc></StartTime><FrequencyChanges><FrequencyChange><Frequency dt:dt=""r8"">10000000</Frequency><Timestamp dt:dt=""r8"">5283677866799</Timestamp><Current dt:dt=""r8"">0</Current><DateUtc dt:dt=""string"">2021-07-01T18:48:07Z</DateUtc></FrequencyChange></FrequencyChanges></Clock>\n",N,SL001_FCN6AA,6,1.0.0.262,1,143.921,870657807,Full,3.0.3.80,3.0.3.80,7/1/21,7/1/21 18:48,13:48:07,3.0.3.82,Keyboard,A,Keyboard,-999999,14,17721,0,1,1,1,1,BlockProc,BlockList,51,113,1,353.2307692,4,,,1698,0.980392157,387.04,TrialProc,TrialList,flankerCR.jpg,1,4,Keyboard,2,7,179528,159,4,369,179897,3,1,51,Cong
FC,1,1,A,"<?xml version=""1.0""?>\n<Clock xmlns:dt=""urn:schemas-microsoft-com:datatypes""><Description dt:dt=""string"">E-Prime Primary Realtime Clock</Description><StartTime><Timestamp dt:dt=""int"">0</Timestamp><DateUtc dt:dt=""string"">2021-07-01T18:48:07Z</DateUtc></StartTime><FrequencyChanges><FrequencyChange><Frequency dt:dt=""r8"">10000000</Frequency><Timestamp dt:dt=""r8"">5283677866799</Timestamp><Current dt:dt=""r8"">0</Current><DateUtc dt:dt=""string"">2021-07-01T18:48:07Z</DateUtc></FrequencyChange></FrequencyChanges></Clock>\n",N,SL001_FCN6AA,6,1.0.0.262,1,143.921,870657807,Full,3.0.3.80,3.0.3.80,7/1/21,7/1/21 18:48,13:48:07,3.0.3.82,Keyboard,A,Keyboard,-999999,14,17721,0,1,1,1,1,BlockProc,BlockList,52,112,1,353.8888889,4,,,1500,0.980769231,386.7254902,TrialProc,TrialList,flankerCR.jpg,1,4,Keyboard,2,11,181396,159,4,371,181767,2,1,52,Cong
FC,1,1,A,"<?xml version=""1.0""?>\n<Clock xmlns:dt=""urn:schemas-microsoft-com:datatypes""><Description dt:dt=""string"">E-Prime Primary Realtime Clock</Description><StartTime><Timestamp dt:dt=""int"">0</Timestamp><DateUtc dt:dt=""string"">2021-07-01T18:48:07Z</DateUtc></StartTime><FrequencyChanges><FrequencyChange><Frequency dt:dt=""r8"">10000000</Frequency><Timestamp dt:dt=""r8"">5283677866799</Timestamp><Current dt:dt=""r8"">0</Current><DateUtc dt:dt=""string"">2021-07-01T18:48:07Z</DateUtc></FrequencyChange></FrequencyChanges></Clock>\n",N,SL001_FCN6AA,6,1.0.0.262,1,143.921,870657807,Full,3.0.3.80,3.0.3.80,7/1/21,7/1/21 18:48,13:48:07,3.0.3.82,Keyboard,A,Keyboard,-999999,14,17721,0,1,1,1,1,BlockProc,BlockList,53,212,,,4,0.961538462,427.88,1500,0.981132075,389.4615385,TrialProc,TrialList,flankerIR.jpg,1,4,Keyboard,2,7,183062,160,4,529,183591,8,1,53,Incon
FC,1,1,A,"<?xml version=""1.0""?>\n<Clock xmlns:dt=""urn:schemas-microsoft-com:datatypes""><Description dt:dt=""string"">E-Prime Primary Realtime Clock</Description><StartTime><Timestamp dt:dt=""int"">0</Timestamp><DateUtc dt:dt=""string"">2021-07-01T18:48:07Z</DateUtc></StartTime><FrequencyChanges><FrequencyChange><Frequency dt:dt=""r8"">10000000</Frequency><Timestamp dt:dt=""r8"">5283677866799</Timestamp><Current dt:dt=""r8"">0</Current><DateUtc dt:dt=""string"">2021-07-01T18:48:07Z</DateUtc></FrequencyChange></FrequencyChanges></Clock>\n",N,SL001_FCN6AA,6,1.0.0.262,1,143.921,870657807,Full,3.0.3.80,3.0.3.80,7/1/21,7/1/21 18:48,13:48:07,3.0.3.82,Keyboard,A,Keyboard,-999999,14,17721,0,1,1,1,1,BlockProc,BlockList,54,211,,,4,0.962962963,427.0384615,1302,0.981481481,389.7735849,TrialProc,TrialList,flankerIR.jpg,1,4,Keyboard,2,7,184729,159,4,406,185135,7,1,54,Incon
FC,1,1,A,"<?xml version=""1.0""?>\n<Clock xmlns:dt=""urn:schemas-microsoft-com:datatypes""><Description dt:dt=""string"">E-Prime Primary Realtime Clock</Description><StartTime><Timestamp dt:dt=""int"">0</Timestamp><DateUtc dt:dt=""string"">2021-07-01T18:48:07Z</DateUtc></StartTime><FrequencyChanges><FrequencyChange><Frequency dt:dt=""r8"">10000000</Frequency><Timestamp dt:dt=""r8"">5283677866799</Timestamp><Current dt:dt=""r8"">0</Current><DateUtc dt:dt=""string"">2021-07-01T18:48:07Z</DateUtc></FrequencyChange></FrequencyChanges></Clock>\n",N,SL001_FCN6AA,6,1.0.0.262,1,143.921,870657807,Full,3.0.3.80,3.0.3.80,7/1/21,7/1/21 18:48,13:48:07,3.0.3.82,Keyboard,A,Keyboard,-999999,14,17721,0,1,1,1,1,BlockProc,BlockList,55,213,,,4,0.964285714,423.8518519,1698,0.981818182,388.8703704,TrialProc,TrialList,flankerIR.jpg,1,4,Keyboard,2,11,186201,160,4,341,186542,9,1,55,Incon
FC,1,1,A,"<?xml version=""1.0""?>\n<Clock xmlns:dt=""urn:schemas-microsoft-com:datatypes""><Description dt:dt=""string"">E-Prime Primary Realtime Clock</Description><StartTime><Timestamp dt:dt=""int"">0</Timestamp><DateUtc dt:dt=""string"">2021-07-01T18:48:07Z</DateUtc></StartTime><FrequencyChanges><FrequencyChange><Frequency dt:dt=""r8"">10000000</Frequency><Timestamp dt:dt=""r8"">5283677866799</Timestamp><Current dt:dt=""r8"">0</Current><DateUtc dt:dt=""string"">2021-07-01T18:48:07Z</DateUtc></FrequencyChange></FrequencyChanges></Clock>\n",N,SL001_FCN6AA,6,1.0.0.262,1,143.921,870657807,Full,3.0.3.80,3.0.3.80,7/1/21,7/1/21 18:48,13:48:07,3.0.3.82,Keyboard,A,Keyboard,-999999,14,17721,0,1,1,1,1,BlockProc,BlockList,56,122,1,355.9642857,1,,,1500,0.982142857,389.2909091,TrialProc,TrialList,flankerCL.jpg,1,1,Keyboard,2,10,188069,160,1,412,188481,5,1,56,Cong
FC,1,1,A,"<?xml version=""1.0""?>\n<Clock xmlns:dt=""urn:schemas-microsoft-com:datatypes""><Description dt:dt=""string"">E-Prime Primary Realtime Clock</Description><StartTime><Timestamp dt:dt=""int"">0</Timestamp><DateUtc dt:dt=""string"">2021-07-01T18:48:07Z</DateUtc></StartTime><FrequencyChanges><FrequencyChange><Frequency dt:dt=""r8"">10000000</Frequency><Timestamp dt:dt=""r8"">5283677866799</Timestamp><Current dt:dt=""r8"">0</Current><DateUtc dt:dt=""string"">2021-07-01T18:48:07Z</DateUtc></FrequencyChange></FrequencyChanges></Clock>\n",N,SL001_FCN6AA,6,1.0.0.262,1,143.921,870657807,Full,3.0.3.80,3.0.3.80,7/1/21,7/1/21 18:48,13:48:07,3.0.3.82,Keyboard,A,Keyboard,-999999,14,17721,0,1,1,1,1,BlockProc,BlockList,57,213,,,4,0.965517241,421.7857143,1698,0.98245614,388.875,TrialProc,TrialList,flankerIR.jpg,1,4,Keyboard,2,7,189736,159,4,366,190102,9,1,57,Incon
FC,1,1,A,"<?xml version=""1.0""?>\n<Clock xmlns:dt=""urn:schemas-microsoft-com:datatypes""><Description dt:dt=""string"">E-Prime Primary Realtime Clock</Description><StartTime><Timestamp dt:dt=""int"">0</Timestamp><DateUtc dt:dt=""string"">2021-07-01T18:48:07Z</DateUtc></StartTime><FrequencyChanges><FrequencyChange><Frequency dt:dt=""r8"">10000000</Frequency><Timestamp dt:dt=""r8"">5283677866799</Timestamp><Current dt:dt=""r8"">0</Current><DateUtc dt:dt=""string"">2021-07-01T18:48:07Z</DateUtc></FrequencyChange></FrequencyChanges></Clock>\n",N,SL001_FCN6AA,6,1.0.0.262,1,143.921,870657807,Full,3.0.3.80,3.0.3.80,7/1/21,7/1/21 18:48,13:48:07,3.0.3.82,Keyboard,A,Keyboard,-999999,14,17721,0,1,1,1,1,BlockProc,BlockList,58,121,1,355.137931,1,,,1302,0.982758621,387.877193,TrialProc,TrialList,flankerCL.jpg,1,1,Keyboard,2,11,191604,159,1,332,191936,4,1,58,Cong
FC,1,1,A,"<?xml version=""1.0""?>\n<Clock xmlns:dt=""urn:schemas-microsoft-com:datatypes""><Description dt:dt=""string"">E-Prime Primary Realtime Clock</Description><StartTime><Timestamp dt:dt=""int"">0</Timestamp><DateUtc dt:dt=""string"">2021-07-01T18:48:07Z</DateUtc></StartTime><FrequencyChanges><FrequencyChange><Frequency dt:dt=""r8"">10000000</Frequency><Timestamp dt:dt=""r8"">5283677866799</Timestamp><Current dt:dt=""r8"">0</Current><DateUtc dt:dt=""string"">2021-07-01T18:48:07Z</DateUtc></FrequencyChange></FrequencyChanges></Clock>\n",N,SL001_FCN6AA,6,1.0.0.262,1,143.921,870657807,Full,3.0.3.80,3.0.3.80,7/1/21,7/1/21 18:48,13:48:07,3.0.3.82,Keyboard,A,Keyboard,-999999,14,17721,0,1,1,1,1,BlockProc,BlockList,59,223,,,1,0.966666667,421.3793103,1698,0.983050847,388.2586207,TrialProc,TrialList,flankerIL.jpg,1,1,Keyboard,2,11,193076,159,1,410,193486,12,1,59,Incon
FC,1,1,A,"<?xml version=""1.0""?>\n<Clock xmlns:dt=""urn:schemas-microsoft-com:datatypes""><Description dt:dt=""string"">E-Prime Primary Realtime Clock</Description><StartTime><Timestamp dt:dt=""int"">0</Timestamp><DateUtc dt:dt=""string"">2021-07-01T18:48:07Z</DateUtc></StartTime><FrequencyChanges><FrequencyChange><Frequency dt:dt=""r8"">10000000</Frequency><Timestamp dt:dt=""r8"">5283677866799</Timestamp><Current dt:dt=""r8"">0</Current><DateUtc dt:dt=""string"">2021-07-01T18:48:07Z</DateUtc></FrequencyChange></FrequencyChanges></Clock>\n",N,SL001_FCN6AA,6,1.0.0.262,1,143.921,870657807,Full,3.0.3.80,3.0.3.80,7/1/21,7/1/21 18:48,13:48:07,3.0.3.82,Keyboard,A,Keyboard,-999999,14,17721,0,1,1,1,1,BlockProc,BlockList,60,211,,,4,0.967741935,418.7,1302,0.983333333,387.4576271,TrialProc,TrialList,flankerIR.jpg,1,4,Keyboard,2,11,194944,159,4,341,195285,7,1,60,Incon
FC,1,1,A,"<?xml version=""1.0""?>\n<Clock xmlns:dt=""urn:schemas-microsoft-com:datatypes""><Description dt:dt=""string"">E-Prime Primary Realtime Clock</Description><StartTime><Timestamp dt:dt=""int"">0</Timestamp><DateUtc dt:dt=""string"">2021-07-01T18:48:07Z</DateUtc></StartTime><FrequencyChanges><FrequencyChange><Frequency dt:dt=""r8"">10000000</Frequency><Timestamp dt:dt=""r8"">5283677866799</Timestamp><Current dt:dt=""r8"">0</Current><DateUtc dt:dt=""string"">2021-07-01T18:48:07Z</DateUtc></FrequencyChange></FrequencyChanges></Clock>\n",N,SL001_FCN6AA,6,1.0.0.262,1,143.921,870657807,Full,3.0.3.80,3.0.3.80,7/1/21,7/1/21 18:48,13:48:07,3.0.3.82,Keyboard,A,Keyboard,-999999,14,17721,0,1,1,1,1,BlockProc,BlockList,61,122,1,356.7666667,1,,,1500,0.983606557,387.7333333,TrialProc,TrialList,flankerCL.jpg,1,1,Keyboard,2,11,196416,160,1,404,196820,5,1,61,Cong
FC,1,1,A,"<?xml version=""1.0""?>\n<Clock xmlns:dt=""urn:schemas-microsoft-com:datatypes""><Description dt:dt=""string"">E-Prime Primary Realtime Clock</Description><StartTime><Timestamp dt:dt=""int"">0</Timestamp><DateUtc dt:dt=""string"">2021-07-01T18:48:07Z</DateUtc></StartTime><FrequencyChanges><FrequencyChange><Frequency dt:dt=""r8"">10000000</Frequency><Timestamp dt:dt=""r8"">5283677866799</Timestamp><Current dt:dt=""r8"">0</Current><DateUtc dt:dt=""string"">2021-07-01T18:48:07Z</DateUtc></FrequencyChange></FrequencyChanges></Clock>\n",N,SL001_FCN6AA,6,1.0.0.262,1,143.921,870657807,Full,3.0.3.80,3.0.3.80,7/1/21,7/1/21 18:48,13:48:07,3.0.3.82,Keyboard,A,Keyboard,-999999,14,17721,0,1,1,1,1,BlockProc,BlockList,62,212,,,4,0.96875,416.4516129,1500,0.983870968,387.0983607,TrialProc,TrialList,flankerIR.jpg,1,4,Keyboard,3,6,198082,160,4,349,198431,8,1,62,Incon
FC,1,1,A,"<?xml version=""1.0""?>\n<Clock xmlns:dt=""urn:schemas-microsoft-com:datatypes""><Description dt:dt=""string"">E-Prime Primary Realtime Clock</Description><StartTime><Timestamp dt:dt=""int"">0</Timestamp><DateUtc dt:dt=""string"">2021-07-01T18:48:07Z</DateUtc></StartTime><FrequencyChanges><FrequencyChange><Frequency dt:dt=""r8"">10000000</Frequency><Timestamp dt:dt=""r8"">5283677866799</Timestamp><Current dt:dt=""r8"">0</Current><DateUtc dt:dt=""string"">2021-07-01T18:48:07Z</DateUtc></FrequencyChange></FrequencyChanges></Clock>\n",N,SL001_FCN6AA,6,1.0.0.262,1,143.921,870657807,Full,3.0.3.80,3.0.3.80,7/1/21,7/1/21 18:48,13:48:07,3.0.3.82,Keyboard,A,Keyboard,-999999,14,17721,0,1,1,1,1,BlockProc,BlockList,63,122,1,354.5806452,1,,,1500,0.984126984,385.516129,TrialProc,TrialList,flankerCL.jpg,1,1,Keyboard,2,7,199749,160,1,289,200038,5,1,63,Cong
FC,1,1,A,"<?xml version=""1.0""?>\n<Clock xmlns:dt=""urn:schemas-microsoft-com:datatypes""><Description dt:dt=""string"">E-Prime Primary Realtime Clock</Description><StartTime><Timestamp dt:dt=""int"">0</Timestamp><DateUtc dt:dt=""string"">2021-07-01T18:48:07Z</DateUtc></StartTime><FrequencyChanges><FrequencyChange><Frequency dt:dt=""r8"">10000000</Frequency><Timestamp dt:dt=""r8"">5283677866799</Timestamp><Current dt:dt=""r8"">0</Current><DateUtc dt:dt=""string"">2021-07-01T18:48:07Z</DateUtc></FrequencyChange></FrequencyChanges></Clock>\n",N,SL001_FCN6AA,6,1.0.0.262,1,143.921,870657807,Full,3.0.3.80,3.0.3.80,7/1/21,7/1/21 18:48,13:48:07,3.0.3.82,Keyboard,A,Keyboard,-999999,14,17721,0,1,1,1,1,BlockProc,BlockList,64,211,,,4,0.96969697,414.28125,1302,0.984375,384.9047619,TrialProc,TrialList,flankerIR.jpg,1,4,Keyboard,2,7,201416,159,4,347,201763,7,1,64,Incon
FC,1,1,A,"<?xml version=""1.0""?>\n<Clock xmlns:dt=""urn:schemas-microsoft-com:datatypes""><Description dt:dt=""string"">E-Prime Primary Realtime Clock</Description><StartTime><Timestamp dt:dt=""int"">0</Timestamp><DateUtc dt:dt=""string"">2021-07-01T18:48:07Z</DateUtc></StartTime><FrequencyChanges><FrequencyChange><Frequency dt:dt=""r8"">10000000</Frequency><Timestamp dt:dt=""r8"">5283677866799</Timestamp><Current dt:dt=""r8"">0</Current><DateUtc dt:dt=""string"">2021-07-01T18:48:07Z</DateUtc></FrequencyChange></FrequencyChanges></Clock>\n",N,SL001_FCN6AA,6,1.0.0.262,1,143.921,870657807,Full,3.0.3.80,3.0.3.80,7/1/21,7/1/21 18:48,13:48:07,3.0.3.82,Keyboard,A,Keyboard,-999999,14,17721,0,1,1,1,1,BlockProc,BlockList,65,212,,,4,0.970588235,410.4242424,1500,0.984615385,383.375,TrialProc,TrialList,flankerIR.jpg,1,4,Keyboard,2,11,202888,160,4,287,203175,8,1,65,Incon
FC,1,1,A,"<?xml version=""1.0""?>\n<Clock xmlns:dt=""urn:schemas-microsoft-com:datatypes""><Description dt:dt=""string"">E-Prime Primary Realtime Clock</Description><StartTime><Timestamp dt:dt=""int"">0</Timestamp><DateUtc dt:dt=""string"">2021-07-01T18:48:07Z</DateUtc></StartTime><FrequencyChanges><FrequencyChange><Frequency dt:dt=""r8"">10000000</Frequency><Timestamp dt:dt=""r8"">5283677866799</Timestamp><Current dt:dt=""r8"">0</Current><DateUtc dt:dt=""string"">2021-07-01T18:48:07Z</DateUtc></FrequencyChange></FrequencyChanges></Clock>\n",N,SL001_FCN6AA,6,1.0.0.262,1,143.921,870657807,Full,3.0.3.80,3.0.3.80,7/1/21,7/1/21 18:48,13:48:07,3.0.3.82,Keyboard,A,Keyboard,-999999,14,17721,0,1,1,1,1,BlockProc,BlockList,66,213,,,4,0.971428571,408.2352941,1698,0.984848485,382.6461538,TrialProc,TrialList,flankerIR.jpg,1,4,Keyboard,3,6,204554,160,4,336,204890,9,1,66,Incon
FC,1,1,A,"<?xml version=""1.0""?>\n<Clock xmlns:dt=""urn:schemas-microsoft-com:datatypes""><Description dt:dt=""string"">E-Prime Primary Realtime Clock</Description><StartTime><Timestamp dt:dt=""int"">0</Timestamp><DateUtc dt:dt=""string"">2021-07-01T18:48:07Z</DateUtc></StartTime><FrequencyChanges><FrequencyChange><Frequency dt:dt=""r8"">10000000</Frequency><Timestamp dt:dt=""r8"">5283677866799</Timestamp><Current dt:dt=""r8"">0</Current><DateUtc dt:dt=""string"">2021-07-01T18:48:07Z</DateUtc></FrequencyChange></FrequencyChanges></Clock>\n",N,SL001_FCN6AA,6,1.0.0.262,1,143.921,870657807,Full,3.0.3.80,3.0.3.80,7/1/21,7/1/21 18:48,13:48:07,3.0.3.82,Keyboard,A,Keyboard,-999999,14,17721,0,1,1,1,1,BlockProc,BlockList,67,111,1,352.65625,4,,,1302,0.985074627,381.2878788,TrialProc,TrialList,flankerCR.jpg,1,4,Keyboard,3,10,206422,160,4,293,206715,1,1,67,Cong
FC,1,1,A,"<?xml version=""1.0""?>\n<Clock xmlns:dt=""urn:schemas-microsoft-com:datatypes""><Description dt:dt=""string"">E-Prime Primary Realtime Clock</Description><StartTime><Timestamp dt:dt=""int"">0</Timestamp><DateUtc dt:dt=""string"">2021-07-01T18:48:07Z</DateUtc></StartTime><FrequencyChanges><FrequencyChange><Frequency dt:dt=""r8"">10000000</Frequency><Timestamp dt:dt=""r8"">5283677866799</Timestamp><Current dt:dt=""r8"">0</Current><DateUtc dt:dt=""string"">2021-07-01T18:48:07Z</DateUtc></FrequencyChange></FrequencyChanges></Clock>\n",N,SL001_FCN6AA,6,1.0.0.262,1,143.921,870657807,Full,3.0.3.80,3.0.3.80,7/1/21,7/1/21 18:48,13:48:07,3.0.3.82,Keyboard,A,Keyboard,-999999,14,17721,0,1,1,1,1,BlockProc,BlockList,68,123,1,354.1515152,1,,,1698,0.985294118,381.5970149,TrialProc,TrialList,flankerCL.jpg,1,1,Keyboard,2,11,207895,159,1,402,208297,6,1,68,Cong
FC,1,1,A,"<?xml version=""1.0""?>\n<Clock xmlns:dt=""urn:schemas-microsoft-com:datatypes""><Description dt:dt=""string"">E-Prime Primary Realtime Clock</Description><StartTime><Timestamp dt:dt=""int"">0</Timestamp><DateUtc dt:dt=""string"">2021-07-01T18:48:07Z</DateUtc></StartTime><FrequencyChanges><FrequencyChange><Frequency dt:dt=""r8"">10000000</Frequency><Timestamp dt:dt=""r8"">5283677866799</Timestamp><Current dt:dt=""r8"">0</Current><DateUtc dt:dt=""string"">2021-07-01T18:48:07Z</DateUtc></FrequencyChange></FrequencyChanges></Clock>\n",N,SL001_FCN6AA,6,1.0.0.262,1,143.921,870657807,Full,3.0.3.80,3.0.3.80,7/1/21,7/1/21 18:48,13:48:07,3.0.3.82,Keyboard,A,Keyboard,-999999,14,17721,0,1,1,1,1,BlockProc,BlockList,69,211,,,4,0.972222222,407.4571429,1302,0.985507246,381.5882353,TrialProc,TrialList,flankerIR.jpg,1,4,Keyboard,2,11,209763,159,4,381,210144,7,1,69,Incon
FC,1,1,A,"<?xml version=""1.0""?>\n<Clock xmlns:dt=""urn:schemas-microsoft-com:datatypes""><Description dt:dt=""string"">E-Prime Primary Realtime Clock</Description><StartTime><Timestamp dt:dt=""int"">0</Timestamp><DateUtc dt:dt=""string"">2021-07-01T18:48:07Z</DateUtc></StartTime><FrequencyChanges><FrequencyChange><Frequency dt:dt=""r8"">10000000</Frequency><Timestamp dt:dt=""r8"">5283677866799</Timestamp><Current dt:dt=""r8"">0</Current><DateUtc dt:dt=""string"">2021-07-01T18:48:07Z</DateUtc></FrequencyChange></FrequencyChanges></Clock>\n",N,SL001_FCN6AA,6,1.0.0.262,1,143.921,870657807,Full,3.0.3.80,3.0.3.80,7/1/21,7/1/21 18:48,13:48:07,3.0.3.82,Keyboard,A,Keyboard,-999999,14,17721,0,1,1,1,1,BlockProc,BlockList,70,112,1,352.4705882,4,,,1500,0.985714286,380.3623188,TrialProc,TrialList,flankerCR.jpg,1,4,Keyboard,2,11,211235,159,4,297,211532,2,1,70,Cong
FC,1,1,A,"<?xml version=""1.0""?>\n<Clock xmlns:dt=""urn:schemas-microsoft-com:datatypes""><Description dt:dt=""string"">E-Prime Primary Realtime Clock</Description><StartTime><Timestamp dt:dt=""int"">0</Timestamp><DateUtc dt:dt=""string"">2021-07-01T18:48:07Z</DateUtc></StartTime><FrequencyChanges><FrequencyChange><Frequency dt:dt=""r8"">10000000</Frequency><Timestamp dt:dt=""r8"">5283677866799</Timestamp><Current dt:dt=""r8"">0</Current><DateUtc dt:dt=""string"">2021-07-01T18:48:07Z</DateUtc></FrequencyChange></FrequencyChanges></Clock>\n",N,SL001_FCN6AA,6,1.0.0.262,1,143.921,870657807,Full,3.0.3.80,3.0.3.80,7/1/21,7/1/21 18:48,13:48:07,3.0.3.82,Keyboard,A,Keyboard,-999999,14,17721,0,1,1,1,1,BlockProc,BlockList,71,222,,,1,0.972972973,406.5833333,1500,0.985915493,380.3,TrialProc,TrialList,flankerIL.jpg,1,1,Keyboard,3,7,212901,160,1,376,213277,11,1,71,Incon
FC,1,1,A,"<?xml version=""1.0""?>\n<Clock xmlns:dt=""urn:schemas-microsoft-com:datatypes""><Description dt:dt=""string"">E-Prime Primary Realtime Clock</Description><StartTime><Timestamp dt:dt=""int"">0</Timestamp><DateUtc dt:dt=""string"">2021-07-01T18:48:07Z</DateUtc></StartTime><FrequencyChanges><FrequencyChange><Frequency dt:dt=""r8"">10000000</Frequency><Timestamp dt:dt=""r8"">5283677866799</Timestamp><Current dt:dt=""r8"">0</Current><DateUtc dt:dt=""string"">2021-07-01T18:48:07Z</DateUtc></FrequencyChange></FrequencyChanges></Clock>\n",N,SL001_FCN6AA,6,1.0.0.262,1,143.921,870657807,Full,3.0.3.80,3.0.3.80,7/1/21,7/1/21 18:48,13:48:07,3.0.3.82,Keyboard,A,Keyboard,-999999,14,17721,0,1,1,1,1,BlockProc,BlockList,72,123,1,350.9714286,1,,,1698,0.986111111,379.1690141,TrialProc,TrialList,flankerCL.jpg,1,1,Keyboard,2,7,214568,160,1,300,214868,6,1,72,Cong
FC,1,1,A,"<?xml version=""1.0""?>\n<Clock xmlns:dt=""urn:schemas-microsoft-com:datatypes""><Description dt:dt=""string"">E-Prime Primary Realtime Clock</Description><StartTime><Timestamp dt:dt=""int"">0</Timestamp><DateUtc dt:dt=""string"">2021-07-01T18:48:07Z</DateUtc></StartTime><FrequencyChanges><FrequencyChange><Frequency dt:dt=""r8"">10000000</Frequency><Timestamp dt:dt=""r8"">5283677866799</Timestamp><Current dt:dt=""r8"">0</Current><DateUtc dt:dt=""string"">2021-07-01T18:48:07Z</DateUtc></FrequencyChange></FrequencyChanges></Clock>\n",N,SL001_FCN6AA,6,1.0.0.262,1,143.921,870657807,Full,3.0.3.80,3.0.3.80,7/1/21,7/1/21 18:48,13:48:07,3.0.3.82,Keyboard,A,Keyboard,-999999,14,17721,0,1,1,1,1,BlockProc,BlockList,73,211,,,4,0.973684211,405.7567568,1302,0.98630137,379.125,TrialProc,TrialList,flankerIR.jpg,1,4,Keyboard,2,10,216436,160,4,376,216812,7,1,73,Incon
FC,1,1,A,"<?xml version=""1.0""?>\n<Clock xmlns:dt=""urn:schemas-microsoft-com:datatypes""><Description dt:dt=""string"">E-Prime Primary Realtime Clock</Description><StartTime><Timestamp dt:dt=""int"">0</Timestamp><DateUtc dt:dt=""string"">2021-07-01T18:48:07Z</DateUtc></StartTime><FrequencyChanges><FrequencyChange><Frequency dt:dt=""r8"">10000000</Frequency><Timestamp dt:dt=""r8"">5283677866799</Timestamp><Current dt:dt=""r8"">0</Current><DateUtc dt:dt=""string"">2021-07-01T18:48:07Z</DateUtc></FrequencyChange></FrequencyChanges></Clock>\n",N,SL001_FCN6AA,6,1.0.0.262,1,143.921,870657807,Full,3.0.3.80,3.0.3.80,7/1/21,7/1/21 18:48,13:48:07,3.0.3.82,Keyboard,A,Keyboard,-999999,14,17721,0,1,1,1,1,BlockProc,BlockList,74,213,,,4,0.974358974,404.3421053,1698,0.986486486,378.7534247,TrialProc,TrialList,flankerIR.jpg,1,4,Keyboard,3,10,217908,160,4,352,218260,9,1,74,Incon
FC,1,1,A,"<?xml version=""1.0""?>\n<Clock xmlns:dt=""urn:schemas-microsoft-com:datatypes""><Description dt:dt=""string"">E-Prime Primary Realtime Clock</Description><StartTime><Timestamp dt:dt=""int"">0</Timestamp><DateUtc dt:dt=""string"">2021-07-01T18:48:07Z</DateUtc></StartTime><FrequencyChanges><FrequencyChange><Frequency dt:dt=""r8"">10000000</Frequency><Timestamp dt:dt=""r8"">5283677866799</Timestamp><Current dt:dt=""r8"">0</Current><DateUtc dt:dt=""string"">2021-07-01T18:48:07Z</DateUtc></FrequencyChange></FrequencyChanges></Clock>\n",N,SL001_FCN6AA,6,1.0.0.262,1,143.921,870657807,Full,3.0.3.80,3.0.3.80,7/1/21,7/1/21 18:48,13:48:07,3.0.3.82,Keyboard,A,Keyboard,-999999,14,17721,0,1,1,1,1,BlockProc,BlockList,75,122,1,351.1944444,1,,,1500,0.986666667,378.4864865,TrialProc,TrialList,flankerCL.jpg,1,1,Keyboard,2,10,219776,160,1,359,220135,5,1,75,Cong
FC,1,1,A,"<?xml version=""1.0""?>\n<Clock xmlns:dt=""urn:schemas-microsoft-com:datatypes""><Description dt:dt=""string"">E-Prime Primary Realtime Clock</Description><StartTime><Timestamp dt:dt=""int"">0</Timestamp><DateUtc dt:dt=""string"">2021-07-01T18:48:07Z</DateUtc></StartTime><FrequencyChanges><FrequencyChange><Frequency dt:dt=""r8"">10000000</Frequency><Timestamp dt:dt=""r8"">5283677866799</Timestamp><Current dt:dt=""r8"">0</Current><DateUtc dt:dt=""string"">2021-07-01T18:48:07Z</DateUtc></FrequencyChange></FrequencyChanges></Clock>\n",N,SL001_FCN6AA,6,1.0.0.262,1,143.921,870657807,Full,3.0.3.80,3.0.3.80,7/1/21,7/1/21 18:48,13:48:07,3.0.3.82,Keyboard,A,Keyboard,-999999,14,17721,0,1,1,1,1,BlockProc,BlockList,76,223,,,1,0.975,403.2051282,1698,0.986842105,378.24,TrialProc,TrialList,flankerIL.jpg,1,1,Keyboard,2,7,221443,159,1,360,221803,12,1,76,Incon
FC,1,1,A,"<?xml version=""1.0""?>\n<Clock xmlns:dt=""urn:schemas-microsoft-com:datatypes""><Description dt:dt=""string"">E-Prime Primary Realtime Clock</Description><StartTime><Timestamp dt:dt=""int"">0</Timestamp><DateUtc dt:dt=""string"">2021-07-01T18:48:07Z</DateUtc></StartTime><FrequencyChanges><FrequencyChange><Frequency dt:dt=""r8"">10000000</Frequency><Timestamp dt:dt=""r8"">5283677866799</Timestamp><Current dt:dt=""r8"">0</Current><DateUtc dt:dt=""string"">2021-07-01T18:48:07Z</DateUtc></FrequencyChange></FrequencyChanges></Clock>\n",N,SL001_FCN6AA,6,1.0.0.262,1,143.921,870657807,Full,3.0.3.80,3.0.3.80,7/1/21,7/1/21 18:48,13:48:07,3.0.3.82,Keyboard,A,Keyboard,-999999,14,17721,0,1,1,1,1,BlockProc,BlockList,77,123,1,349.6486486,1,,,1698,0.987012987,377.1315789,TrialProc,TrialList,flankerCL.jpg,1,1,Keyboard,2,11,223311,159,1,294,223605,6,1,77,Cong
FC,1,1,A,"<?xml version=""1.0""?>\n<Clock xmlns:dt=""urn:schemas-microsoft-com:datatypes""><Description dt:dt=""string"">E-Prime Primary Realtime Clock</Description><StartTime><Timestamp dt:dt=""int"">0</Timestamp><DateUtc dt:dt=""string"">2021-07-01T18:48:07Z</DateUtc></StartTime><FrequencyChanges><FrequencyChange><Frequency dt:dt=""r8"">10000000</Frequency><Timestamp dt:dt=""r8"">5283677866799</Timestamp><Current dt:dt=""r8"">0</Current><DateUtc dt:dt=""string"">2021-07-01T18:48:07Z</DateUtc></FrequencyChange></FrequencyChanges></Clock>\n",N,SL001_FCN6AA,6,1.0.0.262,1,143.921,870657807,Full,3.0.3.80,3.0.3.80,7/1/21,7/1/21 18:48,13:48:07,3.0.3.82,Keyboard,A,Keyboard,-999999,14,17721,0,1,1,1,1,BlockProc,BlockList,78,113,1,349.7631579,4,,,1698,0.987179487,376.8311688,TrialProc,TrialList,flankerCR.jpg,1,4,Keyboard,2,11,225179,159,4,354,225533,3,1,78,Cong
FC,1,1,A,"<?xml version=""1.0""?>\n<Clock xmlns:dt=""urn:schemas-microsoft-com:datatypes""><Description dt:dt=""string"">E-Prime Primary Realtime Clock</Description><StartTime><Timestamp dt:dt=""int"">0</Timestamp><DateUtc dt:dt=""string"">2021-07-01T18:48:07Z</DateUtc></StartTime><FrequencyChanges><FrequencyChange><Frequency dt:dt=""r8"">10000000</Frequency><Timestamp dt:dt=""r8"">5283677866799</Timestamp><Current dt:dt=""r8"">0</Current><DateUtc dt:dt=""string"">2021-07-01T18:48:07Z</DateUtc></FrequencyChange></FrequencyChanges></Clock>\n",N,SL001_FCN6AA,6,1.0.0.262,1,143.921,870657807,Full,3.0.3.80,3.0.3.80,7/1/21,7/1/21 18:48,13:48:07,3.0.3.82,Keyboard,A,Keyboard,-999999,14,17721,0,1,1,1,1,BlockProc,BlockList,79,211,,,4,0.975609756,404.125,1302,0.987341772,377.6410256,TrialProc,TrialList,flankerIR.jpg,1,4,Keyboard,2,11,227047,159,4,440,227487,7,1,79,Incon
FC,1,1,A,"<?xml version=""1.0""?>\n<Clock xmlns:dt=""urn:schemas-microsoft-com:datatypes""><Description dt:dt=""string"">E-Prime Primary Realtime Clock</Description><StartTime><Timestamp dt:dt=""int"">0</Timestamp><DateUtc dt:dt=""string"">2021-07-01T18:48:07Z</DateUtc></StartTime><FrequencyChanges><FrequencyChange><Frequency dt:dt=""r8"">10000000</Frequency><Timestamp dt:dt=""r8"">5283677866799</Timestamp><Current dt:dt=""r8"">0</Current><DateUtc dt:dt=""string"">2021-07-01T18:48:07Z</DateUtc></FrequencyChange></FrequencyChanges></Clock>\n",N,SL001_FCN6AA,6,1.0.0.262,1,143.921,870657807,Full,3.0.3.80,3.0.3.80,7/1/21,7/1/21 18:48,13:48:07,3.0.3.82,Keyboard,A,Keyboard,-999999,14,17721,0,1,1,1,1,BlockProc,BlockList,80,113,1,352.8717949,4,,,1698,0.9875,378.8227848,TrialProc,TrialList,flankerCR.jpg,1,4,Keyboard,2,11,228519,160,4,471,228990,3,1,80,Cong
FC,1,1,A,"<?xml version=""1.0""?>\n<Clock xmlns:dt=""urn:schemas-microsoft-com:datatypes""><Description dt:dt=""string"">E-Prime Primary Realtime Clock</Description><StartTime><Timestamp dt:dt=""int"">0</Timestamp><DateUtc dt:dt=""string"">2021-07-01T18:48:07Z</DateUtc></StartTime><FrequencyChanges><FrequencyChange><Frequency dt:dt=""r8"">10000000</Frequency><Timestamp dt:dt=""r8"">5283677866799</Timestamp><Current dt:dt=""r8"">0</Current><DateUtc dt:dt=""string"">2021-07-01T18:48:07Z</DateUtc></FrequencyChange></FrequencyChanges></Clock>\n",N,SL001_FCN6AA,6,1.0.0.262,1,143.921,870657807,Full,3.0.3.80,3.0.3.80,7/1/21,7/1/21 18:48,13:48:07,3.0.3.82,Keyboard,A,Keyboard,-999999,14,17721,0,1,1,1,1,BlockProc,BlockList,81,121,1,352.625,1,,,1302,0.987654321,378.375,TrialProc,TrialList,flankerCL.jpg,1,1,Keyboard,2,10,230387,160,1,343,230730,4,1,81,Cong
FC,1,1,A,"<?xml version=""1.0""?>\n<Clock xmlns:dt=""urn:schemas-microsoft-com:datatypes""><Description dt:dt=""string"">E-Prime Primary Realtime Clock</Description><StartTime><Timestamp dt:dt=""int"">0</Timestamp><DateUtc dt:dt=""string"">2021-07-01T18:48:07Z</DateUtc></StartTime><FrequencyChanges><FrequencyChange><Frequency dt:dt=""r8"">10000000</Frequency><Timestamp dt:dt=""r8"">5283677866799</Timestamp><Current dt:dt=""r8"">0</Current><DateUtc dt:dt=""string"">2021-07-01T18:48:07Z</DateUtc></FrequencyChange></FrequencyChanges></Clock>\n",N,SL001_FCN6AA,6,1.0.0.262,1,143.921,870657807,Full,3.0.3.80,3.0.3.80,7/1/21,7/1/21 18:48,13:48:07,3.0.3.82,Keyboard,A,Keyboard,-999999,14,17721,0,1,1,1,1,BlockProc,BlockList,82,212,,,4,0.976190476,405.1707317,1500,0.987804878,379.2222222,TrialProc,TrialList,flankerIR.jpg,1,4,Keyboard,2,10,231859,160,4,447,232306,8,1,82,Incon
FC,1,1,A,"<?xml version=""1.0""?>\n<Clock xmlns:dt=""urn:schemas-microsoft-com:datatypes""><Description dt:dt=""string"">E-Prime Primary Realtime Clock</Description><StartTime><Timestamp dt:dt=""int"">0</Timestamp><DateUtc dt:dt=""string"">2021-07-01T18:48:07Z</DateUtc></StartTime><FrequencyChanges><FrequencyChange><Frequency dt:dt=""r8"">10000000</Frequency><Timestamp dt:dt=""r8"">5283677866799</Timestamp><Current dt:dt=""r8"">0</Current><DateUtc dt:dt=""string"">2021-07-01T18:48:07Z</DateUtc></FrequencyChange></FrequencyChanges></Clock>\n",N,SL001_FCN6AA,6,1.0.0.262,1,143.921,870657807,Full,3.0.3.80,3.0.3.80,7/1/21,7/1/21 18:48,13:48:07,3.0.3.82,Keyboard,A,Keyboard,-999999,14,17721,0,1,1,1,1,BlockProc,BlockList,83,113,1,351.2439024,4,,,1698,0.987951807,378.2073171,TrialProc,TrialList,flankerCR.jpg,1,4,Keyboard,2,7,233526,159,4,296,233822,3,1,83,Cong
FC,1,1,A,"<?xml version=""1.0""?>\n<Clock xmlns:dt=""urn:schemas-microsoft-com:datatypes""><Description dt:dt=""string"">E-Prime Primary Realtime Clock</Description><StartTime><Timestamp dt:dt=""int"">0</Timestamp><DateUtc dt:dt=""string"">2021-07-01T18:48:07Z</DateUtc></StartTime><FrequencyChanges><FrequencyChange><Frequency dt:dt=""r8"">10000000</Frequency><Timestamp dt:dt=""r8"">5283677866799</Timestamp><Current dt:dt=""r8"">0</Current><DateUtc dt:dt=""string"">2021-07-01T18:48:07Z</DateUtc></FrequencyChange></FrequencyChanges></Clock>\n",N,SL001_FCN6AA,6,1.0.0.262,1,143.921,870657807,Full,3.0.3.80,3.0.3.80,7/1/21,7/1/21 18:48,13:48:07,3.0.3.82,Keyboard,A,Keyboard,-999999,14,17721,0,1,1,1,1,BlockProc,BlockList,84,113,1,349.5714286,4,,,1698,0.988095238,377.0361446,TrialProc,TrialList,flankerCR.jpg,1,4,Keyboard,2,11,235394,159,4,281,235675,3,1,84,Cong
FC,1,1,A,"<?xml version=""1.0""?>\n<Clock xmlns:dt=""urn:schemas-microsoft-com:datatypes""><Description dt:dt=""string"">E-Prime Primary Realtime Clock</Description><StartTime><Timestamp dt:dt=""int"">0</Timestamp><DateUtc dt:dt=""string"">2021-07-01T18:48:07Z</DateUtc></StartTime><FrequencyChanges><FrequencyChange><Frequency dt:dt=""r8"">10000000</Frequency><Timestamp dt:dt=""r8"">5283677866799</Timestamp><Current dt:dt=""r8"">0</Current><DateUtc dt:dt=""string"">2021-07-01T18:48:07Z</DateUtc></FrequencyChange></FrequencyChanges></Clock>\n",N,SL001_FCN6AA,6,1.0.0.262,1,143.921,870657807,Full,3.0.3.80,3.0.3.80,7/1/21,7/1/21 18:48,13:48:07,3.0.3.82,Keyboard,A,Keyboard,-999999,14,17721,0,1,1,1,1,BlockProc,BlockList,85,221,,,1,0.953488372,,1302,0.976470588,,TrialProc,TrialList,flankerIL.jpg,0,1,Keyboard,2,11,237262,159,4,374,237636,10,1,85,Incon
FC,1,1,A,"<?xml version=""1.0""?>\n<Clock xmlns:dt=""urn:schemas-microsoft-com:datatypes""><Description dt:dt=""string"">E-Prime Primary Realtime Clock</Description><StartTime><Timestamp dt:dt=""int"">0</Timestamp><DateUtc dt:dt=""string"">2021-07-01T18:48:07Z</DateUtc></StartTime><FrequencyChanges><FrequencyChange><Frequency dt:dt=""r8"">10000000</Frequency><Timestamp dt:dt=""r8"">5283677866799</Timestamp><Current dt:dt=""r8"">0</Current><DateUtc dt:dt=""string"">2021-07-01T18:48:07Z</DateUtc></FrequencyChange></FrequencyChanges></Clock>\n",N,SL001_FCN6AA,6,1.0.0.262,1,143.921,870657807,Full,3.0.3.80,3.0.3.80,7/1/21,7/1/21 18:48,13:48:07,3.0.3.82,Keyboard,A,Keyboard,-999999,14,17721,0,1,1,1,1,BlockProc,BlockList,86,212,,,4,0.954545455,403.9047619,1500,0.976744186,376.7380952,TrialProc,TrialList,flankerIR.jpg,1,4,Keyboard,2,11,238734,160,4,352,239086,8,1,86,Incon
FC,1,1,A,"<?xml version=""1.0""?>\n<Clock xmlns:dt=""urn:schemas-microsoft-com:datatypes""><Description dt:dt=""string"">E-Prime Primary Realtime Clock</Description><StartTime><Timestamp dt:dt=""int"">0</Timestamp><DateUtc dt:dt=""string"">2021-07-01T18:48:07Z</DateUtc></StartTime><FrequencyChanges><FrequencyChange><Frequency dt:dt=""r8"">10000000</Frequency><Timestamp dt:dt=""r8"">5283677866799</Timestamp><Current dt:dt=""r8"">0</Current><DateUtc dt:dt=""string"">2021-07-01T18:48:07Z</DateUtc></FrequencyChange></FrequencyChanges></Clock>\n",N,SL001_FCN6AA,6,1.0.0.262,1,143.921,870657807,Full,3.0.3.80,3.0.3.80,7/1/21,7/1/21 18:48,13:48:07,3.0.3.82,Keyboard,A,Keyboard,-999999,14,17721,0,1,1,1,1,BlockProc,BlockList,87,112,1,348.2790698,4,,,1500,0.977011494,375.7647059,TrialProc,TrialList,flankerCR.jpg,1,4,Keyboard,3,6,240400,160,4,294,240694,2,1,87,Cong
FC,1,1,A,"<?xml version=""1.0""?>\n<Clock xmlns:dt=""urn:schemas-microsoft-com:datatypes""><Description dt:dt=""string"">E-Prime Primary Realtime Clock</Description><StartTime><Timestamp dt:dt=""int"">0</Timestamp><DateUtc dt:dt=""string"">2021-07-01T18:48:07Z</DateUtc></StartTime><FrequencyChanges><FrequencyChange><Frequency dt:dt=""r8"">10000000</Frequency><Timestamp dt:dt=""r8"">5283677866799</Timestamp><Current dt:dt=""r8"">0</Current><DateUtc dt:dt=""string"">2021-07-01T18:48:07Z</DateUtc></FrequencyChange></FrequencyChanges></Clock>\n",N,SL001_FCN6AA,6,1.0.0.262,1,143.921,870657807,Full,3.0.3.80,3.0.3.80,7/1/21,7/1/21 18:48,13:48:07,3.0.3.82,Keyboard,A,Keyboard,-999999,14,17721,0,1,1,1,1,BlockProc,BlockList,88,212,,,4,0.955555556,402.9534884,1500,0.977272727,375.6162791,TrialProc,TrialList,flankerIR.jpg,1,4,Keyboard,2,7,242067,160,4,363,242430,8,1,88,Incon
FC,1,1,A,"<?xml version=""1.0""?>\n<Clock xmlns:dt=""urn:schemas-microsoft-com:datatypes""><Description dt:dt=""string"">E-Prime Primary Realtime Clock</Description><StartTime><Timestamp dt:dt=""int"">0</Timestamp><DateUtc dt:dt=""string"">2021-07-01T18:48:07Z</DateUtc></StartTime><FrequencyChanges><FrequencyChange><Frequency dt:dt=""r8"">10000000</Frequency><Timestamp dt:dt=""r8"">5283677866799</Timestamp><Current dt:dt=""r8"">0</Current><DateUtc dt:dt=""string"">2021-07-01T18:48:07Z</DateUtc></FrequencyChange></FrequencyChanges></Clock>\n",N,SL001_FCN6AA,6,1.0.0.262,1,143.921,870657807,Full,3.0.3.80,3.0.3.80,7/1/21,7/1/21 18:48,13:48:07,3.0.3.82,Keyboard,A,Keyboard,-999999,14,17721,0,1,1,1,1,BlockProc,BlockList,89,122,1,351.5909091,1,,,1500,0.97752809,376.9770115,TrialProc,TrialList,flankerCL.jpg,1,1,Keyboard,2,7,243734,159,1,494,244228,5,1,89,Cong
FC,1,1,A,"<?xml version=""1.0""?>\n<Clock xmlns:dt=""urn:schemas-microsoft-com:datatypes""><Description dt:dt=""string"">E-Prime Primary Realtime Clock</Description><StartTime><Timestamp dt:dt=""int"">0</Timestamp><DateUtc dt:dt=""string"">2021-07-01T18:48:07Z</DateUtc></StartTime><FrequencyChanges><FrequencyChange><Frequency dt:dt=""r8"">10000000</Frequency><Timestamp dt:dt=""r8"">5283677866799</Timestamp><Current dt:dt=""r8"">0</Current><DateUtc dt:dt=""string"">2021-07-01T18:48:07Z</DateUtc></FrequencyChange></FrequencyChanges></Clock>\n",N,SL001_FCN6AA,6,1.0.0.262,1,143.921,870657807,Full,3.0.3.80,3.0.3.80,7/1/21,7/1/21 18:48,13:48:07,3.0.3.82,Keyboard,A,Keyboard,-999999,14,17721,0,1,1,1,1,BlockProc,BlockList,90,113,1,350.7333333,4,,,1698,0.977777778,376.25,TrialProc,TrialList,flankerCR.jpg,1,4,Keyboard,2,7,245400,160,4,313,245713,3,1,90,Cong
FC,1,1,A,"<?xml version=""1.0""?>\n<Clock xmlns:dt=""urn:schemas-microsoft-com:datatypes""><Description dt:dt=""string"">E-Prime Primary Realtime Clock</Description><StartTime><Timestamp dt:dt=""int"">0</Timestamp><DateUtc dt:dt=""string"">2021-07-01T18:48:07Z</DateUtc></StartTime><FrequencyChanges><FrequencyChange><Frequency dt:dt=""r8"">10000000</Frequency><Timestamp dt:dt=""r8"">5283677866799</Timestamp><Current dt:dt=""r8"">0</Current><DateUtc dt:dt=""string"">2021-07-01T18:48:07Z</DateUtc></FrequencyChange></FrequencyChanges></Clock>\n",N,SL001_FCN6AA,6,1.0.0.262,1,143.921,870657807,Full,3.0.3.80,3.0.3.80,7/1/21,7/1/21 18:48,13:48:07,3.0.3.82,Keyboard,A,Keyboard,-999999,14,17721,0,1,1,1,1,BlockProc,BlockList,91,113,1,351.9782609,4,,,1698,0.978021978,376.6067416,TrialProc,TrialList,flankerCR.jpg,1,4,Keyboard,2,10,247268,160,4,408,247676,3,1,91,Cong
FC,1,1,A,"<?xml version=""1.0""?>\n<Clock xmlns:dt=""urn:schemas-microsoft-com:datatypes""><Description dt:dt=""string"">E-Prime Primary Realtime Clock</Description><StartTime><Timestamp dt:dt=""int"">0</Timestamp><DateUtc dt:dt=""string"">2021-07-01T18:48:07Z</DateUtc></StartTime><FrequencyChanges><FrequencyChange><Frequency dt:dt=""r8"">10000000</Frequency><Timestamp dt:dt=""r8"">5283677866799</Timestamp><Current dt:dt=""r8"">0</Current><DateUtc dt:dt=""string"">2021-07-01T18:48:07Z</DateUtc></FrequencyChange></FrequencyChanges></Clock>\n",N,SL001_FCN6AA,6,1.0.0.262,1,143.921,870657807,Full,3.0.3.80,3.0.3.80,7/1/21,7/1/21 18:48,13:48:07,3.0.3.82,Keyboard,A,Keyboard,-999999,14,17721,0,1,1,1,1,BlockProc,BlockList,92,223,,,1,0.956521739,402.1363636,1698,0.97826087,376.5,TrialProc,TrialList,flankerIL.jpg,1,1,Keyboard,2,10,249136,160,1,367,249503,12,1,92,Incon
FC,1,1,A,"<?xml version=""1.0""?>\n<Clock xmlns:dt=""urn:schemas-microsoft-com:datatypes""><Description dt:dt=""string"">E-Prime Primary Realtime Clock</Description><StartTime><Timestamp dt:dt=""int"">0</Timestamp><DateUtc dt:dt=""string"">2021-07-01T18:48:07Z</DateUtc></StartTime><FrequencyChanges><FrequencyChange><Frequency dt:dt=""r8"">10000000</Frequency><Timestamp dt:dt=""r8"">5283677866799</Timestamp><Current dt:dt=""r8"">0</Current><DateUtc dt:dt=""string"">2021-07-01T18:48:07Z</DateUtc></FrequencyChange></FrequencyChanges></Clock>\n",N,SL001_FCN6AA,6,1.0.0.262,1,143.921,870657807,Full,3.0.3.80,3.0.3.80,7/1/21,7/1/21 18:48,13:48:07,3.0.3.82,Keyboard,A,Keyboard,-999999,14,17721,0,1,1,1,1,BlockProc,BlockList,93,111,1,352.0212766,4,,,1302,0.978494624,376.2527473,TrialProc,TrialList,flankerCR.jpg,1,4,Keyboard,2,10,251004,160,4,354,251358,1,1,93,Cong
FC,1,1,A,"<?xml version=""1.0""?>\n<Clock xmlns:dt=""urn:schemas-microsoft-com:datatypes""><Description dt:dt=""string"">E-Prime Primary Realtime Clock</Description><StartTime><Timestamp dt:dt=""int"">0</Timestamp><DateUtc dt:dt=""string"">2021-07-01T18:48:07Z</DateUtc></StartTime><FrequencyChanges><FrequencyChange><Frequency dt:dt=""r8"">10000000</Frequency><Timestamp dt:dt=""r8"">5283677866799</Timestamp><Current dt:dt=""r8"">0</Current><DateUtc dt:dt=""string"">2021-07-01T18:48:07Z</DateUtc></FrequencyChange></FrequencyChanges></Clock>\n",N,SL001_FCN6AA,6,1.0.0.262,1,143.921,870657807,Full,3.0.3.80,3.0.3.80,7/1/21,7/1/21 18:48,13:48:07,3.0.3.82,Keyboard,A,Keyboard,-999999,14,17721,0,1,1,1,1,BlockProc,BlockList,94,223,,,1,0.957446809,401.7333333,1698,0.978723404,376.3369565,TrialProc,TrialList,flankerIL.jpg,1,1,Keyboard,3,10,252476,160,1,384,252860,12,1,94,Incon
FC,1,1,A,"<?xml version=""1.0""?>\n<Clock xmlns:dt=""urn:schemas-microsoft-com:datatypes""><Description dt:dt=""string"">E-Prime Primary Realtime Clock</Description><StartTime><Timestamp dt:dt=""int"">0</Timestamp><DateUtc dt:dt=""string"">2021-07-01T18:48:07Z</DateUtc></StartTime><FrequencyChanges><FrequencyChange><Frequency dt:dt=""r8"">10000000</Frequency><Timestamp dt:dt=""r8"">5283677866799</Timestamp><Current dt:dt=""r8"">0</Current><DateUtc dt:dt=""string"">2021-07-01T18:48:07Z</DateUtc></FrequencyChange></FrequencyChanges></Clock>\n",N,SL001_FCN6AA,6,1.0.0.262,1,143.921,870657807,Full,3.0.3.80,3.0.3.80,7/1/21,7/1/21 18:48,13:48:07,3.0.3.82,Keyboard,A,Keyboard,-999999,14,17721,0,1,1,1,1,BlockProc,BlockList,95,112,1,350.9166667,4,,,1500,0.978947368,375.5053763,TrialProc,TrialList,flankerCR.jpg,1,4,Keyboard,3,10,254344,160,4,299,254643,2,1,95,Cong
FC,1,1,A,"<?xml version=""1.0""?>\n<Clock xmlns:dt=""urn:schemas-microsoft-com:datatypes""><Description dt:dt=""string"">E-Prime Primary Realtime Clock</Description><StartTime><Timestamp dt:dt=""int"">0</Timestamp><DateUtc dt:dt=""string"">2021-07-01T18:48:07Z</DateUtc></StartTime><FrequencyChanges><FrequencyChange><Frequency dt:dt=""r8"">10000000</Frequency><Timestamp dt:dt=""r8"">5283677866799</Timestamp><Current dt:dt=""r8"">0</Current><DateUtc dt:dt=""string"">2021-07-01T18:48:07Z</DateUtc></FrequencyChange></FrequencyChanges></Clock>\n",N,SL001_FCN6AA,6,1.0.0.262,1,143.921,870657807,Full,3.0.3.80,3.0.3.80,7/1/21,7/1/21 18:48,13:48:07,3.0.3.82,Keyboard,A,Keyboard,-999999,14,17721,0,1,1,1,1,BlockProc,BlockList,96,222,,,1,0.958333333,401.5,1500,0.979166667,375.6702128,TrialProc,TrialList,flankerIL.jpg,1,1,Keyboard,4,7,256011,160,1,391,256402,11,1,96,Incon