C:\Users\pindus\Desktop\SITLess_Data\EXP1\COG\POST\FC\SL001\SL001_FCN6AB.edat3,,,,,,,,,,,,,,,,,,,,,,,,,,,,,,,,,,,,,,,,,,,,,,,,,,,,,,,,,,
ExperimentName,Subject,Session,BlockID,Clock.Information,CogSeq,DataFile.Basename,Day,ExperimentVersion,Group,Participant.RefreshRate,RandomSeed,RuntimeCapabilities,RuntimeVersion,RuntimeVersionExpected,SessionDate,SessionStartDateTimeUtc,SessionTime,StudioVersion,ThankYou.DEVICE,Timing,Welcome.DEVICE,Welcome.DurationError,Welcome.OnsetDelay,Welcome.OnsetTime,Welcome.OnsetToOnsetTime,Block,BlockList,BlockList.Cycle,BlockList.Sample,Procedure[Block],Running[Block],Trial,Condition,CongAcc,CongRT,CorrectAnswer,InconAcc,InconRT,ITI,OverallACC,OverallRT,Procedure[Trial],Running[Trial],Stimulus,Stimulus.ACC,Stimulus.CRESP,Stimulus.DEVICE,Stimulus.DurationError,Stimulus.OnsetDelay,Stimulus.OnsetTime,Stimulus.OnsetToOnsetTime,Stimulus.RESP,Stimulus.RT,Stimulus.RTTime,TrialList,TrialList.Cycle,TrialList.Sample,TrialType
FC,1,1,B,"<?xml version=""1.0""?>\n<Clock xmlns:dt=""urn:schemas-microsoft-com:datatypes""><Description dt:dt=""string"">E-Prime Primary Realtime Clock</Description><StartTime><Timestamp dt:dt=""int"">0</Timestamp><DateUtc dt:dt=""string"">2021-07-01T18:52:35Z</DateUtc></StartTime><FrequencyChanges><FrequencyChange><Frequency dt:dt=""r8"">10000000</Frequency><Timestamp dt:dt=""r8"">5286356992746</Timestamp><Current dt:dt=""r8"">0</Current><DateUtc dt:dt=""string"">2021-07-01T18:52:35Z</DateUtc></FrequencyChange></FrequencyChanges></Clock>\n",N,SL001_FCN6AB,6,1.0.0.262,1,143.907,-745087547,Full,3.0.3.80,3.0.3.80,7/1/21,7/1/21 18:52,13:52:35,3.0.3.82,Keyboard,A,Keyboard,-999999,16,11709,0,1,1,1,1,BlockProc,BlockList,1,223,,,1,1,418,1698,1,418,TrialProc,TrialList,flankerIL.jpg,1,1,Keyboard,2,30,49742,160,1,418,50160,12,1,1,Incon
FC,1,1,B,"<?xml version=""1.0""?>\n<Clock xmlns:dt=""urn:schemas-microsoft-com:datatypes""><Description dt:dt=""string"">E-Prime Primary Realtime Clock</Description><StartTime><Timestamp dt:dt=""int"">0</Timestamp><DateUtc dt:dt=""string"">2021-07-01T18:52:35Z</DateUtc></StartTime><FrequencyChanges><FrequencyChange><Frequency dt:dt=""r8"">10000000</Frequency><Timestamp dt:dt=""r8"">5286356992746</Timestamp><Current dt:dt=""r8"">0</Current><DateUtc dt:dt=""string"">2021-07-01T18:52:35Z</DateUtc></FrequencyChange></FrequencyChanges></Clock>\n",N,SL001_FCN6AB,6,1.0.0.262,1,143.907,-745087547,Full,3.0.3.80,3.0.3.80,7/1/21,7/1/21 18:52,13:52:35,3.0.3.82,Keyboard,A,Keyboard,-999999,16,11709,0,1,1,1,1,BlockProc,BlockList,2,112,1,311,4,,,1500,1,364.5,TrialProc,TrialList,flankerCR.jpg,1,4,Keyboard,2,10,51610,160,4,311,51921,2,1,2,Cong
FC,1,1,B,"<?xml version=""1.0""?>\n<Clock xmlns:dt=""urn:schemas-microsoft-com:datatypes""><Description dt:dt=""string"">E-Prime Primary Realtime Clock</Description><StartTime><Timestamp dt:dt=""int"">0</Timestamp><DateUtc dt:dt=""string"">2021-07-01T18:52:35Z</DateUtc></StartTime><FrequencyChanges><FrequencyChange><Frequency dt:dt=""r8"">10000000</Frequency><Timestamp dt:dt=""r8"">5286356992746</Timestamp><Current dt:dt=""r8"">0</Current><DateUtc dt:dt=""string"">2021-07-01T18:52:35Z</DateUtc></FrequencyChange></FrequencyChanges></Clock>\n",N,SL001_FCN6AB,6,1.0.0.262,1,143.907,-745087547,Full,3.0.3.80,3.0.3.80,7/1/21,7/1/21 18:52,13:52:35,3.0.3.82,Keyboard,A,Keyboard,-999999,16,11709,0,1,1,1,1,BlockProc,BlockList,3,221,,,1,0.5,,1302,0.666666667,,TrialProc,TrialList,flankerIL.jpg,0,1,Keyboard,2,7,53277,159,4,282,53559,10,1,3,Incon
FC,1,1,B,"<?xml version=""1.0""?>\n<Clock xmlns:dt=""urn:schemas-microsoft-com:datatypes""><Description dt:dt=""string"">E-Prime Primary Realtime Clock</Description><StartTime><Timestamp dt:dt=""int"">0</Timestamp><DateUtc dt:dt=""string"">2021-07-01T18:52:35Z</DateUtc></StartTime><FrequencyChanges><FrequencyChange><Frequency dt:dt=""r8"">10000000</Frequency><Timestamp dt:dt=""r8"">5286356992746</Timestamp><Current dt:dt=""r8"">0</Current><DateUtc dt:dt=""string"">2021-07-01T18:52:35Z</DateUtc></FrequencyChange></FrequencyChanges></Clock>\n",N,SL001_FCN6AB,6,1.0.0.262,1,143.907,-745087547,Full,3.0.3.80,3.0.3.80,7/1/21,7/1/21 18:52,13:52:35,3.0.3.82,Keyboard,A,Keyboard,-999999,16,11709,0,1,1,1,1,BlockProc,BlockList,4,111,1,318,4,,,1302,0.75,351.3333333,TrialProc,TrialList,flankerCR.jpg,1,4,Keyboard,2,11,54749,160,4,325,55074,1,1,4,Cong
FC,1,1,B,"<?xml version=""1.0""?>\n<Clock xmlns:dt=""urn:schemas-microsoft-com:datatypes""><Description dt:dt=""string"">E-Prime Primary Realtime Clock</Description><StartTime><Timestamp dt:dt=""int"">0</Timestamp><DateUtc dt:dt=""string"">2021-07-01T18:52:35Z</DateUtc></StartTime><FrequencyChanges><FrequencyChange><Frequency dt:dt=""r8"">10000000</Frequency><Timestamp dt:dt=""r8"">5286356992746</Timestamp><Current dt:dt=""r8"">0</Current><DateUtc dt:dt=""string"">2021-07-01T18:52:35Z</DateUtc></FrequencyChange></FrequencyChanges></Clock>\n",N,SL001_FCN6AB,6,1.0.0.262,1,143.907,-745087547,Full,3.0.3.80,3.0.3.80,7/1/21,7/1/21 18:52,13:52:35,3.0.3.82,Keyboard,A,Keyboard,-999999,16,11709,0,1,1,1,1,BlockProc,BlockList,5,123,1,329.3333333,1,,,1698,0.8,351.5,TrialProc,TrialList,flankerCL.jpg,1,1,Keyboard,2,10,56221,160,1,352,56573,6,1,5,Cong
FC,1,1,B,"<?xml version=""1.0""?>\n<Clock xmlns:dt=""urn:schemas-microsoft-com:datatypes""><Description dt:dt=""string"">E-Prime Primary Realtime Clock</Description><StartTime><Timestamp dt:dt=""int"">0</Timestamp><DateUtc dt:dt=""string"">2021-07-01T18:52:35Z</DateUtc></StartTime><FrequencyChanges><FrequencyChange><Frequency dt:dt=""r8"">10000000</Frequency><Timestamp dt:dt=""r8"">5286356992746</Timestamp><Current dt:dt=""r8"">0</Current><DateUtc dt:dt=""string"">2021-07-01T18:52:35Z</DateUtc></FrequencyChange></FrequencyChanges></Clock>\n",N,SL001_FCN6AB,6,1.0.0.262,1,143.907,-745087547,Full,3.0.3.80,3.0.3.80,7/1/21,7/1/21 18:52,13:52:35,3.0.3.82,Keyboard,A,Keyboard,-999999,16,11709,0,1,1,1,1,BlockProc,BlockList,6,213,,,4,0.666666667,366.5,1698,0.833333333,344.2,TrialProc,TrialList,flankerIR.jpg,1,4,Keyboard,2,10,58089,160,4,315,58404,9,1,6,Incon
FC,1,1,B,"<?xml version=""1.0""?>\n<Clock xmlns:dt=""urn:schemas-microsoft-com:datatypes""><Description dt:dt=""string"">E-Prime Primary Realtime Clock</Description><StartTime><Timestamp dt:dt=""int"">0</Timestamp><DateUtc dt:dt=""string"">2021-07-01T18:52:35Z</DateUtc></StartTime><FrequencyChanges><FrequencyChange><Frequency dt:dt=""r8"">10000000</Frequency><Timestamp dt:dt=""r8"">5286356992746</Timestamp><Current dt:dt=""r8"">0</Current><DateUtc dt:dt=""string"">2021-07-01T18:52:35Z</DateUtc></FrequencyChange></FrequencyChanges></Clock>\n",N,SL001_FCN6AB,6,1.0.0.262,1,143.907,-745087547,Full,3.0.3.80,3.0.3.80,7/1/21,7/1/21 18:52,13:52:35,3.0.3.82,Keyboard,A,Keyboard,-999999,16,11709,0,1,1,1,1,BlockProc,BlockList,7,123,1,335.25,1,,,1698,0.857142857,345.6666667,TrialProc,TrialList,flankerCL.jpg,1,1,Keyboard,2,10,59957,160,1,353,60310,6,1,7,Cong
FC,1,1,B,"<?xml version=""1.0""?>\n<Clock xmlns:dt=""urn:schemas-microsoft-com:datatypes""><Description dt:dt=""string"">E-Prime Primary Realtime Clock</Description><StartTime><Timestamp dt:dt=""int"">0</Timestamp><DateUtc dt:dt=""string"">2021-07-01T18:52:35Z</DateUtc></StartTime><FrequencyChanges><FrequencyChange><Frequency dt:dt=""r8"">10000000</Frequency><Timestamp dt:dt=""r8"">5286356992746</Timestamp><Current dt:dt=""r8"">0</Current><DateUtc dt:dt=""string"">2021-07-01T18:52:35Z</DateUtc></FrequencyChange></FrequencyChanges></Clock>\n",N,SL001_FCN6AB,6,1.0.0.262,1,143.907,-745087547,Full,3.0.3.80,3.0.3.80,7/1/21,7/1/21 18:52,13:52:35,3.0.3.82,Keyboard,A,Keyboard,-999999,16,11709,0,1,1,1,1,BlockProc,BlockList,8,213,,,4,0.75,369,1698,0.875,349.7142857,TrialProc,TrialList,flankerIR.jpg,1,4,Keyboard,2,10,61825,160,4,374,62199,9,1,8,Incon
FC,1,1,B,"<?xml version=""1.0""?>\n<Clock xmlns:dt=""urn:schemas-microsoft-com:datatypes""><Description dt:dt=""string"">E-Prime Primary Realtime Clock</Description><StartTime><Timestamp dt:dt=""int"">0</Timestamp><DateUtc dt:dt=""string"">2021-07-01T18:52:35Z</DateUtc></StartTime><FrequencyChanges><FrequencyChange><Frequency dt:dt=""r8"">10000000</Frequency><Timestamp dt:dt=""r8"">5286356992746</Timestamp><Current dt:dt=""r8"">0</Current><DateUtc dt:dt=""string"">2021-07-01T18:52:35Z</DateUtc></FrequencyChange></FrequencyChanges></Clock>\n",N,SL001_FCN6AB,6,1.0.0.262,1,143.907,-745087547,Full,3.0.3.80,3.0.3.80,7/1/21,7/1/21 18:52,13:52:35,3.0.3.82,Keyboard,A,Keyboard,-999999,16,11709,0,1,1,1,1,BlockProc,BlockList,9,122,1,336.4,1,,,1500,0.888888889,348.625,TrialProc,TrialList,flankerCL.jpg,1,1,Keyboard,2,10,63693,160,1,341,64034,5,1,9,Cong
FC,1,1,B,"<?xml version=""1.0""?>\n<Clock xmlns:dt=""urn:schemas-microsoft-com:datatypes""><Description dt:dt=""string"">E-Prime Primary Realtime Clock</Description><StartTime><Timestamp dt:dt=""int"">0</Timestamp><DateUtc dt:dt=""string"">2021-07-01T18:52:35Z</DateUtc></StartTime><FrequencyChanges><FrequencyChange><Frequency dt:dt=""r8"">10000000</Frequency><Timestamp dt:dt=""r8"">5286356992746</Timestamp><Current dt:dt=""r8"">0</Current><DateUtc dt:dt=""string"">2021-07-01T18:52:35Z</DateUtc></FrequencyChange></FrequencyChanges></Clock>\n",N,SL001_FCN6AB,6,1.0.0.262,1,143.907,-745087547,Full,3.0.3.80,3.0.3.80,7/1/21,7/1/21 18:52,13:52:35,3.0.3.82,Keyboard,A,Keyboard,-999999,16,11709,0,1,1,1,1,BlockProc,BlockList,10,121,1,332.5,1,,,1302,0.9,344.6666667,TrialProc,TrialList,flankerCL.jpg,1,1,Keyboard,3,6,65359,160,1,313,65672,4,1,10,Cong
FC,1,1,B,"<?xml version=""1.0""?>\n<Clock xmlns:dt=""urn:schemas-microsoft-com:datatypes""><Description dt:dt=""string"">E-Prime Primary Realtime Clock</Description><StartTime><Timestamp dt:dt=""int"">0</Timestamp><DateUtc dt:dt=""string"">2021-07-01T18:52:35Z</DateUtc></StartTime><FrequencyChanges><FrequencyChange><Frequency dt:dt=""r8"">10000000</Frequency><Timestamp dt:dt=""r8"">5286356992746</Timestamp><Current dt:dt=""r8"">0</Current><DateUtc dt:dt=""string"">2021-07-01T18:52:35Z</DateUtc></FrequencyChange></FrequencyChanges></Clock>\n",N,SL001_FCN6AB,6,1.0.0.262,1,143.907,-745087547,Full,3.0.3.80,3.0.3.80,7/1/21,7/1/21 18:52,13:52:35,3.0.3.82,Keyboard,A,Keyboard,-999999,16,11709,0,1,1,1,1,BlockProc,BlockList,11,111,1,339,4,,,1302,0.909090909,348,TrialProc,TrialList,flankerCR.jpg,1,4,Keyboard,2,11,66832,159,4,378,67210,1,1,11,Cong
FC,1,1,B,"<?xml version=""1.0""?>\n<Clock xmlns:dt=""urn:schemas-microsoft-com:datatypes""><Description dt:dt=""string"">E-Prime Primary Realtime Clock</Description><StartTime><Timestamp dt:dt=""int"">0</Timestamp><DateUtc dt:dt=""string"">2021-07-01T18:52:35Z</DateUtc></StartTime><FrequencyChanges><FrequencyChange><Frequency dt:dt=""r8"">10000000</Frequency><Timestamp dt:dt=""r8"">5286356992746</Timestamp><Current dt:dt=""r8"">0</Current><DateUtc dt:dt=""string"">2021-07-01T18:52:35Z</DateUtc></FrequencyChange></FrequencyChanges></Clock>\n",N,SL001_FCN6AB,6,1.0.0.262,1,143.907,-745087547,Full,3.0.3.80,3.0.3.80,7/1/21,7/1/21 18:52,13:52:35,3.0.3.82,Keyboard,A,Keyboard,-999999,16,11709,0,1,1,1,1,BlockProc,BlockList,12,112,1,337.5,4,,,1500,0.916666667,346.0909091,TrialProc,TrialList,flankerCR.jpg,1,4,Keyboard,2,11,68304,160,4,327,68631,2,1,12,Cong
FC,1,1,B,"<?xml version=""1.0""?>\n<Clock xmlns:dt=""urn:schemas-microsoft-com:datatypes""><Description dt:dt=""string"">E-Prime Primary Realtime Clock</Description><StartTime><Timestamp dt:dt=""int"">0</Timestamp><DateUtc dt:dt=""string"">2021-07-01T18:52:35Z</DateUtc></StartTime><FrequencyChanges><FrequencyChange><Frequency dt:dt=""r8"">10000000</Frequency><Timestamp dt:dt=""r8"">5286356992746</Timestamp><Current dt:dt=""r8"">0</Current><DateUtc dt:dt=""string"">2021-07-01T18:52:35Z</DateUtc></FrequencyChange></FrequencyChanges></Clock>\n",N,SL001_FCN6AB,6,1.0.0.262,1,143.907,-745087547,Full,3.0.3.80,3.0.3.80,7/1/21,7/1/21 18:52,13:52:35,3.0.3.82,Keyboard,A,Keyboard,-999999,16,11709,0,1,1,1,1,BlockProc,BlockList,13,221,,,1,0.8,379.5,1302,0.923076923,351.5,TrialProc,TrialList,flankerIL.jpg,1,1,Keyboard,3,6,69970,153,1,411,70381,10,1,13,Incon
FC,1,1,B,"<?xml version=""1.0""?>\n<Clock xmlns:dt=""urn:schemas-microsoft-com:datatypes""><Description dt:dt=""string"">E-Prime Primary Realtime Clock</Description><StartTime><Timestamp dt:dt=""int"">0</Timestamp><DateUtc dt:dt=""string"">2021-07-01T18:52:35Z</DateUtc></StartTime><FrequencyChanges><FrequencyChange><Frequency dt:dt=""r8"">10000000</Frequency><Timestamp dt:dt=""r8"">5286356992746</Timestamp><Current dt:dt=""r8"">0</Current><DateUtc dt:dt=""string"">2021-07-01T18:52:35Z</DateUtc></FrequencyChange></FrequencyChanges></Clock>\n",N,SL001_FCN6AB,6,1.0.0.262,1,143.907,-745087547,Full,3.0.3.80,3.0.3.80,7/1/21,7/1/21 18:52,13:52:35,3.0.3.82,Keyboard,A,Keyboard,-999999,16,11709,0,1,1,1,1,BlockProc,BlockList,14,213,,,4,0.833333333,400.2,1698,0.928571429,361.6153846,TrialProc,TrialList,flankerIR.jpg,1,4,Keyboard,2,11,71436,159,4,483,71919,9,1,14,Incon
FC,1,1,B,"<?xml version=""1.0""?>\n<Clock xmlns:dt=""urn:schemas-microsoft-com:datatypes""><Description dt:dt=""string"">E-Prime Primary Realtime Clock</Description><StartTime><Timestamp dt:dt=""int"">0</Timestamp><DateUtc dt:dt=""string"">2021-07-01T18:52:35Z</DateUtc></StartTime><FrequencyChanges><FrequencyChange><Frequency dt:dt=""r8"">10000000</Frequency><Timestamp dt:dt=""r8"">5286356992746</Timestamp><Current dt:dt=""r8"">0</Current><DateUtc dt:dt=""string"">2021-07-01T18:52:35Z</DateUtc></FrequencyChange></FrequencyChanges></Clock>\n",N,SL001_FCN6AB,6,1.0.0.262,1,143.907,-745087547,Full,3.0.3.80,3.0.3.80,7/1/21,7/1/21 18:52,13:52:35,3.0.3.82,Keyboard,A,Keyboard,-999999,16,11709,0,1,1,1,1,BlockProc,BlockList,15,222,,,1,0.857142857,388.8333333,1500,0.933333333,359.5,TrialProc,TrialList,flankerIL.jpg,1,1,Keyboard,2,11,73304,152,1,332,73636,11,1,15,Incon
FC,1,1,B,"<?xml version=""1.0""?>\n<Clock xmlns:dt=""urn:schemas-microsoft-com:datatypes""><Description dt:dt=""string"">E-Prime Primary Realtime Clock</Description><StartTime><Timestamp dt:dt=""int"">0</Timestamp><DateUtc dt:dt=""string"">2021-07-01T18:52:35Z</DateUtc></StartTime><FrequencyChanges><FrequencyChange><Frequency dt:dt=""r8"">10000000</Frequency><Timestamp dt:dt=""r8"">5286356992746</Timestamp><Current dt:dt=""r8"">0</Current><DateUtc dt:dt=""string"">2021-07-01T18:52:35Z</DateUtc></FrequencyChange></FrequencyChanges></Clock>\n",N,SL001_FCN6AB,6,1.0.0.262,1,143.907,-745087547,Full,3.0.3.80,3.0.3.80,7/1/21,7/1/21 18:52,13:52:35,3.0.3.82,Keyboard,A,Keyboard,-999999,16,11709,0,1,1,1,1,BlockProc,BlockList,16,113,1,333.3333333,4,,,1698,0.9375,355.5333333,TrialProc,TrialList,flankerCR.jpg,1,4,Keyboard,3,7,74963,160,4,300,75263,3,1,16,Cong
FC,1,1,B,"<?xml version=""1.0""?>\n<Clock xmlns:dt=""urn:schemas-microsoft-com:datatypes""><Description dt:dt=""string"">E-Prime Primary Realtime Clock</Description><StartTime><Timestamp dt:dt=""int"">0</Timestamp><DateUtc dt:dt=""string"">2021-07-01T18:52:35Z</DateUtc></StartTime><FrequencyChanges><FrequencyChange><Frequency dt:dt=""r8"">10000000</Frequency><Timestamp dt:dt=""r8"">5286356992746</Timestamp><Current dt:dt=""r8"">0</Current><DateUtc dt:dt=""string"">2021-07-01T18:52:35Z</DateUtc></FrequencyChange></FrequencyChanges></Clock>\n",N,SL001_FCN6AB,6,1.0.0.262,1,143.907,-745087547,Full,3.0.3.80,3.0.3.80,7/1/21,7/1/21 18:52,13:52:35,3.0.3.82,Keyboard,A,Keyboard,-999999,16,11709,0,1,1,1,1,BlockProc,BlockList,17,221,,,1,0.875,384.1428571,1302,0.941176471,355.5625,TrialProc,TrialList,flankerIL.jpg,1,1,Keyboard,3,10,76831,153,1,356,77187,10,1,17,Incon
FC,1,1,B,"<?xml version=""1.0""?>\n<Clock xmlns:dt=""urn:schemas-microsoft-com:datatypes""><Description dt:dt=""string"">E-Prime Primary Realtime Clock</Description><StartTime><Timestamp dt:dt=""int"">0</Timestamp><DateUtc dt:dt=""string"">2021-07-01T18:52:35Z</DateUtc></StartTime><FrequencyChanges><FrequencyChange><Frequency dt:dt=""r8"">10000000</Frequency><Timestamp dt:dt=""r8"">5286356992746</Timestamp><Current dt:dt=""r8"">0</Current><DateUtc dt:dt=""string"">2021-07-01T18:52:35Z</DateUtc></FrequencyChange></FrequencyChanges></Clock>\n",N,SL001_FCN6AB,6,1.0.0.262,1,143.907,-745087547,Full,3.0.3.80,3.0.3.80,7/1/21,7/1/21 18:52,13:52:35,3.0.3.82,Keyboard,A,Keyboard,-999999,16,11709,0,1,1,1,1,BlockProc,BlockList,18,111,1,333.4,4,,,1302,0.944444444,354.2941176,TrialProc,TrialList,flankerCR.jpg,1,4,Keyboard,2,11,78297,159,4,334,78631,1,1,18,Cong
FC,1,1,B,"<?xml version=""1.0""?>\n<Clock xmlns:dt=""urn:schemas-microsoft-com:datatypes""><Description dt:dt=""string"">E-Prime Primary Realtime Clock</Description><StartTime><Timestamp dt:dt=""int"">0</Timestamp><DateUtc dt:dt=""string"">2021-07-01T18:52:35Z</DateUtc></StartTime><FrequencyChanges><FrequencyChange><Frequency dt:dt=""r8"">10000000</Frequency><Timestamp dt:dt=""r8"">5286356992746</Timestamp><Current dt:dt=""r8"">0</Current><DateUtc dt:dt=""string"">2021-07-01T18:52:35Z</DateUtc></FrequencyChange></FrequencyChanges></Clock>\n",N,SL001_FCN6AB,6,1.0.0.262,1,143.907,-745087547,Full,3.0.3.80,3.0.3.80,7/1/21,7/1/21 18:52,13:52:35,3.0.3.82,Keyboard,A,Keyboard,-999999,16,11709,0,1,1,1,1,BlockProc,BlockList,19,211,,,4,0.888888889,397.75,1302,0.947368421,362,TrialProc,TrialList,flankerIR.jpg,1,4,Keyboard,2,11,79769,159,4,493,80262,7,1,19,Incon
FC,1,1,B,"<?xml version=""1.0""?>\n<Clock xmlns:dt=""urn:schemas-microsoft-com:datatypes""><Description dt:dt=""string"">E-Prime Primary Realtime Clock</Description><StartTime><Timestamp dt:dt=""int"">0</Timestamp><DateUtc dt:dt=""string"">2021-07-01T18:52:35Z</DateUtc></StartTime><FrequencyChanges><FrequencyChange><Frequency dt:dt=""r8"">10000000</Frequency><Timestamp dt:dt=""r8"">5286356992746</Timestamp><Current dt:dt=""r8"">0</Current><DateUtc dt:dt=""string"">2021-07-01T18:52:35Z</DateUtc></FrequencyChange></FrequencyChanges></Clock>\n",N,SL001_FCN6AB,6,1.0.0.262,1,143.907,-745087547,Full,3.0.3.80,3.0.3.80,7/1/21,7/1/21 18:52,13:52:35,3.0.3.82,Keyboard,A,Keyboard,-999999,16,11709,0,1,1,1,1,BlockProc,BlockList,20,122,1,334.8181818,1,,,1500,0.95,361.3157895,TrialProc,TrialList,flankerCL.jpg,1,1,Keyboard,2,11,81241,153,1,349,81590,5,1,20,Cong
FC,1,1,B,"<?xml version=""1.0""?>\n<Clock xmlns:dt=""urn:schemas-microsoft-com:datatypes""><Description dt:dt=""string"">E-Prime Primary Realtime Clock</Description><StartTime><Timestamp dt:dt=""int"">0</Timestamp><DateUtc dt:dt=""string"">2021-07-01T18:52:35Z</DateUtc></StartTime><FrequencyChanges><FrequencyChange><Frequency dt:dt=""r8"">10000000</Frequency><Timestamp dt:dt=""r8"">5286356992746</Timestamp><Current dt:dt=""r8"">0</Current><DateUtc dt:dt=""string"">2021-07-01T18:52:35Z</DateUtc></FrequencyChange></FrequencyChanges></Clock>\n",N,SL001_FCN6AB,6,1.0.0.262,1,143.907,-745087547,Full,3.0.3.80,3.0.3.80,7/1/21,7/1/21 18:52,13:52:35,3.0.3.82,Keyboard,A,Keyboard,-999999,16,11709,0,1,1,1,1,BlockProc,BlockList,21,112,1,335.3333333,4,,,1500,0.952380952,360.3,TrialProc,TrialList,flankerCR.jpg,1,4,Keyboard,2,7,82901,159,4,341,83242,2,1,21,Cong
FC,1,1,B,"<?xml version=""1.0""?>\n<Clock xmlns:dt=""urn:schemas-microsoft-com:datatypes""><Description dt:dt=""string"">E-Prime Primary Realtime Clock</Description><StartTime><Timestamp dt:dt=""int"">0</Timestamp><DateUtc dt:dt=""string"">2021-07-01T18:52:35Z</DateUtc></StartTime><FrequencyChanges><FrequencyChange><Frequency dt:dt=""r8"">10000000</Frequency><Timestamp dt:dt=""r8"">5286356992746</Timestamp><Current dt:dt=""r8"">0</Current><DateUtc dt:dt=""string"">2021-07-01T18:52:35Z</DateUtc></FrequencyChange></FrequencyChanges></Clock>\n",N,SL001_FCN6AB,6,1.0.0.262,1,143.907,-745087547,Full,3.0.3.80,3.0.3.80,7/1/21,7/1/21 18:52,13:52:35,3.0.3.82,Keyboard,A,Keyboard,-999999,16,11709,0,1,1,1,1,BlockProc,BlockList,22,113,1,333,4,,,1698,0.954545455,357.6666667,TrialProc,TrialList,flankerCR.jpg,1,4,Keyboard,2,7,84567,160,4,305,84872,3,1,22,Cong
FC,1,1,B,"<?xml version=""1.0""?>\n<Clock xmlns:dt=""urn:schemas-microsoft-com:datatypes""><Description dt:dt=""string"">E-Prime Primary Realtime Clock</Description><StartTime><Timestamp dt:dt=""int"">0</Timestamp><DateUtc dt:dt=""string"">2021-07-01T18:52:35Z</DateUtc></StartTime><FrequencyChanges><FrequencyChange><Frequency dt:dt=""r8"">10000000</Frequency><Timestamp dt:dt=""r8"">5286356992746</Timestamp><Current dt:dt=""r8"">0</Current><DateUtc dt:dt=""string"">2021-07-01T18:52:35Z</DateUtc></FrequencyChange></FrequencyChanges></Clock>\n",N,SL001_FCN6AB,6,1.0.0.262,1,143.907,-745087547,Full,3.0.3.80,3.0.3.80,7/1/21,7/1/21 18:52,13:52:35,3.0.3.82,Keyboard,A,Keyboard,-999999,16,11709,0,1,1,1,1,BlockProc,BlockList,23,212,,,4,0.9,403,1500,0.956521739,361.6363636,TrialProc,TrialList,flankerIR.jpg,1,4,Keyboard,2,10,86435,160,4,445,86880,8,1,23,Incon
FC,1,1,B,"<?xml version=""1.0""?>\n<Clock xmlns:dt=""urn:schemas-microsoft-com:datatypes""><Description dt:dt=""string"">E-Prime Primary Realtime Clock</Description><StartTime><Timestamp dt:dt=""int"">0</Timestamp><DateUtc dt:dt=""string"">2021-07-01T18:52:35Z</DateUtc></StartTime><FrequencyChanges><FrequencyChange><Frequency dt:dt=""r8"">10000000</Frequency><Timestamp dt:dt=""r8"">5286356992746</Timestamp><Current dt:dt=""r8"">0</Current><DateUtc dt:dt=""string"">2021-07-01T18:52:35Z</DateUtc></FrequencyChange></FrequencyChanges></Clock>\n",N,SL001_FCN6AB,6,1.0.0.262,1,143.907,-745087547,Full,3.0.3.80,3.0.3.80,7/1/21,7/1/21 18:52,13:52:35,3.0.3.82,Keyboard,A,Keyboard,-999999,16,11709,0,1,1,1,1,BlockProc,BlockList,24,223,,,1,0.909090909,404.3,1698,0.958333333,364,TrialProc,TrialList,flankerIL.jpg,1,1,Keyboard,2,7,88102,159,1,416,88518,12,1,24,Incon
FC,1,1,B,"<?xml version=""1.0""?>\n<Clock xmlns:dt=""urn:schemas-microsoft-com:datatypes""><Description dt:dt=""string"">E-Prime Primary Realtime Clock</Description><StartTime><Timestamp dt:dt=""int"">0</Timestamp><DateUtc dt:dt=""string"">2021-07-01T18:52:35Z</DateUtc></StartTime><FrequencyChanges><FrequencyChange><Frequency dt:dt=""r8"">10000000</Frequency><Timestamp dt:dt=""r8"">5286356992746</Timestamp><Current dt:dt=""r8"">0</Current><DateUtc dt:dt=""string"">2021-07-01T18:52:35Z</DateUtc></FrequencyChange></FrequencyChanges></Clock>\n",N,SL001_FCN6AB,6,1.0.0.262,1,143.907,-745087547,Full,3.0.3.80,3.0.3.80,7/1/21,7/1/21 18:52,13:52:35,3.0.3.82,Keyboard,A,Keyboard,-999999,16,11709,0,1,1,1,1,BlockProc,BlockList,25,213,,,4,0.916666667,397.7272727,1698,0.96,362.6666667,TrialProc,TrialList,flankerIR.jpg,1,4,Keyboard,2,4,89963,159,4,332,90295,9,1,25,Incon
FC,1,1,B,"<?xml version=""1.0""?>\n<Clock xmlns:dt=""urn:schemas-microsoft-com:datatypes""><Description dt:dt=""string"">E-Prime Primary Realtime Clock</Description><StartTime><Timestamp dt:dt=""int"">0</Timestamp><DateUtc dt:dt=""string"">2021-07-01T18:52:35Z</DateUtc></StartTime><FrequencyChanges><FrequencyChange><Frequency dt:dt=""r8"">10000000</Frequency><Timestamp dt:dt=""r8"">5286356992746</Timestamp><Current dt:dt=""r8"">0</Current><DateUtc dt:dt=""string"">2021-07-01T18:52:35Z</DateUtc></FrequencyChange></FrequencyChanges></Clock>\n",N,SL001_FCN6AB,6,1.0.0.262,1,143.907,-745087547,Full,3.0.3.80,3.0.3.80,7/1/21,7/1/21 18:52,13:52:35,3.0.3.82,Keyboard,A,Keyboard,-999999,16,11709,0,1,1,1,1,BlockProc,BlockList,26,113,1,329.9285714,4,,,1698,0.961538462,359.76,TrialProc,TrialList,flankerCR.jpg,1,4,Keyboard,2,4,91824,160,4,290,92114,3,1,26,Cong
FC,1,1,B,"<?xml version=""1.0""?>\n<Clock xmlns:dt=""urn:schemas-microsoft-com:datatypes""><Description dt:dt=""string"">E-Prime Primary Realtime Clock</Description><StartTime><Timestamp dt:dt=""int"">0</Timestamp><DateUtc dt:dt=""string"">2021-07-01T18:52:35Z</DateUtc></StartTime><FrequencyChanges><FrequencyChange><Frequency dt:dt=""r8"">10000000</Frequency><Timestamp dt:dt=""r8"">5286356992746</Timestamp><Current dt:dt=""r8"">0</Current><DateUtc dt:dt=""string"">2021-07-01T18:52:35Z</DateUtc></FrequencyChange></FrequencyChanges></Clock>\n",N,SL001_FCN6AB,6,1.0.0.262,1,143.907,-745087547,Full,3.0.3.80,3.0.3.80,7/1/21,7/1/21 18:52,13:52:35,3.0.3.82,Keyboard,A,Keyboard,-999999,16,11709,0,1,1,1,1,BlockProc,BlockList,27,111,1,335.8666667,4,,,1302,0.962962963,362.0384615,TrialProc,TrialList,flankerCR.jpg,1,4,Keyboard,2,10,93692,160,4,419,94111,1,1,27,Cong
FC,1,1,B,"<?xml version=""1.0""?>\n<Clock xmlns:dt=""urn:schemas-microsoft-com:datatypes""><Description dt:dt=""string"">E-Prime Primary Realtime Clock</Description><StartTime><Timestamp dt:dt=""int"">0</Timestamp><DateUtc dt:dt=""string"">2021-07-01T18:52:35Z</DateUtc></StartTime><FrequencyChanges><FrequencyChange><Frequency dt:dt=""r8"">10000000</Frequency><Timestamp dt:dt=""r8"">5286356992746</Timestamp><Current dt:dt=""r8"">0</Current><DateUtc dt:dt=""string"">2021-07-01T18:52:35Z</DateUtc></FrequencyChange></FrequencyChanges></Clock>\n",N,SL001_FCN6AB,6,1.0.0.262,1,143.907,-745087547,Full,3.0.3.80,3.0.3.80,7/1/21,7/1/21 18:52,13:52:35,3.0.3.82,Keyboard,A,Keyboard,-999999,16,11709,0,1,1,1,1,BlockProc,BlockList,28,223,,,1,0.923076923,401.75,1698,0.964285714,365.1481481,TrialProc,TrialList,flankerIL.jpg,1,1,Keyboard,2,10,95164,160,1,446,95610,12,1,28,Incon
FC,1,1,B,"<?xml version=""1.0""?>\n<Clock xmlns:dt=""urn:schemas-microsoft-com:datatypes""><Description dt:dt=""string"">E-Prime Primary Realtime Clock</Description><StartTime><Timestamp dt:dt=""int"">0</Timestamp><DateUtc dt:dt=""string"">2021-07-01T18:52:35Z</DateUtc></StartTime><FrequencyChanges><FrequencyChange><Frequency dt:dt=""r8"">10000000</Frequency><Timestamp dt:dt=""r8"">5286356992746</Timestamp><Current dt:dt=""r8"">0</Current><DateUtc dt:dt=""string"">2021-07-01T18:52:35Z</DateUtc></FrequencyChange></FrequencyChanges></Clock>\n",N,SL001_FCN6AB,6,1.0.0.262,1,143.907,-745087547,Full,3.0.3.80,3.0.3.80,7/1/21,7/1/21 18:52,13:52:35,3.0.3.82,Keyboard,A,Keyboard,-999999,16,11709,0,1,1,1,1,BlockProc,BlockList,29,211,,,4,0.928571429,400.6153846,1302,0.965517241,365.9285714,TrialProc,TrialList,flankerIR.jpg,1,4,Keyboard,2,10,97032,153,4,387,97419,7,1,29,Incon
FC,1,1,B,"<?xml version=""1.0""?>\n<Clock xmlns:dt=""urn:schemas-microsoft-com:datatypes""><Description dt:dt=""string"">E-Prime Primary Realtime Clock</Description><StartTime><Timestamp dt:dt=""int"">0</Timestamp><DateUtc dt:dt=""string"">2021-07-01T18:52:35Z</DateUtc></StartTime><FrequencyChanges><FrequencyChange><Frequency dt:dt=""r8"">10000000</Frequency><Timestamp dt:dt=""r8"">5286356992746</Timestamp><Current dt:dt=""r8"">0</Current><DateUtc dt:dt=""string"">2021-07-01T18:52:35Z</DateUtc></FrequencyChange></FrequencyChanges></Clock>\n",N,SL001_FCN6AB,6,1.0.0.262,1,143.907,-745087547,Full,3.0.3.80,3.0.3.80,7/1/21,7/1/21 18:52,13:52:35,3.0.3.82,Keyboard,A,Keyboard,-999999,16,11709,0,1,1,1,1,BlockProc,BlockList,30,222,,,1,0.933333333,401.2857143,1500,0.966666667,367.4482759,TrialProc,TrialList,flankerIL.jpg,1,1,Keyboard,2,10,98497,160,1,410,98907,11,1,30,Incon
FC,1,1,B,"<?xml version=""1.0""?>\n<Clock xmlns:dt=""urn:schemas-microsoft-com:datatypes""><Description dt:dt=""string"">E-Prime Primary Realtime Clock</Description><StartTime><Timestamp dt:dt=""int"">0</Timestamp><DateUtc dt:dt=""string"">2021-07-01T18:52:35Z</DateUtc></StartTime><FrequencyChanges><FrequencyChange><Frequency dt:dt=""r8"">10000000</Frequency><Timestamp dt:dt=""r8"">5286356992746</Timestamp><Current dt:dt=""r8"">0</Current><DateUtc dt:dt=""string"">2021-07-01T18:52:35Z</DateUtc></FrequencyChange></FrequencyChanges></Clock>\n",N,SL001_FCN6AB,6,1.0.0.262,1,143.907,-745087547,Full,3.0.3.80,3.0.3.80,7/1/21,7/1/21 18:52,13:52:35,3.0.3.82,Keyboard,A,Keyboard,-999999,16,11709,0,1,1,1,1,BlockProc,BlockList,31,223,,,1,0.9375,400.4666667,1698,0.967741935,368.1666667,TrialProc,TrialList,flankerIL.jpg,1,1,Keyboard,2,7,100164,160,1,389,100553,12,1,31,Incon
FC,1,1,B,"<?xml version=""1.0""?>\n<Clock xmlns:dt=""urn:schemas-microsoft-com:datatypes""><Description dt:dt=""string"">E-Prime Primary Realtime Clock</Description><StartTime><Timestamp dt:dt=""int"">0</Timestamp><DateUtc dt:dt=""string"">2021-07-01T18:52:35Z</DateUtc></StartTime><FrequencyChanges><FrequencyChange><Frequency dt:dt=""r8"">10000000</Frequency><Timestamp dt:dt=""r8"">5286356992746</Timestamp><Current dt:dt=""r8"">0</Current><DateUtc dt:dt=""string"">2021-07-01T18:52:35Z</DateUtc></FrequencyChange></FrequencyChanges></Clock>\n",N,SL001_FCN6AB,6,1.0.0.262,1,143.907,-745087547,Full,3.0.3.80,3.0.3.80,7/1/21,7/1/21 18:52,13:52:35,3.0.3.82,Keyboard,A,Keyboard,-999999,16,11709,0,1,1,1,1,BlockProc,BlockList,32,113,1,335.5625,4,,,1698,0.96875,366.9677419,TrialProc,TrialList,flankerCR.jpg,1,4,Keyboard,2,10,102032,153,4,331,102363,3,1,32,Cong
FC,1,1,B,"<?xml version=""1.0""?>\n<Clock xmlns:dt=""urn:schemas-microsoft-com:datatypes""><Description dt:dt=""string"">E-Prime Primary Realtime Clock</Description><StartTime><Timestamp dt:dt=""int"">0</Timestamp><DateUtc dt:dt=""string"">2021-07-01T18:52:35Z</DateUtc></StartTime><FrequencyChanges><FrequencyChange><Frequency dt:dt=""r8"">10000000</Frequency><Timestamp dt:dt=""r8"">5286356992746</Timestamp><Current dt:dt=""r8"">0</Current><DateUtc dt:dt=""string"">2021-07-01T18:52:35Z</DateUtc></FrequencyChange></FrequencyChanges></Clock>\n",N,SL001_FCN6AB,6,1.0.0.262,1,143.907,-745087547,Full,3.0.3.80,3.0.3.80,7/1/21,7/1/21 18:52,13:52:35,3.0.3.82,Keyboard,A,Keyboard,-999999,16,11709,0,1,1,1,1,BlockProc,BlockList,33,222,,,1,0.941176471,405.4375,1500,0.96969697,370.5,TrialProc,TrialList,flankerIL.jpg,1,1,Keyboard,2,10,103893,160,1,480,104373,11,1,33,Incon
FC,1,1,B,"<?xml version=""1.0""?>\n<Clock xmlns:dt=""urn:schemas-microsoft-com:datatypes""><Description dt:dt=""string"">E-Prime Primary Realtime Clock</Description><StartTime><Timestamp dt:dt=""int"">0</Timestamp><DateUtc dt:dt=""string"">2021-07-01T18:52:35Z</DateUtc></StartTime><FrequencyChanges><FrequencyChange><Frequency dt:dt=""r8"">10000000</Frequency><Timestamp dt:dt=""r8"">5286356992746</Timestamp><Current dt:dt=""r8"">0</Current><DateUtc dt:dt=""string"">2021-07-01T18:52:35Z</DateUtc></FrequencyChange></FrequencyChanges></Clock>\n",N,SL001_FCN6AB,6,1.0.0.262,1,143.907,-745087547,Full,3.0.3.80,3.0.3.80,7/1/21,7/1/21 18:52,13:52:35,3.0.3.82,Keyboard,A,Keyboard,-999999,16,11709,0,1,1,1,1,BlockProc,BlockList,34,122,1,336.0588235,1,,,1500,0.970588235,369.6969697,TrialProc,TrialList,flankerCL.jpg,1,1,Keyboard,3,6,105559,160,1,344,105903,5,1,34,Cong
FC,1,1,B,"<?xml version=""1.0""?>\n<Clock xmlns:dt=""urn:schemas-microsoft-com:datatypes""><Description dt:dt=""string"">E-Prime Primary Realtime Clock</Description><StartTime><Timestamp dt:dt=""int"">0</Timestamp><DateUtc dt:dt=""string"">2021-07-01T18:52:35Z</DateUtc></StartTime><FrequencyChanges><FrequencyChange><Frequency dt:dt=""r8"">10000000</Frequency><Timestamp dt:dt=""r8"">5286356992746</Timestamp><Current dt:dt=""r8"">0</Current><DateUtc dt:dt=""string"">2021-07-01T18:52:35Z</DateUtc></FrequencyChange></FrequencyChanges></Clock>\n",N,SL001_FCN6AB,6,1.0.0.262,1,143.907,-745087547,Full,3.0.3.80,3.0.3.80,7/1/21,7/1/21 18:52,13:52:35,3.0.3.82,Keyboard,A,Keyboard,-999999,16,11709,0,1,1,1,1,BlockProc,BlockList,35,221,,,1,0.944444444,405.1764706,1302,0.971428571,370.6176471,TrialProc,TrialList,flankerIL.jpg,1,1,Keyboard,2,7,107226,153,1,401,107627,10,1,35,Incon
FC,1,1,B,"<?xml version=""1.0""?>\n<Clock xmlns:dt=""urn:schemas-microsoft-com:datatypes""><Description dt:dt=""string"">E-Prime Primary Realtime Clock</Description><StartTime><Timestamp dt:dt=""int"">0</Timestamp><DateUtc dt:dt=""string"">2021-07-01T18:52:35Z</DateUtc></StartTime><FrequencyChanges><FrequencyChange><Frequency dt:dt=""r8"">10000000</Frequency><Timestamp dt:dt=""r8"">5286356992746</Timestamp><Current dt:dt=""r8"">0</Current><DateUtc dt:dt=""string"">2021-07-01T18:52:35Z</DateUtc></FrequencyChange></FrequencyChanges></Clock>\n",N,SL001_FCN6AB,6,1.0.0.262,1,143.907,-745087547,Full,3.0.3.80,3.0.3.80,7/1/21,7/1/21 18:52,13:52:35,3.0.3.82,Keyboard,A,Keyboard,-999999,16,11709,0,1,1,1,1,BlockProc,BlockList,36,111,1,344.3333333,4,,,1302,0.972222222,373.8857143,TrialProc,TrialList,flankerCR.jpg,1,4,Keyboard,3,10,108691,160,4,485,109176,1,1,36,Cong
FC,1,1,B,"<?xml version=""1.0""?>\n<Clock xmlns:dt=""urn:schemas-microsoft-com:datatypes""><Description dt:dt=""string"">E-Prime Primary Realtime Clock</Description><StartTime><Timestamp dt:dt=""int"">0</Timestamp><DateUtc dt:dt=""string"">2021-07-01T18:52:35Z</DateUtc></StartTime><FrequencyChanges><FrequencyChange><Frequency dt:dt=""r8"">10000000</Frequency><Timestamp dt:dt=""r8"">5286356992746</Timestamp><Current dt:dt=""r8"">0</Current><DateUtc dt:dt=""string"">2021-07-01T18:52:35Z</DateUtc></FrequencyChange></FrequencyChanges></Clock>\n",N,SL001_FCN6AB,6,1.0.0.262,1,143.907,-745087547,Full,3.0.3.80,3.0.3.80,7/1/21,7/1/21 18:52,13:52:35,3.0.3.82,Keyboard,A,Keyboard,-999999,16,11709,0,1,1,1,1,BlockProc,BlockList,37,213,,,4,0.947368421,400.9444444,1698,0.972972973,372.6388889,TrialProc,TrialList,flankerIR.jpg,1,4,Keyboard,3,10,110163,160,4,329,110492,9,1,37,Incon
FC,1,1,B,"<?xml version=""1.0""?>\n<Clock xmlns:dt=""urn:schemas-microsoft-com:datatypes""><Description dt:dt=""string"">E-Prime Primary Realtime Clock</Description><StartTime><Timestamp dt:dt=""int"">0</Timestamp><DateUtc dt:dt=""string"">2021-07-01T18:52:35Z</DateUtc></StartTime><FrequencyChanges><FrequencyChange><Frequency dt:dt=""r8"">10000000</Frequency><Timestamp dt:dt=""r8"">5286356992746</Timestamp><Current dt:dt=""r8"">0</Current><DateUtc dt:dt=""string"">2021-07-01T18:52:35Z</DateUtc></FrequencyChange></FrequencyChanges></Clock>\n",N,SL001_FCN6AB,6,1.0.0.262,1,143.907,-745087547,Full,3.0.3.80,3.0.3.80,7/1/21,7/1/21 18:52,13:52:35,3.0.3.82,Keyboard,A,Keyboard,-999999,16,11709,0,1,1,1,1,BlockProc,BlockList,38,213,,,4,0.95,402.0526316,1698,0.973684211,373.972973,TrialProc,TrialList,flankerIR.jpg,1,4,Keyboard,3,10,112031,153,4,422,112453,9,1,38,Incon
FC,1,1,B,"<?xml version=""1.0""?>\n<Clock xmlns:dt=""urn:schemas-microsoft-com:datatypes""><Description dt:dt=""string"">E-Prime Primary Realtime Clock</Description><StartTime><Timestamp dt:dt=""int"">0</Timestamp><DateUtc dt:dt=""string"">2021-07-01T18:52:35Z</DateUtc></StartTime><FrequencyChanges><FrequencyChange><Frequency dt:dt=""r8"">10000000</Frequency><Timestamp dt:dt=""r8"">5286356992746</Timestamp><Current dt:dt=""r8"">0</Current><DateUtc dt:dt=""string"">2021-07-01T18:52:35Z</DateUtc></FrequencyChange></FrequencyChanges></Clock>\n",N,SL001_FCN6AB,6,1.0.0.262,1,143.907,-745087547,Full,3.0.3.80,3.0.3.80,7/1/21,7/1/21 18:52,13:52:35,3.0.3.82,Keyboard,A,Keyboard,-999999,16,11709,0,1,1,1,1,BlockProc,BlockList,39,112,1,340.7894737,4,,,1500,0.974358974,371.4210526,TrialProc,TrialList,flankerCR.jpg,1,4,Keyboard,2,11,113893,159,4,277,114170,2,1,39,Cong
FC,1,1,B,"<?xml version=""1.0""?>\n<Clock xmlns:dt=""urn:schemas-microsoft-com:datatypes""><Description dt:dt=""string"">E-Prime Primary Realtime Clock</Description><StartTime><Timestamp dt:dt=""int"">0</Timestamp><DateUtc dt:dt=""string"">2021-07-01T18:52:35Z</DateUtc></StartTime><FrequencyChanges><FrequencyChange><Frequency dt:dt=""r8"">10000000</Frequency><Timestamp dt:dt=""r8"">5286356992746</Timestamp><Current dt:dt=""r8"">0</Current><DateUtc dt:dt=""string"">2021-07-01T18:52:35Z</DateUtc></FrequencyChange></FrequencyChanges></Clock>\n",N,SL001_FCN6AB,6,1.0.0.262,1,143.907,-745087547,Full,3.0.3.80,3.0.3.80,7/1/21,7/1/21 18:52,13:52:35,3.0.3.82,Keyboard,A,Keyboard,-999999,16,11709,0,1,1,1,1,BlockProc,BlockList,40,122,1,346.55,1,,,1500,0.975,373.5897436,TrialProc,TrialList,flankerCL.jpg,1,1,Keyboard,2,7,115559,160,1,456,116015,5,1,40,Cong
FC,1,1,B,"<?xml version=""1.0""?>\n<Clock xmlns:dt=""urn:schemas-microsoft-com:datatypes""><Description dt:dt=""string"">E-Prime Primary Realtime Clock</Description><StartTime><Timestamp dt:dt=""int"">0</Timestamp><DateUtc dt:dt=""string"">2021-07-01T18:52:35Z</DateUtc></StartTime><FrequencyChanges><FrequencyChange><Frequency dt:dt=""r8"">10000000</Frequency><Timestamp dt:dt=""r8"">5286356992746</Timestamp><Current dt:dt=""r8"">0</Current><DateUtc dt:dt=""string"">2021-07-01T18:52:35Z</DateUtc></FrequencyChange></FrequencyChanges></Clock>\n",N,SL001_FCN6AB,6,1.0.0.262,1,143.907,-745087547,Full,3.0.3.80,3.0.3.80,7/1/21,7/1/21 18:52,13:52:35,3.0.3.82,Keyboard,A,Keyboard,-999999,16,11709,0,1,1,1,1,BlockProc,BlockList,41,223,,,1,0.952380952,399.4,1698,0.975609756,372.975,TrialProc,TrialList,flankerIL.jpg,1,1,Keyboard,2,7,117226,159,1,349,117575,12,1,41,Incon
FC,1,1,B,"<?xml version=""1.0""?>\n<Clock xmlns:dt=""urn:schemas-microsoft-com:datatypes""><Description dt:dt=""string"">E-Prime Primary Realtime Clock</Description><StartTime><Timestamp dt:dt=""int"">0</Timestamp><DateUtc dt:dt=""string"">2021-07-01T18:52:35Z</DateUtc></StartTime><FrequencyChanges><FrequencyChange><Frequency dt:dt=""r8"">10000000</Frequency><Timestamp dt:dt=""r8"">5286356992746</Timestamp><Current dt:dt=""r8"">0</Current><DateUtc dt:dt=""string"">2021-07-01T18:52:35Z</DateUtc></FrequencyChange></FrequencyChanges></Clock>\n",N,SL001_FCN6AB,6,1.0.0.262,1,143.907,-745087547,Full,3.0.3.80,3.0.3.80,7/1/21,7/1/21 18:52,13:52:35,3.0.3.82,Keyboard,A,Keyboard,-999999,16,11709,0,1,1,1,1,BlockProc,BlockList,42,111,1,345,4,,,1302,0.976190476,371.5365854,TrialProc,TrialList,flankerCR.jpg,1,4,Keyboard,2,4,119087,159,4,314,119401,1,1,42,Cong
FC,1,1,B,"<?xml version=""1.0""?>\n<Clock xmlns:dt=""urn:schemas-microsoft-com:datatypes""><Description dt:dt=""string"">E-Prime Primary Realtime Clock</Description><StartTime><Timestamp dt:dt=""int"">0</Timestamp><DateUtc dt:dt=""string"">2021-07-01T18:52:35Z</DateUtc></StartTime><FrequencyChanges><FrequencyChange><Frequency dt:dt=""r8"">10000000</Frequency><Timestamp dt:dt=""r8"">5286356992746</Timestamp><Current dt:dt=""r8"">0</Current><DateUtc dt:dt=""string"">2021-07-01T18:52:35Z</DateUtc></FrequencyChange></FrequencyChanges></Clock>\n",N,SL001_FCN6AB,6,1.0.0.262,1,143.907,-745087547,Full,3.0.3.80,3.0.3.80,7/1/21,7/1/21 18:52,13:52:35,3.0.3.82,Keyboard,A,Keyboard,-999999,16,11709,0,1,1,1,1,BlockProc,BlockList,43,223,,,1,0.954545455,401.7619048,1698,0.976744186,373.3809524,TrialProc,TrialList,flankerIL.jpg,1,1,Keyboard,2,4,120552,160,1,449,121001,12,1,43,Incon
FC,1,1,B,"<?xml version=""1.0""?>\n<Clock xmlns:dt=""urn:schemas-microsoft-com:datatypes""><Description dt:dt=""string"">E-Prime Primary Realtime Clock</Description><StartTime><Timestamp dt:dt=""int"">0</Timestamp><DateUtc dt:dt=""string"">2021-07-01T18:52:35Z</DateUtc></StartTime><FrequencyChanges><FrequencyChange><Frequency dt:dt=""r8"">10000000</Frequency><Timestamp dt:dt=""r8"">5286356992746</Timestamp><Current dt:dt=""r8"">0</Current><DateUtc dt:dt=""string"">2021-07-01T18:52:35Z</DateUtc></FrequencyChange></FrequencyChanges></Clock>\n",N,SL001_FCN6AB,6,1.0.0.262,1,143.907,-745087547,Full,3.0.3.80,3.0.3.80,7/1/21,7/1/21 18:52,13:52:35,3.0.3.82,Keyboard,A,Keyboard,-999999,16,11709,0,1,1,1,1,BlockProc,BlockList,44,112,1,342.5454545,4,,,1500,0.977272727,371.4651163,TrialProc,TrialList,flankerCR.jpg,1,4,Keyboard,2,10,122420,160,4,291,122711,2,1,44,Cong
FC,1,1,B,"<?xml version=""1.0""?>\n<Clock xmlns:dt=""urn:schemas-microsoft-com:datatypes""><Description dt:dt=""string"">E-Prime Primary Realtime Clock</Description><StartTime><Timestamp dt:dt=""int"">0</Timestamp><DateUtc dt:dt=""string"">2021-07-01T18:52:35Z</DateUtc></StartTime><FrequencyChanges><FrequencyChange><Frequency dt:dt=""r8"">10000000</Frequency><Timestamp dt:dt=""r8"">5286356992746</Timestamp><Current dt:dt=""r8"">0</Current><DateUtc dt:dt=""string"">2021-07-01T18:52:35Z</DateUtc></FrequencyChange></FrequencyChanges></Clock>\n",N,SL001_FCN6AB,6,1.0.0.262,1,143.907,-745087547,Full,3.0.3.80,3.0.3.80,7/1/21,7/1/21 18:52,13:52:35,3.0.3.82,Keyboard,A,Keyboard,-999999,16,11709,0,1,1,1,1,BlockProc,BlockList,45,112,1,340.3043478,4,,,1500,0.977777778,369.6363636,TrialProc,TrialList,flankerCR.jpg,1,4,Keyboard,2,7,124087,159,4,291,124378,2,1,45,Cong
FC,1,1,B,"<?xml version=""1.0""?>\n<Clock xmlns:dt=""urn:schemas-microsoft-com:datatypes""><Description dt:dt=""string"">E-Prime Primary Realtime Clock</Description><StartTime><Timestamp dt:dt=""int"">0</Timestamp><DateUtc dt:dt=""string"">2021-07-01T18:52:35Z</DateUtc></StartTime><FrequencyChanges><FrequencyChange><Frequency dt:dt=""r8"">10000000</Frequency><Timestamp dt:dt=""r8"">5286356992746</Timestamp><Current dt:dt=""r8"">0</Current><DateUtc dt:dt=""string"">2021-07-01T18:52:35Z</DateUtc></FrequencyChange></FrequencyChanges></Clock>\n",N,SL001_FCN6AB,6,1.0.0.262,1,143.907,-745087547,Full,3.0.3.80,3.0.3.80,7/1/21,7/1/21 18:52,13:52:35,3.0.3.82,Keyboard,A,Keyboard,-999999,16,11709,0,1,1,1,1,BlockProc,BlockList,46,222,,,1,0.956521739,400.9545455,1500,0.97826087,369.9555556,TrialProc,TrialList,flankerIL.jpg,1,1,Keyboard,3,7,125753,160,1,384,126137,11,1,46,Incon
FC,1,1,B,"<?xml version=""1.0""?>\n<Clock xmlns:dt=""urn:schemas-microsoft-com:datatypes""><Description dt:dt=""string"">E-Prime Primary Realtime Clock</Description><StartTime><Timestamp dt:dt=""int"">0</Timestamp><DateUtc dt:dt=""string"">2021-07-01T18:52:35Z</DateUtc></StartTime><FrequencyChanges><FrequencyChange><Frequency dt:dt=""r8"">10000000</Frequency><Timestamp dt:dt=""r8"">5286356992746</Timestamp><Current dt:dt=""r8"">0</Current><DateUtc dt:dt=""string"">2021-07-01T18:52:35Z</DateUtc></FrequencyChange></FrequencyChanges></Clock>\n",N,SL001_FCN6AB,6,1.0.0.262,1,143.907,-745087547,Full,3.0.3.80,3.0.3.80,7/1/21,7/1/21 18:52,13:52:35,3.0.3.82,Keyboard,A,Keyboard,-999999,16,11709,0,1,1,1,1,BlockProc,BlockList,47,221,,,1,0.958333333,399.5217391,1302,0.978723404,369.9130435,TrialProc,TrialList,flankerIL.jpg,1,1,Keyboard,2,7,127420,160,1,368,127788,10,1,47,Incon
FC,1,1,B,"<?xml version=""1.0""?>\n<Clock xmlns:dt=""urn:schemas-microsoft-com:datatypes""><Description dt:dt=""string"">E-Prime Primary Realtime Clock</Description><StartTime><Timestamp dt:dt=""int"">0</Timestamp><DateUtc dt:dt=""string"">2021-07-01T18:52:35Z</DateUtc></StartTime><FrequencyChanges><FrequencyChange><Frequency dt:dt=""r8"">10000000</Frequency><Timestamp dt:dt=""r8"">5286356992746</Timestamp><Current dt:dt=""r8"">0</Current><DateUtc dt:dt=""string"">2021-07-01T18:52:35Z</DateUtc></FrequencyChange></FrequencyChanges></Clock>\n",N,SL001_FCN6AB,6,1.0.0.262,1,143.907,-745087547,Full,3.0.3.80,3.0.3.80,7/1/21,7/1/21 18:52,13:52:35,3.0.3.82,Keyboard,A,Keyboard,-999999,16,11709,0,1,1,1,1,BlockProc,BlockList,48,211,,,4,0.96,403.2083333,1302,0.979166667,372.4255319,TrialProc,TrialList,flankerIR.jpg,1,4,Keyboard,2,10,128892,160,4,488,129380,7,1,48,Incon
FC,1,1,B,"<?xml version=""1.0""?>\n<Clock xmlns:dt=""urn:schemas-microsoft-com:datatypes""><Description dt:dt=""string"">E-Prime Primary Realtime Clock</Description><StartTime><Timestamp dt:dt=""int"">0</Timestamp><DateUtc dt:dt=""string"">2021-07-01T18:52:35Z</DateUtc></StartTime><FrequencyChanges><FrequencyChange><Frequency dt:dt=""r8"">10000000</Frequency><Timestamp dt:dt=""r8"">5286356992746</Timestamp><Current dt:dt=""r8"">0</Current><DateUtc dt:dt=""string"">2021-07-01T18:52:35Z</DateUtc></FrequencyChange></FrequencyChanges></Clock>\n",N,SL001_FCN6AB,6,1.0.0.262,1,143.907,-745087547,Full,3.0.3.80,3.0.3.80,7/1/21,7/1/21 18:52,13:52:35,3.0.3.82,Keyboard,A,Keyboard,-999999,16,11709,0,1,1,1,1,BlockProc,BlockList,49,113,1,338.4166667,4,,,1698,0.979591837,370.8125,TrialProc,TrialList,flankerCR.jpg,1,4,Keyboard,2,10,130364,160,4,295,130659,3,1,49,Cong
FC,1,1,B,"<?xml version=""1.0""?>\n<Clock xmlns:dt=""urn:schemas-microsoft-com:datatypes""><Description dt:dt=""string"">E-Prime Primary Realtime Clock</Description><StartTime><Timestamp dt:dt=""int"">0</Timestamp><DateUtc dt:dt=""string"">2021-07-01T18:52:35Z</DateUtc></StartTime><FrequencyChanges><FrequencyChange><Frequency dt:dt=""r8"">10000000</Frequency><Timestamp dt:dt=""r8"">5286356992746</Timestamp><Current dt:dt=""r8"">0</Current><DateUtc dt:dt=""string"">2021-07-01T18:52:35Z</DateUtc></FrequencyChange></FrequencyChanges></Clock>\n",N,SL001_FCN6AB,6,1.0.0.262,1,143.907,-745087547,Full,3.0.3.80,3.0.3.80,7/1/21,7/1/21 18:52,13:52:35,3.0.3.82,Keyboard,A,Keyboard,-999999,16,11709,0,1,1,1,1,BlockProc,BlockList,50,121,1,338.36,1,,,1302,0.98,370.122449,TrialProc,TrialList,flankerCL.jpg,1,1,Keyboard,2,10,132232,160,1,337,132569,4,1,50,Cong
FC,1,1,B,"<?xml version=""1.0""?>\n<Clock xmlns:dt=""urn:schemas-microsoft-com:datatypes""><Description dt:dt=""string"">E-Prime Primary Realtime Clock</Description><StartTime><Timestamp dt:dt=""int"">0</Timestamp><DateUtc dt:dt=""string"">2021-07-01T18:52:35Z</DateUtc></StartTime><FrequencyChanges><FrequencyChange><Frequency dt:dt=""r8"">10000000</Frequency><Timestamp dt:dt=""r8"">5286356992746</Timestamp><Current dt:dt=""r8"">0</Current><DateUtc dt:dt=""string"">2021-07-01T18:52:35Z</DateUtc></FrequencyChange></FrequencyChanges></Clock>\n",N,SL001_FCN6AB,6,1.0.0.262,1,143.907,-745087547,Full,3.0.3.80,3.0.3.80,7/1/21,7/1/21 18:52,13:52:35,3.0.3.82,Keyboard,A,Keyboard,-999999,16,11709,0,1,1,1,1,BlockProc,BlockList,51,221,,,1,0.923076923,,1302,0.960784314,,TrialProc,TrialList,flankerIL.jpg,0,1,Keyboard,3,10,133704,160,4,361,134065,10,1,51,Incon
FC,1,1,B,"<?xml version=""1.0""?>\n<Clock xmlns:dt=""urn:schemas-microsoft-com:datatypes""><Description dt:dt=""string"">E-Prime Primary Realtime Clock</Description><StartTime><Timestamp dt:dt=""int"">0</Timestamp><DateUtc dt:dt=""string"">2021-07-01T18:52:35Z</DateUtc></StartTime><FrequencyChanges><FrequencyChange><Frequency dt:dt=""r8"">10000000</Frequency><Timestamp dt:dt=""r8"">5286356992746</Timestamp><Current dt:dt=""r8"">0</Current><DateUtc dt:dt=""string"">2021-07-01T18:52:35Z</DateUtc></FrequencyChange></FrequencyChanges></Clock>\n",N,SL001_FCN6AB,6,1.0.0.262,1,143.907,-745087547,Full,3.0.3.80,3.0.3.80,7/1/21,7/1/21 18:52,13:52:35,3.0.3.82,Keyboard,A,Keyboard,-999999,16,11709,0,1,1,1,1,BlockProc,BlockList,52,111,1,337.1538462,4,,,1302,0.961538462,368.86,TrialProc,TrialList,flankerCR.jpg,1,4,Keyboard,3,10,135176,160,4,307,135483,1,1,52,Cong
FC,1,1,B,"<?xml version=""1.0""?>\n<Clock xmlns:dt=""urn:schemas-microsoft-com:datatypes""><Description dt:dt=""string"">E-Prime Primary Realtime Clock</Description><StartTime><Timestamp dt:dt=""int"">0</Timestamp><DateUtc dt:dt=""string"">2021-07-01T18:52:35Z</DateUtc></StartTime><FrequencyChanges><FrequencyChange><Frequency dt:dt=""r8"">10000000</Frequency><Timestamp dt:dt=""r8"">5286356992746</Timestamp><Current dt:dt=""r8"">0</Current><DateUtc dt:dt=""string"">2021-07-01T18:52:35Z</DateUtc></FrequencyChange></FrequencyChanges></Clock>\n",N,SL001_FCN6AB,6,1.0.0.262,1,143.907,-745087547,Full,3.0.3.80,3.0.3.80,7/1/21,7/1/21 18:52,13:52:35,3.0.3.82,Keyboard,A,Keyboard,-999999,16,11709,0,1,1,1,1,BlockProc,BlockList,53,121,1,339.1111111,1,,,1302,0.962264151,369.2745098,TrialProc,TrialList,flankerCL.jpg,1,1,Keyboard,2,11,136649,159,1,390,137039,4,1,53,Cong
FC,1,1,B,"<?xml version=""1.0""?>\n<Clock xmlns:dt=""urn:schemas-microsoft-com:datatypes""><Description dt:dt=""string"">E-Prime Primary Realtime Clock</Description><StartTime><Timestamp dt:dt=""int"">0</Timestamp><DateUtc dt:dt=""string"">2021-07-01T18:52:35Z</DateUtc></StartTime><FrequencyChanges><FrequencyChange><Frequency dt:dt=""r8"">10000000</Frequency><Timestamp dt:dt=""r8"">5286356992746</Timestamp><Current dt:dt=""r8"">0</Current><DateUtc dt:dt=""string"">2021-07-01T18:52:35Z</DateUtc></FrequencyChange></FrequencyChanges></Clock>\n",N,SL001_FCN6AB,6,1.0.0.262,1,143.907,-745087547,Full,3.0.3.80,3.0.3.80,7/1/21,7/1/21 18:52,13:52:35,3.0.3.82,Keyboard,A,Keyboard,-999999,16,11709,0,1,1,1,1,BlockProc,BlockList,54,121,1,340.0714286,1,,,1302,0.962962963,369.2115385,TrialProc,TrialList,flankerCL.jpg,1,1,Keyboard,2,11,138121,153,1,366,138487,4,1,54,Cong
FC,1,1,B,"<?xml version=""1.0""?>\n<Clock xmlns:dt=""urn:schemas-microsoft-com:datatypes""><Description dt:dt=""string"">E-Prime Primary Realtime Clock</Description><StartTime><Timestamp dt:dt=""int"">0</Timestamp><DateUtc dt:dt=""string"">2021-07-01T18:52:35Z</DateUtc></StartTime><FrequencyChanges><FrequencyChange><Frequency dt:dt=""r8"">10000000</Frequency><Timestamp dt:dt=""r8"">5286356992746</Timestamp><Current dt:dt=""r8"">0</Current><DateUtc dt:dt=""string"">2021-07-01T18:52:35Z</DateUtc></FrequencyChange></FrequencyChanges></Clock>\n",N,SL001_FCN6AB,6,1.0.0.262,1,143.907,-745087547,Full,3.0.3.80,3.0.3.80,7/1/21,7/1/21 18:52,13:52:35,3.0.3.82,Keyboard,A,Keyboard,-999999,16,11709,0,1,1,1,1,BlockProc,BlockList,55,221,,,1,0.888888889,,1302,0.945454545,,TrialProc,TrialList,flankerIL.jpg,0,1,Keyboard,2,10,139586,160,4,377,139963,10,1,55,Incon
FC,1,1,B,"<?xml version=""1.0""?>\n<Clock xmlns:dt=""urn:schemas-microsoft-com:datatypes""><Description dt:dt=""string"">E-Prime Primary Realtime Clock</Description><StartTime><Timestamp dt:dt=""int"">0</Timestamp><DateUtc dt:dt=""string"">2021-07-01T18:52:35Z</DateUtc></StartTime><FrequencyChanges><FrequencyChange><Frequency dt:dt=""r8"">10000000</Frequency><Timestamp dt:dt=""r8"">5286356992746</Timestamp><Current dt:dt=""r8"">0</Current><DateUtc dt:dt=""string"">2021-07-01T18:52:35Z</DateUtc></FrequencyChange></FrequencyChanges></Clock>\n",N,SL001_FCN6AB,6,1.0.0.262,1,143.907,-745087547,Full,3.0.3.80,3.0.3.80,7/1/21,7/1/21 18:52,13:52:35,3.0.3.82,Keyboard,A,Keyboard,-999999,16,11709,0,1,1,1,1,BlockProc,BlockList,56,213,,,4,0.892857143,400.96,1698,0.946428571,368.7924528,TrialProc,TrialList,flankerIR.jpg,1,4,Keyboard,2,10,141058,160,4,347,141405,9,1,56,Incon
FC,1,1,B,"<?xml version=""1.0""?>\n<Clock xmlns:dt=""urn:schemas-microsoft-com:datatypes""><Description dt:dt=""string"">E-Prime Primary Realtime Clock</Description><StartTime><Timestamp dt:dt=""int"">0</Timestamp><DateUtc dt:dt=""string"">2021-07-01T18:52:35Z</DateUtc></StartTime><FrequencyChanges><FrequencyChange><Frequency dt:dt=""r8"">10000000</Frequency><Timestamp dt:dt=""r8"">5286356992746</Timestamp><Current dt:dt=""r8"">0</Current><DateUtc dt:dt=""string"">2021-07-01T18:52:35Z</DateUtc></FrequencyChange></FrequencyChanges></Clock>\n",N,SL001_FCN6AB,6,1.0.0.262,1,143.907,-745087547,Full,3.0.3.80,3.0.3.80,7/1/21,7/1/21 18:52,13:52:35,3.0.3.82,Keyboard,A,Keyboard,-999999,16,11709,0,1,1,1,1,BlockProc,BlockList,57,223,,,1,0.896551724,399.6538462,1698,0.947368421,368.7592593,TrialProc,TrialList,flankerIL.jpg,1,1,Keyboard,2,10,142926,160,1,367,143293,12,1,57,Incon
FC,1,1,B,"<?xml version=""1.0""?>\n<Clock xmlns:dt=""urn:schemas-microsoft-com:datatypes""><Description dt:dt=""string"">E-Prime Primary Realtime Clock</Description><StartTime><Timestamp dt:dt=""int"">0</Timestamp><DateUtc dt:dt=""string"">2021-07-01T18:52:35Z</DateUtc></StartTime><FrequencyChanges><FrequencyChange><Frequency dt:dt=""r8"">10000000</Frequency><Timestamp dt:dt=""r8"">5286356992746</Timestamp><Current dt:dt=""r8"">0</Current><DateUtc dt:dt=""string"">2021-07-01T18:52:35Z</DateUtc></FrequencyChange></FrequencyChanges></Clock>\n",N,SL001_FCN6AB,6,1.0.0.262,1,143.907,-745087547,Full,3.0.3.80,3.0.3.80,7/1/21,7/1/21 18:52,13:52:35,3.0.3.82,Keyboard,A,Keyboard,-999999,16,11709,0,1,1,1,1,BlockProc,BlockList,58,123,1,338.7931034,1,,,1698,0.948275862,367.5636364,TrialProc,TrialList,flankerCL.jpg,1,1,Keyboard,2,10,144794,160,1,303,145097,6,1,58,Cong
FC,1,1,B,"<?xml version=""1.0""?>\n<Clock xmlns:dt=""urn:schemas-microsoft-com:datatypes""><Description dt:dt=""string"">E-Prime Primary Realtime Clock</Description><StartTime><Timestamp dt:dt=""int"">0</Timestamp><DateUtc dt:dt=""string"">2021-07-01T18:52:35Z</DateUtc></StartTime><FrequencyChanges><FrequencyChange><Frequency dt:dt=""r8"">10000000</Frequency><Timestamp dt:dt=""r8"">5286356992746</Timestamp><Current dt:dt=""r8"">0</Current><DateUtc dt:dt=""string"">2021-07-01T18:52:35Z</DateUtc></FrequencyChange></FrequencyChanges></Clock>\n",N,SL001_FCN6AB,6,1.0.0.262,1,143.907,-745087547,Full,3.0.3.80,3.0.3.80,7/1/21,7/1/21 18:52,13:52:35,3.0.3.82,Keyboard,A,Keyboard,-999999,16,11709,0,1,1,1,1,BlockProc,BlockList,59,111,1,340.1,4,,,1302,0.949152542,367.75,TrialProc,TrialList,flankerCR.jpg,1,4,Keyboard,2,10,146662,160,4,378,147040,1,1,59,Cong
FC,1,1,B,"<?xml version=""1.0""?>\n<Clock xmlns:dt=""urn:schemas-microsoft-com:datatypes""><Description dt:dt=""string"">E-Prime Primary Realtime Clock</Description><StartTime><Timestamp dt:dt=""int"">0</Timestamp><DateUtc dt:dt=""string"">2021-07-01T18:52:35Z</DateUtc></StartTime><FrequencyChanges><FrequencyChange><Frequency dt:dt=""r8"">10000000</Frequency><Timestamp dt:dt=""r8"">5286356992746</Timestamp><Current dt:dt=""r8"">0</Current><DateUtc dt:dt=""string"">2021-07-01T18:52:35Z</DateUtc></FrequencyChange></FrequencyChanges></Clock>\n",N,SL001_FCN6AB,6,1.0.0.262,1,143.907,-745087547,Full,3.0.3.80,3.0.3.80,7/1/21,7/1/21 18:52,13:52:35,3.0.3.82,Keyboard,A,Keyboard,-999999,16,11709,0,1,1,1,1,BlockProc,BlockList,60,113,1,340.3548387,4,,,1698,0.95,367.4035088,TrialProc,TrialList,flankerCR.jpg,1,4,Keyboard,2,10,148134,153,4,348,148482,3,1,60,Cong
FC,1,1,B,"<?xml version=""1.0""?>\n<Clock xmlns:dt=""urn:schemas-microsoft-com:datatypes""><Description dt:dt=""string"">E-Prime Primary Realtime Clock</Description><StartTime><Timestamp dt:dt=""int"">0</Timestamp><DateUtc dt:dt=""string"">2021-07-01T18:52:35Z</DateUtc></StartTime><FrequencyChanges><FrequencyChange><Frequency dt:dt=""r8"">10000000</Frequency><Timestamp dt:dt=""r8"">5286356992746</Timestamp><Current dt:dt=""r8"">0</Current><DateUtc dt:dt=""string"">2021-07-01T18:52:35Z</DateUtc></FrequencyChange></FrequencyChanges></Clock>\n",N,SL001_FCN6AB,6,1.0.0.262,1,143.907,-745087547,Full,3.0.3.80,3.0.3.80,7/1/21,7/1/21 18:52,13:52:35,3.0.3.82,Keyboard,A,Keyboard,-999999,16,11709,0,1,1,1,1,BlockProc,BlockList,61,121,1,339.8125,1,,,1302,0.950819672,366.637931,TrialProc,TrialList,flankerCL.jpg,1,1,Keyboard,3,10,149995,160,1,323,150318,4,1,61,Cong
FC,1,1,B,"<?xml version=""1.0""?>\n<Clock xmlns:dt=""urn:schemas-microsoft-com:datatypes""><Description dt:dt=""string"">E-Prime Primary Realtime Clock</Description><StartTime><Timestamp dt:dt=""int"">0</Timestamp><DateUtc dt:dt=""string"">2021-07-01T18:52:35Z</DateUtc></StartTime><FrequencyChanges><FrequencyChange><Frequency dt:dt=""r8"">10000000</Frequency><Timestamp dt:dt=""r8"">5286356992746</Timestamp><Current dt:dt=""r8"">0</Current><DateUtc dt:dt=""string"">2021-07-01T18:52:35Z</DateUtc></FrequencyChange></FrequencyChanges></Clock>\n",N,SL001_FCN6AB,6,1.0.0.262,1,143.907,-745087547,Full,3.0.3.80,3.0.3.80,7/1/21,7/1/21 18:52,13:52:35,3.0.3.82,Keyboard,A,Keyboard,-999999,16,11709,0,1,1,1,1,BlockProc,BlockList,62,112,1,341.9090909,4,,,1500,0.951612903,367.3559322,TrialProc,TrialList,flankerCR.jpg,1,4,Keyboard,2,11,151468,159,4,409,151877,2,1,62,Cong
FC,1,1,B,"<?xml version=""1.0""?>\n<Clock xmlns:dt=""urn:schemas-microsoft-com:datatypes""><Description dt:dt=""string"">E-Prime Primary Realtime Clock</Description><StartTime><Timestamp dt:dt=""int"">0</Timestamp><DateUtc dt:dt=""string"">2021-07-01T18:52:35Z</DateUtc></StartTime><FrequencyChanges><FrequencyChange><Frequency dt:dt=""r8"">10000000</Frequency><Timestamp dt:dt=""r8"">5286356992746</Timestamp><Current dt:dt=""r8"">0</Current><DateUtc dt:dt=""string"">2021-07-01T18:52:35Z</DateUtc></FrequencyChange></FrequencyChanges></Clock>\n",N,SL001_FCN6AB,6,1.0.0.262,1,143.907,-745087547,Full,3.0.3.80,3.0.3.80,7/1/21,7/1/21 18:52,13:52:35,3.0.3.82,Keyboard,A,Keyboard,-999999,16,11709,0,1,1,1,1,BlockProc,BlockList,63,123,1,342.5294118,1,,,1698,0.952380952,367.2833333,TrialProc,TrialList,flankerCL.jpg,1,1,Keyboard,2,7,153134,160,1,363,153497,6,1,63,Cong
FC,1,1,B,"<?xml version=""1.0""?>\n<Clock xmlns:dt=""urn:schemas-microsoft-com:datatypes""><Description dt:dt=""string"">E-Prime Primary Realtime Clock</Description><StartTime><Timestamp dt:dt=""int"">0</Timestamp><DateUtc dt:dt=""string"">2021-07-01T18:52:35Z</DateUtc></StartTime><FrequencyChanges><FrequencyChange><Frequency dt:dt=""r8"">10000000</Frequency><Timestamp dt:dt=""r8"">5286356992746</Timestamp><Current dt:dt=""r8"">0</Current><DateUtc dt:dt=""string"">2021-07-01T18:52:35Z</DateUtc></FrequencyChange></FrequencyChanges></Clock>\n",N,SL001_FCN6AB,6,1.0.0.262,1,143.907,-745087547,Full,3.0.3.80,3.0.3.80,7/1/21,7/1/21 18:52,13:52:35,3.0.3.82,Keyboard,A,Keyboard,-999999,16,11709,0,1,1,1,1,BlockProc,BlockList,64,211,,,4,0.9,398.1481481,1302,0.953125,367.147541,TrialProc,TrialList,flankerIR.jpg,1,4,Keyboard,2,10,155002,160,4,359,155361,7,1,64,Incon
FC,1,1,B,"<?xml version=""1.0""?>\n<Clock xmlns:dt=""urn:schemas-microsoft-com:datatypes""><Description dt:dt=""string"">E-Prime Primary Realtime Clock</Description><StartTime><Timestamp dt:dt=""int"">0</Timestamp><DateUtc dt:dt=""string"">2021-07-01T18:52:35Z</DateUtc></StartTime><FrequencyChanges><FrequencyChange><Frequency dt:dt=""r8"">10000000</Frequency><Timestamp dt:dt=""r8"">5286356992746</Timestamp><Current dt:dt=""r8"">0</Current><DateUtc dt:dt=""string"">2021-07-01T18:52:35Z</DateUtc></FrequencyChange></FrequencyChanges></Clock>\n",N,SL001_FCN6AB,6,1.0.0.262,1,143.907,-745087547,Full,3.0.3.80,3.0.3.80,7/1/21,7/1/21 18:52,13:52:35,3.0.3.82,Keyboard,A,Keyboard,-999999,16,11709,0,1,1,1,1,BlockProc,BlockList,65,222,,,1,0.903225806,398.8214286,1500,0.953846154,367.9516129,TrialProc,TrialList,flankerIL.jpg,1,1,Keyboard,3,10,156474,160,1,417,156891,11,1,65,Incon
FC,1,1,B,"<?xml version=""1.0""?>\n<Clock xmlns:dt=""urn:schemas-microsoft-com:datatypes""><Description dt:dt=""string"">E-Prime Primary Realtime Clock</Description><StartTime><Timestamp dt:dt=""int"">0</Timestamp><DateUtc dt:dt=""string"">2021-07-01T18:52:35Z</DateUtc></StartTime><FrequencyChanges><FrequencyChange><Frequency dt:dt=""r8"">10000000</Frequency><Timestamp dt:dt=""r8"">5286356992746</Timestamp><Current dt:dt=""r8"">0</Current><DateUtc dt:dt=""string"">2021-07-01T18:52:35Z</DateUtc></FrequencyChange></FrequencyChanges></Clock>\n",N,SL001_FCN6AB,6,1.0.0.262,1,143.907,-745087547,Full,3.0.3.80,3.0.3.80,7/1/21,7/1/21 18:52,13:52:35,3.0.3.82,Keyboard,A,Keyboard,-999999,16,11709,0,1,1,1,1,BlockProc,BlockList,66,212,,,4,0.90625,398.862069,1500,0.954545455,368.4603175,TrialProc,TrialList,flankerIR.jpg,1,4,Keyboard,2,7,158141,160,4,400,158541,8,1,66,Incon
FC,1,1,B,"<?xml version=""1.0""?>\n<Clock xmlns:dt=""urn:schemas-microsoft-com:datatypes""><Description dt:dt=""string"">E-Prime Primary Realtime Clock</Description><StartTime><Timestamp dt:dt=""int"">0</Timestamp><DateUtc dt:dt=""string"">2021-07-01T18:52:35Z</DateUtc></StartTime><FrequencyChanges><FrequencyChange><Frequency dt:dt=""r8"">10000000</Frequency><Timestamp dt:dt=""r8"">5286356992746</Timestamp><Current dt:dt=""r8"">0</Current><DateUtc dt:dt=""string"">2021-07-01T18:52:35Z</DateUtc></FrequencyChange></FrequencyChanges></Clock>\n",N,SL001_FCN6AB,6,1.0.0.262,1,143.907,-745087547,Full,3.0.3.80,3.0.3.80,7/1/21,7/1/21 18:52,13:52:35,3.0.3.82,Keyboard,A,Keyboard,-999999,16,11709,0,1,1,1,1,BlockProc,BlockList,67,113,1,343.5142857,4,,,1698,0.955223881,368.59375,TrialProc,TrialList,flankerCR.jpg,1,4,Keyboard,2,7,159808,159,4,377,160185,3,1,67,Cong
FC,1,1,B,"<?xml version=""1.0""?>\n<Clock xmlns:dt=""urn:schemas-microsoft-com:datatypes""><Description dt:dt=""string"">E-Prime Primary Realtime Clock</Description><StartTime><Timestamp dt:dt=""int"">0</Timestamp><DateUtc dt:dt=""string"">2021-07-01T18:52:35Z</DateUtc></StartTime><FrequencyChanges><FrequencyChange><Frequency dt:dt=""r8"">10000000</Frequency><Timestamp dt:dt=""r8"">5286356992746</Timestamp><Current dt:dt=""r8"">0</Current><DateUtc dt:dt=""string"">2021-07-01T18:52:35Z</DateUtc></FrequencyChange></FrequencyChanges></Clock>\n",N,SL001_FCN6AB,6,1.0.0.262,1,143.907,-745087547,Full,3.0.3.80,3.0.3.80,7/1/21,7/1/21 18:52,13:52:35,3.0.3.82,Keyboard,A,Keyboard,-999999,16,11709,0,1,1,1,1,BlockProc,BlockList,68,222,,,1,0.909090909,398.5,1500,0.955882353,368.8923077,TrialProc,TrialList,flankerIL.jpg,1,1,Keyboard,3,10,161675,160,1,388,162063,11,1,68,Incon
FC,1,1,B,"<?xml version=""1.0""?>\n<Clock xmlns:dt=""urn:schemas-microsoft-com:datatypes""><Description dt:dt=""string"">E-Prime Primary Realtime Clock</Description><StartTime><Timestamp dt:dt=""int"">0</Timestamp><DateUtc dt:dt=""string"">2021-07-01T18:52:35Z</DateUtc></StartTime><FrequencyChanges><FrequencyChange><Frequency dt:dt=""r8"">10000000</Frequency><Timestamp dt:dt=""r8"">5286356992746</Timestamp><Current dt:dt=""r8"">0</Current><DateUtc dt:dt=""string"">2021-07-01T18:52:35Z</DateUtc></FrequencyChange></FrequencyChanges></Clock>\n",N,SL001_FCN6AB,6,1.0.0.262,1,143.907,-745087547,Full,3.0.3.80,3.0.3.80,7/1/21,7/1/21 18:52,13:52:35,3.0.3.82,Keyboard,A,Keyboard,-999999,16,11709,0,1,1,1,1,BlockProc,BlockList,69,222,,,1,0.911764706,398.3548387,1500,0.956521739,369.2727273,TrialProc,TrialList,flankerIL.jpg,1,1,Keyboard,2,7,163342,160,1,394,163736,11,1,69,Incon
FC,1,1,B,"<?xml version=""1.0""?>\n<Clock xmlns:dt=""urn:schemas-microsoft-com:datatypes""><Description dt:dt=""string"">E-Prime Primary Realtime Clock</Description><StartTime><Timestamp dt:dt=""int"">0</Timestamp><DateUtc dt:dt=""string"">2021-07-01T18:52:35Z</DateUtc></StartTime><FrequencyChanges><FrequencyChange><Frequency dt:dt=""r8"">10000000</Frequency><Timestamp dt:dt=""r8"">5286356992746</Timestamp><Current dt:dt=""r8"">0</Current><DateUtc dt:dt=""string"">2021-07-01T18:52:35Z</DateUtc></FrequencyChange></FrequencyChanges></Clock>\n",N,SL001_FCN6AB,6,1.0.0.262,1,143.907,-745087547,Full,3.0.3.80,3.0.3.80,7/1/21,7/1/21 18:52,13:52:35,3.0.3.82,Keyboard,A,Keyboard,-999999,16,11709,0,1,1,1,1,BlockProc,BlockList,70,211,,,4,0.914285714,397.5,1302,0.957142857,369.2985075,TrialProc,TrialList,flankerIR.jpg,1,4,Keyboard,2,7,165009,159,4,371,165380,7,1,70,Incon
FC,1,1,B,"<?xml version=""1.0""?>\n<Clock xmlns:dt=""urn:schemas-microsoft-com:datatypes""><Description dt:dt=""string"">E-Prime Primary Realtime Clock</Description><StartTime><Timestamp dt:dt=""int"">0</Timestamp><DateUtc dt:dt=""string"">2021-07-01T18:52:35Z</DateUtc></StartTime><FrequencyChanges><FrequencyChange><Frequency dt:dt=""r8"">10000000</Frequency><Timestamp dt:dt=""r8"">5286356992746</Timestamp><Current dt:dt=""r8"">0</Current><DateUtc dt:dt=""string"">2021-07-01T18:52:35Z</DateUtc></FrequencyChange></FrequencyChanges></Clock>\n",N,SL001_FCN6AB,6,1.0.0.262,1,143.907,-745087547,Full,3.0.3.80,3.0.3.80,7/1/21,7/1/21 18:52,13:52:35,3.0.3.82,Keyboard,A,Keyboard,-999999,16,11709,0,1,1,1,1,BlockProc,BlockList,71,121,1,345.75,1,,,1302,0.957746479,370.1029412,TrialProc,TrialList,flankerCL.jpg,1,1,Keyboard,2,11,166481,160,1,424,166905,4,1,71,Cong
FC,1,1,B,"<?xml version=""1.0""?>\n<Clock xmlns:dt=""urn:schemas-microsoft-com:datatypes""><Description dt:dt=""string"">E-Prime Primary Realtime Clock</Description><StartTime><Timestamp dt:dt=""int"">0</Timestamp><DateUtc dt:dt=""string"">2021-07-01T18:52:35Z</DateUtc></StartTime><FrequencyChanges><FrequencyChange><Frequency dt:dt=""r8"">10000000</Frequency><Timestamp dt:dt=""r8"">5286356992746</Timestamp><Current dt:dt=""r8"">0</Current><DateUtc dt:dt=""string"">2021-07-01T18:52:35Z</DateUtc></FrequencyChange></FrequencyChanges></Clock>\n",N,SL001_FCN6AB,6,1.0.0.262,1,143.907,-745087547,Full,3.0.3.80,3.0.3.80,7/1/21,7/1/21 18:52,13:52:35,3.0.3.82,Keyboard,A,Keyboard,-999999,16,11709,0,1,1,1,1,BlockProc,BlockList,72,211,,,4,0.916666667,397.5757576,1302,0.958333333,370.5362319,TrialProc,TrialList,flankerIR.jpg,1,4,Keyboard,2,10,167953,160,4,400,168353,7,1,72,Incon
FC,1,1,B,"<?xml version=""1.0""?>\n<Clock xmlns:dt=""urn:schemas-microsoft-com:datatypes""><Description dt:dt=""string"">E-Prime Primary Realtime Clock</Description><StartTime><Timestamp dt:dt=""int"">0</Timestamp><DateUtc dt:dt=""string"">2021-07-01T18:52:35Z</DateUtc></StartTime><FrequencyChanges><FrequencyChange><Frequency dt:dt=""r8"">10000000</Frequency><Timestamp dt:dt=""r8"">5286356992746</Timestamp><Current dt:dt=""r8"">0</Current><DateUtc dt:dt=""string"">2021-07-01T18:52:35Z</DateUtc></FrequencyChange></FrequencyChanges></Clock>\n",N,SL001_FCN6AB,6,1.0.0.262,1,143.907,-745087547,Full,3.0.3.80,3.0.3.80,7/1/21,7/1/21 18:52,13:52:35,3.0.3.82,Keyboard,A,Keyboard,-999999,16,11709,0,1,1,1,1,BlockProc,BlockList,73,122,1,346.8648649,1,,,1500,0.95890411,370.7714286,TrialProc,TrialList,flankerCL.jpg,1,1,Keyboard,2,10,169425,160,1,387,169812,5,1,73,Cong
FC,1,1,B,"<?xml version=""1.0""?>\n<Clock xmlns:dt=""urn:schemas-microsoft-com:datatypes""><Description dt:dt=""string"">E-Prime Primary Realtime Clock</Description><StartTime><Timestamp dt:dt=""int"">0</Timestamp><DateUtc dt:dt=""string"">2021-07-01T18:52:35Z</DateUtc></StartTime><FrequencyChanges><FrequencyChange><Frequency dt:dt=""r8"">10000000</Frequency><Timestamp dt:dt=""r8"">5286356992746</Timestamp><Current dt:dt=""r8"">0</Current><DateUtc dt:dt=""string"">2021-07-01T18:52:35Z</DateUtc></FrequencyChange></FrequencyChanges></Clock>\n",N,SL001_FCN6AB,6,1.0.0.262,1,143.907,-745087547,Full,3.0.3.80,3.0.3.80,7/1/21,7/1/21 18:52,13:52:35,3.0.3.82,Keyboard,A,Keyboard,-999999,16,11709,0,1,1,1,1,BlockProc,BlockList,74,212,,,4,0.918918919,395.7647059,1500,0.959459459,370.2816901,TrialProc,TrialList,flankerIR.jpg,1,4,Keyboard,2,7,171092,160,4,336,171428,8,1,74,Incon
FC,1,1,B,"<?xml version=""1.0""?>\n<Clock xmlns:dt=""urn:schemas-microsoft-com:datatypes""><Description dt:dt=""string"">E-Prime Primary Realtime Clock</Description><StartTime><Timestamp dt:dt=""int"">0</Timestamp><DateUtc dt:dt=""string"">2021-07-01T18:52:35Z</DateUtc></StartTime><FrequencyChanges><FrequencyChange><Frequency dt:dt=""r8"">10000000</Frequency><Timestamp dt:dt=""r8"">5286356992746</Timestamp><Current dt:dt=""r8"">0</Current><DateUtc dt:dt=""string"">2021-07-01T18:52:35Z</DateUtc></FrequencyChange></FrequencyChanges></Clock>\n",N,SL001_FCN6AB,6,1.0.0.262,1,143.907,-745087547,Full,3.0.3.80,3.0.3.80,7/1/21,7/1/21 18:52,13:52:35,3.0.3.82,Keyboard,A,Keyboard,-999999,16,11709,0,1,1,1,1,BlockProc,BlockList,75,122,1,346.0789474,1,,,1500,0.96,369.5416667,TrialProc,TrialList,flankerCL.jpg,1,1,Keyboard,3,6,172758,153,1,317,173075,5,1,75,Cong
FC,1,1,B,"<?xml version=""1.0""?>\n<Clock xmlns:dt=""urn:schemas-microsoft-com:datatypes""><Description dt:dt=""string"">E-Prime Primary Realtime Clock</Description><StartTime><Timestamp dt:dt=""int"">0</Timestamp><DateUtc dt:dt=""string"">2021-07-01T18:52:35Z</DateUtc></StartTime><FrequencyChanges><FrequencyChange><Frequency dt:dt=""r8"">10000000</Frequency><Timestamp dt:dt=""r8"">5286356992746</Timestamp><Current dt:dt=""r8"">0</Current><DateUtc dt:dt=""string"">2021-07-01T18:52:35Z</DateUtc></FrequencyChange></FrequencyChanges></Clock>\n",N,SL001_FCN6AB,6,1.0.0.262,1,143.907,-745087547,Full,3.0.3.80,3.0.3.80,7/1/21,7/1/21 18:52,13:52:35,3.0.3.82,Keyboard,A,Keyboard,-999999,16,11709,0,1,1,1,1,BlockProc,BlockList,76,123,1,345.3076923,1,,,1698,0.960526316,368.8082192,TrialProc,TrialList,flankerCL.jpg,1,1,Keyboard,2,7,174418,160,1,316,174734,6,1,76,Cong
FC,1,1,B,"<?xml version=""1.0""?>\n<Clock xmlns:dt=""urn:schemas-microsoft-com:datatypes""><Description dt:dt=""string"">E-Prime Primary Realtime Clock</Description><StartTime><Timestamp dt:dt=""int"">0</Timestamp><DateUtc dt:dt=""string"">2021-07-01T18:52:35Z</DateUtc></StartTime><FrequencyChanges><FrequencyChange><Frequency dt:dt=""r8"">10000000</Frequency><Timestamp dt:dt=""r8"">5286356992746</Timestamp><Current dt:dt=""r8"">0</Current><DateUtc dt:dt=""string"">2021-07-01T18:52:35Z</DateUtc></FrequencyChange></FrequencyChanges></Clock>\n",N,SL001_FCN6AB,6,1.0.0.262,1,143.907,-745087547,Full,3.0.3.80,3.0.3.80,7/1/21,7/1/21 18:52,13:52:35,3.0.3.82,Keyboard,A,Keyboard,-999999,16,11709,0,1,1,1,1,BlockProc,BlockList,77,223,,,1,0.921052632,395.0571429,1698,0.961038961,368.8378378,TrialProc,TrialList,flankerIL.jpg,1,1,Keyboard,3,10,176286,160,1,371,176657,12,1,77,Incon
FC,1,1,B,"<?xml version=""1.0""?>\n<Clock xmlns:dt=""urn:schemas-microsoft-com:datatypes""><Description dt:dt=""string"">E-Prime Primary Realtime Clock</Description><StartTime><Timestamp dt:dt=""int"">0</Timestamp><DateUtc dt:dt=""string"">2021-07-01T18:52:35Z</DateUtc></StartTime><FrequencyChanges><FrequencyChange><Frequency dt:dt=""r8"">10000000</Frequency><Timestamp dt:dt=""r8"">5286356992746</Timestamp><Current dt:dt=""r8"">0</Current><DateUtc dt:dt=""string"">2021-07-01T18:52:35Z</DateUtc></FrequencyChange></FrequencyChanges></Clock>\n",N,SL001_FCN6AB,6,1.0.0.262,1,143.907,-745087547,Full,3.0.3.80,3.0.3.80,7/1/21,7/1/21 18:52,13:52:35,3.0.3.82,Keyboard,A,Keyboard,-999999,16,11709,0,1,1,1,1,BlockProc,BlockList,78,222,,,1,0.923076923,394.1666667,1500,0.961538462,368.76,TrialProc,TrialList,flankerIL.jpg,1,1,Keyboard,2,10,178154,160,1,363,178517,11,1,78,Incon
FC,1,1,B,"<?xml version=""1.0""?>\n<Clock xmlns:dt=""urn:schemas-microsoft-com:datatypes""><Description dt:dt=""string"">E-Prime Primary Realtime Clock</Description><StartTime><Timestamp dt:dt=""int"">0</Timestamp><DateUtc dt:dt=""string"">2021-07-01T18:52:35Z</DateUtc></StartTime><FrequencyChanges><FrequencyChange><Frequency dt:dt=""r8"">10000000</Frequency><Timestamp dt:dt=""r8"">5286356992746</Timestamp><Current dt:dt=""r8"">0</Current><DateUtc dt:dt=""string"">2021-07-01T18:52:35Z</DateUtc></FrequencyChange></FrequencyChanges></Clock>\n",N,SL001_FCN6AB,6,1.0.0.262,1,143.907,-745087547,Full,3.0.3.80,3.0.3.80,7/1/21,7/1/21 18:52,13:52:35,3.0.3.82,Keyboard,A,Keyboard,-999999,16,11709,0,1,1,1,1,BlockProc,BlockList,79,213,,,4,0.925,394.0540541,1698,0.962025316,369.0394737,TrialProc,TrialList,flankerIR.jpg,1,4,Keyboard,2,7,179821,152,4,390,180211,9,1,79,Incon
FC,1,1,B,"<?xml version=""1.0""?>\n<Clock xmlns:dt=""urn:schemas-microsoft-com:datatypes""><Description dt:dt=""string"">E-Prime Primary Realtime Clock</Description><StartTime><Timestamp dt:dt=""int"">0</Timestamp><DateUtc dt:dt=""string"">2021-07-01T18:52:35Z</DateUtc></StartTime><FrequencyChanges><FrequencyChange><Frequency dt:dt=""r8"">10000000</Frequency><Timestamp dt:dt=""r8"">5286356992746</Timestamp><Current dt:dt=""r8"">0</Current><DateUtc dt:dt=""string"">2021-07-01T18:52:35Z</DateUtc></FrequencyChange></FrequencyChanges></Clock>\n",N,SL001_FCN6AB,6,1.0.0.262,1,143.907,-745087547,Full,3.0.3.80,3.0.3.80,7/1/21,7/1/21 18:52,13:52:35,3.0.3.82,Keyboard,A,Keyboard,-999999,16,11709,0,1,1,1,1,BlockProc,BlockList,80,123,1,347.275,1,,,1698,0.9625,369.7532468,TrialProc,TrialList,flankerCL.jpg,1,1,Keyboard,2,4,181675,153,1,424,182099,6,1,80,Cong
FC,1,1,B,"<?xml version=""1.0""?>\n<Clock xmlns:dt=""urn:schemas-microsoft-com:datatypes""><Description dt:dt=""string"">E-Prime Primary Realtime Clock</Description><StartTime><Timestamp dt:dt=""int"">0</Timestamp><DateUtc dt:dt=""string"">2021-07-01T18:52:35Z</DateUtc></StartTime><FrequencyChanges><FrequencyChange><Frequency dt:dt=""r8"">10000000</Frequency><Timestamp dt:dt=""r8"">5286356992746</Timestamp><Current dt:dt=""r8"">0</Current><DateUtc dt:dt=""string"">2021-07-01T18:52:35Z</DateUtc></FrequencyChange></FrequencyChanges></Clock>\n",N,SL001_FCN6AB,6,1.0.0.262,1,143.907,-745087547,Full,3.0.3.80,3.0.3.80,7/1/21,7/1/21 18:52,13:52:35,3.0.3.82,Keyboard,A,Keyboard,-999999,16,11709,0,1,1,1,1,BlockProc,BlockList,81,212,,,4,0.926829268,392.9210526,1500,0.962962963,369.5128205,TrialProc,TrialList,flankerIR.jpg,1,4,Keyboard,2,10,183536,153,4,351,183887,8,1,81,Incon
FC,1,1,B,"<?xml version=""1.0""?>\n<Clock xmlns:dt=""urn:schemas-microsoft-com:datatypes""><Description dt:dt=""string"">E-Prime Primary Realtime Clock</Description><StartTime><Timestamp dt:dt=""int"">0</Timestamp><DateUtc dt:dt=""string"">2021-07-01T18:52:35Z</DateUtc></StartTime><FrequencyChanges><FrequencyChange><Frequency dt:dt=""r8"">10000000</Frequency><Timestamp dt:dt=""r8"">5286356992746</Timestamp><Current dt:dt=""r8"">0</Current><DateUtc dt:dt=""string"">2021-07-01T18:52:35Z</DateUtc></FrequencyChange></FrequencyChanges></Clock>\n",N,SL001_FCN6AB,6,1.0.0.262,1,143.907,-745087547,Full,3.0.3.80,3.0.3.80,7/1/21,7/1/21 18:52,13:52:35,3.0.3.82,Keyboard,A,Keyboard,-999999,16,11709,0,1,1,1,1,BlockProc,BlockList,82,121,1,346.5609756,1,,,1302,0.963414634,368.8607595,TrialProc,TrialList,flankerCL.jpg,1,1,Keyboard,3,6,185195,160,1,318,185513,4,1,82,Cong
FC,1,1,B,"<?xml version=""1.0""?>\n<Clock xmlns:dt=""urn:schemas-microsoft-com:datatypes""><Description dt:dt=""string"">E-Prime Primary Realtime Clock</Description><StartTime><Timestamp dt:dt=""int"">0</Timestamp><DateUtc dt:dt=""string"">2021-07-01T18:52:35Z</DateUtc></StartTime><FrequencyChanges><FrequencyChange><Frequency dt:dt=""r8"">10000000</Frequency><Timestamp dt:dt=""r8"">5286356992746</Timestamp><Current dt:dt=""r8"">0</Current><DateUtc dt:dt=""string"">2021-07-01T18:52:35Z</DateUtc></FrequencyChange></FrequencyChanges></Clock>\n",N,SL001_FCN6AB,6,1.0.0.262,1,143.907,-745087547,Full,3.0.3.80,3.0.3.80,7/1/21,7/1/21 18:52,13:52:35,3.0.3.82,Keyboard,A,Keyboard,-999999,16,11709,0,1,1,1,1,BlockProc,BlockList,83,123,1,345.7619048,1,,,1698,0.963855422,368.1625,TrialProc,TrialList,flankerCL.jpg,1,1,Keyboard,2,11,186668,159,1,313,186981,6,1,83,Cong
FC,1,1,B,"<?xml version=""1.0""?>\n<Clock xmlns:dt=""urn:schemas-microsoft-com:datatypes""><Description dt:dt=""string"">E-Prime Primary Realtime Clock</Description><StartTime><Timestamp dt:dt=""int"">0</Timestamp><DateUtc dt:dt=""string"">2021-07-01T18:52:35Z</DateUtc></StartTime><FrequencyChanges><FrequencyChange><Frequency dt:dt=""r8"">10000000</Frequency><Timestamp dt:dt=""r8"">5286356992746</Timestamp><Current dt:dt=""r8"">0</Current><DateUtc dt:dt=""string"">2021-07-01T18:52:35Z</DateUtc></FrequencyChange></FrequencyChanges></Clock>\n",N,SL001_FCN6AB,6,1.0.0.262,1,143.907,-745087547,Full,3.0.3.80,3.0.3.80,7/1/21,7/1/21 18:52,13:52:35,3.0.3.82,Keyboard,A,Keyboard,-999999,16,11709,0,1,1,1,1,BlockProc,BlockList,84,212,,,4,0.928571429,392.2564103,1500,0.964285714,368.1481481,TrialProc,TrialList,flankerIR.jpg,1,4,Keyboard,2,4,188529,159,4,367,188896,8,1,84,Incon
FC,1,1,B,"<?xml version=""1.0""?>\n<Clock xmlns:dt=""urn:schemas-microsoft-com:datatypes""><Description dt:dt=""string"">E-Prime Primary Realtime Clock</Description><StartTime><Timestamp dt:dt=""int"">0</Timestamp><DateUtc dt:dt=""string"">2021-07-01T18:52:35Z</DateUtc></StartTime><FrequencyChanges><FrequencyChange><Frequency dt:dt=""r8"">10000000</Frequency><Timestamp dt:dt=""r8"">5286356992746</Timestamp><Current dt:dt=""r8"">0</Current><DateUtc dt:dt=""string"">2021-07-01T18:52:35Z</DateUtc></FrequencyChange></FrequencyChanges></Clock>\n",N,SL001_FCN6AB,6,1.0.0.262,1,143.907,-745087547,Full,3.0.3.80,3.0.3.80,7/1/21,7/1/21 18:52,13:52:35,3.0.3.82,Keyboard,A,Keyboard,-999999,16,11709,0,1,1,1,1,BlockProc,BlockList,85,212,,,4,0.930232558,390.4,1500,0.964705882,367.5365854,TrialProc,TrialList,flankerIR.jpg,1,4,Keyboard,3,7,190195,160,4,318,190513,8,1,85,Incon
FC,1,1,B,"<?xml version=""1.0""?>\n<Clock xmlns:dt=""urn:schemas-microsoft-com:datatypes""><Description dt:dt=""string"">E-Prime Primary Realtime Clock</Description><StartTime><Timestamp dt:dt=""int"">0</Timestamp><DateUtc dt:dt=""string"">2021-07-01T18:52:35Z</DateUtc></StartTime><FrequencyChanges><FrequencyChange><Frequency dt:dt=""r8"">10000000</Frequency><Timestamp dt:dt=""r8"">5286356992746</Timestamp><Current dt:dt=""r8"">0</Current><DateUtc dt:dt=""string"">2021-07-01T18:52:35Z</DateUtc></FrequencyChange></FrequencyChanges></Clock>\n",N,SL001_FCN6AB,6,1.0.0.262,1,143.907,-745087547,Full,3.0.3.80,3.0.3.80,7/1/21,7/1/21 18:52,13:52:35,3.0.3.82,Keyboard,A,Keyboard,-999999,16,11709,0,1,1,1,1,BlockProc,BlockList,86,211,,,4,0.931818182,391.195122,1302,0.965116279,368.2048193,TrialProc,TrialList,flankerIR.jpg,1,4,Keyboard,2,7,191862,160,4,423,192285,7,1,86,Incon
FC,1,1,B,"<?xml version=""1.0""?>\n<Clock xmlns:dt=""urn:schemas-microsoft-com:datatypes""><Description dt:dt=""string"">E-Prime Primary Realtime Clock</Description><StartTime><Timestamp dt:dt=""int"">0</Timestamp><DateUtc dt:dt=""string"">2021-07-01T18:52:35Z</DateUtc></StartTime><FrequencyChanges><FrequencyChange><Frequency dt:dt=""r8"">10000000</Frequency><Timestamp dt:dt=""r8"">5286356992746</Timestamp><Current dt:dt=""r8"">0</Current><DateUtc dt:dt=""string"">2021-07-01T18:52:35Z</DateUtc></FrequencyChange></FrequencyChanges></Clock>\n",N,SL001_FCN6AB,6,1.0.0.262,1,143.907,-745087547,Full,3.0.3.80,3.0.3.80,7/1/21,7/1/21 18:52,13:52:35,3.0.3.82,Keyboard,A,Keyboard,-999999,16,11709,0,1,1,1,1,BlockProc,BlockList,87,221,,,1,0.933333333,392.452381,1302,0.965517241,369.1071429,TrialProc,TrialList,flankerIL.jpg,1,1,Keyboard,2,10,193334,160,1,444,193778,10,1,87,Incon
FC,1,1,B,"<?xml version=""1.0""?>\n<Clock xmlns:dt=""urn:schemas-microsoft-com:datatypes""><Description dt:dt=""string"">E-Prime Primary Realtime Clock</Description><StartTime><Timestamp dt:dt=""int"">0</Timestamp><DateUtc dt:dt=""string"">2021-07-01T18:52:35Z</DateUtc></StartTime><FrequencyChanges><FrequencyChange><Frequency dt:dt=""r8"">10000000</Frequency><Timestamp dt:dt=""r8"">5286356992746</Timestamp><Current dt:dt=""r8"">0</Current><DateUtc dt:dt=""string"">2021-07-01T18:52:35Z</DateUtc></FrequencyChange></FrequencyChanges></Clock>\n",N,SL001_FCN6AB,6,1.0.0.262,1,143.907,-745087547,Full,3.0.3.80,3.0.3.80,7/1/21,7/1/21 18:52,13:52:35,3.0.3.82,Keyboard,A,Keyboard,-999999,16,11709,0,1,1,1,1,BlockProc,BlockList,88,112,1,345.3953488,4,,,1500,0.965909091,368.6470588,TrialProc,TrialList,flankerCR.jpg,1,4,Keyboard,2,10,194806,160,4,330,195136,2,1,88,Cong
FC,1,1,B,"<?xml version=""1.0""?>\n<Clock xmlns:dt=""urn:schemas-microsoft-com:datatypes""><Description dt:dt=""string"">E-Prime Primary Realtime Clock</Description><StartTime><Timestamp dt:dt=""int"">0</Timestamp><DateUtc dt:dt=""string"">2021-07-01T18:52:35Z</DateUtc></StartTime><FrequencyChanges><FrequencyChange><Frequency dt:dt=""r8"">10000000</Frequency><Timestamp dt:dt=""r8"">5286356992746</Timestamp><Current dt:dt=""r8"">0</Current><DateUtc dt:dt=""string"">2021-07-01T18:52:35Z</DateUtc></FrequencyChange></FrequencyChanges></Clock>\n",N,SL001_FCN6AB,6,1.0.0.262,1,143.907,-745087547,Full,3.0.3.80,3.0.3.80,7/1/21,7/1/21 18:52,13:52:35,3.0.3.82,Keyboard,A,Keyboard,-999999,16,11709,0,1,1,1,1,BlockProc,BlockList,89,211,,,4,0.934782609,391.5813953,1302,0.966292135,368.4883721,TrialProc,TrialList,flankerIR.jpg,1,4,Keyboard,2,7,196473,160,4,355,196828,7,1,89,Incon
FC,1,1,B,"<?xml version=""1.0""?>\n<Clock xmlns:dt=""urn:schemas-microsoft-com:datatypes""><Description dt:dt=""string"">E-Prime Primary Realtime Clock</Description><StartTime><Timestamp dt:dt=""int"">0</Timestamp><DateUtc dt:dt=""string"">2021-07-01T18:52:35Z</DateUtc></StartTime><FrequencyChanges><FrequencyChange><Frequency dt:dt=""r8"">10000000</Frequency><Timestamp dt:dt=""r8"">5286356992746</Timestamp><Current dt:dt=""r8"">0</Current><DateUtc dt:dt=""string"">2021-07-01T18:52:35Z</DateUtc></FrequencyChange></FrequencyChanges></Clock>\n",N,SL001_FCN6AB,6,1.0.0.262,1,143.907,-745087547,Full,3.0.3.80,3.0.3.80,7/1/21,7/1/21 18:52,13:52:35,3.0.3.82,Keyboard,A,Keyboard,-999999,16,11709,0,1,1,1,1,BlockProc,BlockList,90,122,1,345.0454545,1,,,1500,0.966666667,368.045977,TrialProc,TrialList,flankerCL.jpg,1,1,Keyboard,2,10,197945,153,1,330,198275,5,1,90,Cong
FC,1,1,B,"<?xml version=""1.0""?>\n<Clock xmlns:dt=""urn:schemas-microsoft-com:datatypes""><Description dt:dt=""string"">E-Prime Primary Realtime Clock</Description><StartTime><Timestamp dt:dt=""int"">0</Timestamp><DateUtc dt:dt=""string"">2021-07-01T18:52:35Z</DateUtc></StartTime><FrequencyChanges><FrequencyChange><Frequency dt:dt=""r8"">10000000</Frequency><Timestamp dt:dt=""r8"">5286356992746</Timestamp><Current dt:dt=""r8"">0</Current><DateUtc dt:dt=""string"">2021-07-01T18:52:35Z</DateUtc></FrequencyChange></FrequencyChanges></Clock>\n",N,SL001_FCN6AB,6,1.0.0.262,1,143.907,-745087547,Full,3.0.3.80,3.0.3.80,7/1/21,7/1/21 18:52,13:52:35,3.0.3.82,Keyboard,A,Keyboard,-999999,16,11709,0,1,1,1,1,BlockProc,BlockList,91,212,,,4,0.936170213,392.8636364,1500,0.967032967,368.9545455,TrialProc,TrialList,flankerIR.jpg,1,4,Keyboard,2,7,199605,159,4,448,200053,8,1,91,Incon
FC,1,1,B,"<?xml version=""1.0""?>\n<Clock xmlns:dt=""urn:schemas-microsoft-com:datatypes""><Description dt:dt=""string"">E-Prime Primary Realtime Clock</Description><StartTime><Timestamp dt:dt=""int"">0</Timestamp><DateUtc dt:dt=""string"">2021-07-01T18:52:35Z</DateUtc></StartTime><FrequencyChanges><FrequencyChange><Frequency dt:dt=""r8"">10000000</Frequency><Timestamp dt:dt=""r8"">5286356992746</Timestamp><Current dt:dt=""r8"">0</Current><DateUtc dt:dt=""string"">2021-07-01T18:52:35Z</DateUtc></FrequencyChange></FrequencyChanges></Clock>\n",N,SL001_FCN6AB,6,1.0.0.262,1,143.907,-745087547,Full,3.0.3.80,3.0.3.80,7/1/21,7/1/21 18:52,13:52:35,3.0.3.82,Keyboard,A,Keyboard,-999999,16,11709,0,1,1,1,1,BlockProc,BlockList,92,121,1,346.0444444,1,,,1302,0.967391304,369.1910112,TrialProc,TrialList,flankerCL.jpg,1,1,Keyboard,3,7,201271,160,1,390,201661,4,1,92,Cong
FC,1,1,B,"<?xml version=""1.0""?>\n<Clock xmlns:dt=""urn:schemas-microsoft-com:datatypes""><Description dt:dt=""string"">E-Prime Primary Realtime Clock</Description><StartTime><Timestamp dt:dt=""int"">0</Timestamp><DateUtc dt:dt=""string"">2021-07-01T18:52:35Z</DateUtc></StartTime><FrequencyChanges><FrequencyChange><Frequency dt:dt=""r8"">10000000</Frequency><Timestamp dt:dt=""r8"">5286356992746</Timestamp><Current dt:dt=""r8"">0</Current><DateUtc dt:dt=""string"">2021-07-01T18:52:35Z</DateUtc></FrequencyChange></FrequencyChanges></Clock>\n",N,SL001_FCN6AB,6,1.0.0.262,1,143.907,-745087547,Full,3.0.3.80,3.0.3.80,7/1/21,7/1/21 18:52,13:52:35,3.0.3.82,Keyboard,A,Keyboard,-999999,16,11709,0,1,1,1,1,BlockProc,BlockList,93,212,,,4,0.9375,391.8444444,1500,0.967741935,368.9444444,TrialProc,TrialList,flankerIR.jpg,1,4,Keyboard,3,10,202743,153,4,347,203090,8,1,93,Incon
FC,1,1,B,"<?xml version=""1.0""?>\n<Clock xmlns:dt=""urn:schemas-microsoft-com:datatypes""><Description dt:dt=""string"">E-Prime Primary Realtime Clock</Description><StartTime><Timestamp dt:dt=""int"">0</Timestamp><DateUtc dt:dt=""string"">2021-07-01T18:52:35Z</DateUtc></StartTime><FrequencyChanges><FrequencyChange><Frequency dt:dt=""r8"">10000000</Frequency><Timestamp dt:dt=""r8"">5286356992746</Timestamp><Current dt:dt=""r8"">0</Current><DateUtc dt:dt=""string"">2021-07-01T18:52:35Z</DateUtc></FrequencyChange></FrequencyChanges></Clock>\n",N,SL001_FCN6AB,6,1.0.0.262,1,143.907,-745087547,Full,3.0.3.80,3.0.3.80,7/1/21,7/1/21 18:52,13:52:35,3.0.3.82,Keyboard,A,Keyboard,-999999,16,11709,0,1,1,1,1,BlockProc,BlockList,94,122,1,346.8478261,1,,,1500,0.968085106,369.0989011,TrialProc,TrialList,flankerCL.jpg,1,1,Keyboard,2,7,204403,160,1,383,204786,5,1,94,Cong
FC,1,1,B,"<?xml version=""1.0""?>\n<Clock xmlns:dt=""urn:schemas-microsoft-com:datatypes""><Description dt:dt=""string"">E-Prime Primary Realtime Clock</Description><StartTime><Timestamp dt:dt=""int"">0</Timestamp><DateUtc dt:dt=""string"">2021-07-01T18:52:35Z</DateUtc></StartTime><FrequencyChanges><FrequencyChange><Frequency dt:dt=""r8"">10000000</Frequency><Timestamp dt:dt=""r8"">5286356992746</Timestamp><Current dt:dt=""r8"">0</Current><DateUtc dt:dt=""string"">2021-07-01T18:52:35Z</DateUtc></FrequencyChange></FrequencyChanges></Clock>\n",N,SL001_FCN6AB,6,1.0.0.262,1,143.907,-745087547,Full,3.0.3.80,3.0.3.80,7/1/21,7/1/21 18:52,13:52:35,3.0.3.82,Keyboard,A,Keyboard,-999999,16,11709,0,1,1,1,1,BlockProc,BlockList,95,113,1,345.8085106,4,,,1698,0.968421053,368.326087,TrialProc,TrialList,flankerCR.jpg,1,4,Keyboard,2,7,206070,159,4,298,206368,3,1,95,Cong
FC,1,1,B,"<?xml version=""1.0""?>\n<Clock xmlns:dt=""urn:schemas-microsoft-com:datatypes""><Description dt:dt=""string"">E-Prime Primary Realtime Clock</Description><StartTime><Timestamp dt:dt=""int"">0</Timestamp><DateUtc dt:dt=""string"">2021-07-01T18:52:35Z</DateUtc></StartTime><FrequencyChanges><FrequencyChange><Frequency dt:dt=""r8"">10000000</Frequency><Timestamp dt:dt=""r8"">5286356992746</Timestamp><Current dt:dt=""r8"">0</Current><DateUtc dt:dt=""string"">2021-07-01T18:52:35Z</DateUtc></FrequencyChange></FrequencyChanges></Clock>\n",N,SL001_FCN6AB,6,1.0.0.262,1,143.907,-745087547,Full,3.0.3.80,3.0.3.80,7/1/21,7/1/21 18:52,13:52:35,3.0.3.82,Keyboard,A,Keyboard,-999999,16,11709,0,1,1,1,1,BlockProc,BlockList,96,123,1,346.6458333,1,,,1698,0.96875,368.516129,TrialProc,TrialList,flankerCL.jpg,1,1,Keyboard,2,4,207931,153,1,386,208317,6,1,96,Cong