C:\Users\pindus\Desktop\SITLess_Data\EXP2\COG\PRE\FC\SL003\SL003_FCS7BB.edat3,,,,,,,,,,,,,,,,,,,,,,,,,,,,,,,,,,,,,,,,,,,,,,,,,,,,,,,,,,
ExperimentName,Subject,Session,BlockID,Clock.Information,CogSeq,DataFile.Basename,Day,ExperimentVersion,Group,Participant.RefreshRate,RandomSeed,RuntimeCapabilities,RuntimeVersion,RuntimeVersionExpected,SessionDate,SessionStartDateTimeUtc,SessionTime,StudioVersion,ThankYou.DEVICE,Timing,Welcome.DEVICE,Welcome.DurationError,Welcome.OnsetDelay,Welcome.OnsetTime,Welcome.OnsetToOnsetTime,Block,BlockList,BlockList.Cycle,BlockList.Sample,Procedure[Block],Running[Block],Trial,Condition,CongAcc,CongRT,CorrectAnswer,InconAcc,InconRT,ITI,OverallACC,OverallRT,Procedure[Trial],Running[Trial],Stimulus,Stimulus.ACC,Stimulus.CRESP,Stimulus.DEVICE,Stimulus.DurationError,Stimulus.OnsetDelay,Stimulus.OnsetTime,Stimulus.OnsetToOnsetTime,Stimulus.RESP,Stimulus.RT,Stimulus.RTTime,TrialList,TrialList.Cycle,TrialList.Sample,TrialType
FC,3,1,B,"<?xml version=""1.0""?>\n<Clock xmlns:dt=""urn:schemas-microsoft-com:datatypes""><Description dt:dt=""string"">E-Prime Primary Realtime Clock</Description><StartTime><Timestamp dt:dt=""int"">0</Timestamp><DateUtc dt:dt=""string"">2021-08-28T13:20:40Z</DateUtc></StartTime><FrequencyChanges><FrequencyChange><Frequency dt:dt=""r8"">10000000</Frequency><Timestamp dt:dt=""r8"">18770777100711</Timestamp><Current dt:dt=""r8"">0</Current><DateUtc dt:dt=""string"">2021-08-28T13:20:40Z</DateUtc></FrequencyChange></FrequencyChanges></Clock>\n",S,SL003_FCS7BB,7,1.0.0.262,1,143.911,1772693215,Full,3.0.3.80,3.0.3.80,8/28/21,8/28/21 13:20,8:20:40,3.0.3.82,Keyboard,B,Keyboard,-999999,15,22838,0,1,1,1,1,BlockProc,BlockList,1,123,1,486,1,,,1698,1,486,TrialProc,TrialList,flankerCL.jpg,1,1,Keyboard,2,32,48761,159,1,486,49247,6,1,1,Cong
FC,3,1,B,"<?xml version=""1.0""?>\n<Clock xmlns:dt=""urn:schemas-microsoft-com:datatypes""><Description dt:dt=""string"">E-Prime Primary Realtime Clock</Description><StartTime><Timestamp dt:dt=""int"">0</Timestamp><DateUtc dt:dt=""string"">2021-08-28T13:20:40Z</DateUtc></StartTime><FrequencyChanges><FrequencyChange><Frequency dt:dt=""r8"">10000000</Frequency><Timestamp dt:dt=""r8"">18770777100711</Timestamp><Current dt:dt=""r8"">0</Current><DateUtc dt:dt=""string"">2021-08-28T13:20:40Z</DateUtc></FrequencyChange></FrequencyChanges></Clock>\n",S,SL003_FCS7BB,7,1.0.0.262,1,143.911,1772693215,Full,3.0.3.80,3.0.3.80,8/28/21,8/28/21 13:20,8:20:40,3.0.3.82,Keyboard,B,Keyboard,-999999,15,22838,0,1,1,1,1,BlockProc,BlockList,2,211,,,4,1,402,1302,1,444,TrialProc,TrialList,flankerIR.jpg,1,4,Keyboard,2,11,50629,153,4,402,51031,7,1,2,Incon
FC,3,1,B,"<?xml version=""1.0""?>\n<Clock xmlns:dt=""urn:schemas-microsoft-com:datatypes""><Description dt:dt=""string"">E-Prime Primary Realtime Clock</Description><StartTime><Timestamp dt:dt=""int"">0</Timestamp><DateUtc dt:dt=""string"">2021-08-28T13:20:40Z</DateUtc></StartTime><FrequencyChanges><FrequencyChange><Frequency dt:dt=""r8"">10000000</Frequency><Timestamp dt:dt=""r8"">18770777100711</Timestamp><Current dt:dt=""r8"">0</Current><DateUtc dt:dt=""string"">2021-08-28T13:20:40Z</DateUtc></FrequencyChange></FrequencyChanges></Clock>\n",S,SL003_FCS7BB,7,1.0.0.262,1,143.911,1772693215,Full,3.0.3.80,3.0.3.80,8/28/21,8/28/21 13:20,8:20:40,3.0.3.82,Keyboard,B,Keyboard,-999999,15,22838,0,1,1,1,1,BlockProc,BlockList,3,221,,,1,1,407,1302,1,433.3333333,TrialProc,TrialList,flankerIL.jpg,1,1,Keyboard,2,10,52094,160,1,412,52506,10,1,3,Incon
FC,3,1,B,"<?xml version=""1.0""?>\n<Clock xmlns:dt=""urn:schemas-microsoft-com:datatypes""><Description dt:dt=""string"">E-Prime Primary Realtime Clock</Description><StartTime><Timestamp dt:dt=""int"">0</Timestamp><DateUtc dt:dt=""string"">2021-08-28T13:20:40Z</DateUtc></StartTime><FrequencyChanges><FrequencyChange><Frequency dt:dt=""r8"">10000000</Frequency><Timestamp dt:dt=""r8"">18770777100711</Timestamp><Current dt:dt=""r8"">0</Current><DateUtc dt:dt=""string"">2021-08-28T13:20:40Z</DateUtc></FrequencyChange></FrequencyChanges></Clock>\n",S,SL003_FCS7BB,7,1.0.0.262,1,143.911,1772693215,Full,3.0.3.80,3.0.3.80,8/28/21,8/28/21 13:20,8:20:40,3.0.3.82,Keyboard,B,Keyboard,-999999,15,22838,0,1,1,1,1,BlockProc,BlockList,4,112,1,378,4,,,1500,1,392.5,TrialProc,TrialList,flankerCR.jpg,1,4,Keyboard,3,10,53566,160,4,270,53836,2,1,4,Cong
FC,3,1,B,"<?xml version=""1.0""?>\n<Clock xmlns:dt=""urn:schemas-microsoft-com:datatypes""><Description dt:dt=""string"">E-Prime Primary Realtime Clock</Description><StartTime><Timestamp dt:dt=""int"">0</Timestamp><DateUtc dt:dt=""string"">2021-08-28T13:20:40Z</DateUtc></StartTime><FrequencyChanges><FrequencyChange><Frequency dt:dt=""r8"">10000000</Frequency><Timestamp dt:dt=""r8"">18770777100711</Timestamp><Current dt:dt=""r8"">0</Current><DateUtc dt:dt=""string"">2021-08-28T13:20:40Z</DateUtc></FrequencyChange></FrequencyChanges></Clock>\n",S,SL003_FCS7BB,7,1.0.0.262,1,143.911,1772693215,Full,3.0.3.80,3.0.3.80,8/28/21,8/28/21 13:20,8:20:40,3.0.3.82,Keyboard,B,Keyboard,-999999,15,22838,0,1,1,1,1,BlockProc,BlockList,5,122,1,346.3333333,1,,,1500,1,370.6,TrialProc,TrialList,flankerCL.jpg,1,1,Keyboard,2,7,55233,159,1,283,55516,5,1,5,Cong
FC,3,1,B,"<?xml version=""1.0""?>\n<Clock xmlns:dt=""urn:schemas-microsoft-com:datatypes""><Description dt:dt=""string"">E-Prime Primary Realtime Clock</Description><StartTime><Timestamp dt:dt=""int"">0</Timestamp><DateUtc dt:dt=""string"">2021-08-28T13:20:40Z</DateUtc></StartTime><FrequencyChanges><FrequencyChange><Frequency dt:dt=""r8"">10000000</Frequency><Timestamp dt:dt=""r8"">18770777100711</Timestamp><Current dt:dt=""r8"">0</Current><DateUtc dt:dt=""string"">2021-08-28T13:20:40Z</DateUtc></FrequencyChange></FrequencyChanges></Clock>\n",S,SL003_FCS7BB,7,1.0.0.262,1,143.911,1772693215,Full,3.0.3.80,3.0.3.80,8/28/21,8/28/21 13:20,8:20:40,3.0.3.82,Keyboard,B,Keyboard,-999999,15,22838,0,1,1,1,1,BlockProc,BlockList,6,111,1,327.25,4,,,1302,1,353.8333333,TrialProc,TrialList,flankerCR.jpg,1,4,Keyboard,3,7,56899,160,4,270,57169,1,1,6,Cong
FC,3,1,B,"<?xml version=""1.0""?>\n<Clock xmlns:dt=""urn:schemas-microsoft-com:datatypes""><Description dt:dt=""string"">E-Prime Primary Realtime Clock</Description><StartTime><Timestamp dt:dt=""int"">0</Timestamp><DateUtc dt:dt=""string"">2021-08-28T13:20:40Z</DateUtc></StartTime><FrequencyChanges><FrequencyChange><Frequency dt:dt=""r8"">10000000</Frequency><Timestamp dt:dt=""r8"">18770777100711</Timestamp><Current dt:dt=""r8"">0</Current><DateUtc dt:dt=""string"">2021-08-28T13:20:40Z</DateUtc></FrequencyChange></FrequencyChanges></Clock>\n",S,SL003_FCS7BB,7,1.0.0.262,1,143.911,1772693215,Full,3.0.3.80,3.0.3.80,8/28/21,8/28/21 13:20,8:20:40,3.0.3.82,Keyboard,B,Keyboard,-999999,15,22838,0,1,1,1,1,BlockProc,BlockList,7,211,,,4,1,420.3333333,1302,1,367.1428571,TrialProc,TrialList,flankerIR.jpg,1,4,Keyboard,2,11,58372,159,4,447,58819,7,1,7,Incon
FC,3,1,B,"<?xml version=""1.0""?>\n<Clock xmlns:dt=""urn:schemas-microsoft-com:datatypes""><Description dt:dt=""string"">E-Prime Primary Realtime Clock</Description><StartTime><Timestamp dt:dt=""int"">0</Timestamp><DateUtc dt:dt=""string"">2021-08-28T13:20:40Z</DateUtc></StartTime><FrequencyChanges><FrequencyChange><Frequency dt:dt=""r8"">10000000</Frequency><Timestamp dt:dt=""r8"">18770777100711</Timestamp><Current dt:dt=""r8"">0</Current><DateUtc dt:dt=""string"">2021-08-28T13:20:40Z</DateUtc></FrequencyChange></FrequencyChanges></Clock>\n",S,SL003_FCS7BB,7,1.0.0.262,1,143.911,1772693215,Full,3.0.3.80,3.0.3.80,8/28/21,8/28/21 13:20,8:20:40,3.0.3.82,Keyboard,B,Keyboard,-999999,15,22838,0,1,1,1,1,BlockProc,BlockList,8,213,,,4,1,438.25,1698,1,382.75,TrialProc,TrialList,flankerIR.jpg,1,4,Keyboard,2,11,59844,159,4,492,60336,9,1,8,Incon
FC,3,1,B,"<?xml version=""1.0""?>\n<Clock xmlns:dt=""urn:schemas-microsoft-com:datatypes""><Description dt:dt=""string"">E-Prime Primary Realtime Clock</Description><StartTime><Timestamp dt:dt=""int"">0</Timestamp><DateUtc dt:dt=""string"">2021-08-28T13:20:40Z</DateUtc></StartTime><FrequencyChanges><FrequencyChange><Frequency dt:dt=""r8"">10000000</Frequency><Timestamp dt:dt=""r8"">18770777100711</Timestamp><Current dt:dt=""r8"">0</Current><DateUtc dt:dt=""string"">2021-08-28T13:20:40Z</DateUtc></FrequencyChange></FrequencyChanges></Clock>\n",S,SL003_FCS7BB,7,1.0.0.262,1,143.911,1772693215,Full,3.0.3.80,3.0.3.80,8/28/21,8/28/21 13:20,8:20:40,3.0.3.82,Keyboard,B,Keyboard,-999999,15,22838,0,1,1,1,1,BlockProc,BlockList,9,211,,,4,1,428.6,1302,1,383.5555556,TrialProc,TrialList,flankerIR.jpg,1,4,Keyboard,2,11,61712,159,4,390,62102,7,1,9,Incon
FC,3,1,B,"<?xml version=""1.0""?>\n<Clock xmlns:dt=""urn:schemas-microsoft-com:datatypes""><Description dt:dt=""string"">E-Prime Primary Realtime Clock</Description><StartTime><Timestamp dt:dt=""int"">0</Timestamp><DateUtc dt:dt=""string"">2021-08-28T13:20:40Z</DateUtc></StartTime><FrequencyChanges><FrequencyChange><Frequency dt:dt=""r8"">10000000</Frequency><Timestamp dt:dt=""r8"">18770777100711</Timestamp><Current dt:dt=""r8"">0</Current><DateUtc dt:dt=""string"">2021-08-28T13:20:40Z</DateUtc></FrequencyChange></FrequencyChanges></Clock>\n",S,SL003_FCS7BB,7,1.0.0.262,1,143.911,1772693215,Full,3.0.3.80,3.0.3.80,8/28/21,8/28/21 13:20,8:20:40,3.0.3.82,Keyboard,B,Keyboard,-999999,15,22838,0,1,1,1,1,BlockProc,BlockList,10,121,1,347.4,1,,,1302,1,388,TrialProc,TrialList,flankerCL.jpg,1,1,Keyboard,2,11,63184,153,1,428,63612,4,1,10,Cong
FC,3,1,B,"<?xml version=""1.0""?>\n<Clock xmlns:dt=""urn:schemas-microsoft-com:datatypes""><Description dt:dt=""string"">E-Prime Primary Realtime Clock</Description><StartTime><Timestamp dt:dt=""int"">0</Timestamp><DateUtc dt:dt=""string"">2021-08-28T13:20:40Z</DateUtc></StartTime><FrequencyChanges><FrequencyChange><Frequency dt:dt=""r8"">10000000</Frequency><Timestamp dt:dt=""r8"">18770777100711</Timestamp><Current dt:dt=""r8"">0</Current><DateUtc dt:dt=""string"">2021-08-28T13:20:40Z</DateUtc></FrequencyChange></FrequencyChanges></Clock>\n",S,SL003_FCS7BB,7,1.0.0.262,1,143.911,1772693215,Full,3.0.3.80,3.0.3.80,8/28/21,8/28/21 13:20,8:20:40,3.0.3.82,Keyboard,B,Keyboard,-999999,15,22838,0,1,1,1,1,BlockProc,BlockList,11,113,1,344.5,4,,,1698,1,382.7272727,TrialProc,TrialList,flankerCR.jpg,1,4,Keyboard,2,10,64649,160,4,330,64979,3,1,11,Cong
FC,3,1,B,"<?xml version=""1.0""?>\n<Clock xmlns:dt=""urn:schemas-microsoft-com:datatypes""><Description dt:dt=""string"">E-Prime Primary Realtime Clock</Description><StartTime><Timestamp dt:dt=""int"">0</Timestamp><DateUtc dt:dt=""string"">2021-08-28T13:20:40Z</DateUtc></StartTime><FrequencyChanges><FrequencyChange><Frequency dt:dt=""r8"">10000000</Frequency><Timestamp dt:dt=""r8"">18770777100711</Timestamp><Current dt:dt=""r8"">0</Current><DateUtc dt:dt=""string"">2021-08-28T13:20:40Z</DateUtc></FrequencyChange></FrequencyChanges></Clock>\n",S,SL003_FCS7BB,7,1.0.0.262,1,143.911,1772693215,Full,3.0.3.80,3.0.3.80,8/28/21,8/28/21 13:20,8:20:40,3.0.3.82,Keyboard,B,Keyboard,-999999,15,22838,0,1,1,1,1,BlockProc,BlockList,12,123,1,335.1428571,1,,,1698,1,374.0833333,TrialProc,TrialList,flankerCL.jpg,1,1,Keyboard,2,10,66517,160,1,279,66796,6,1,12,Cong
FC,3,1,B,"<?xml version=""1.0""?>\n<Clock xmlns:dt=""urn:schemas-microsoft-com:datatypes""><Description dt:dt=""string"">E-Prime Primary Realtime Clock</Description><StartTime><Timestamp dt:dt=""int"">0</Timestamp><DateUtc dt:dt=""string"">2021-08-28T13:20:40Z</DateUtc></StartTime><FrequencyChanges><FrequencyChange><Frequency dt:dt=""r8"">10000000</Frequency><Timestamp dt:dt=""r8"">18770777100711</Timestamp><Current dt:dt=""r8"">0</Current><DateUtc dt:dt=""string"">2021-08-28T13:20:40Z</DateUtc></FrequencyChange></FrequencyChanges></Clock>\n",S,SL003_FCS7BB,7,1.0.0.262,1,143.911,1772693215,Full,3.0.3.80,3.0.3.80,8/28/21,8/28/21 13:20,8:20:40,3.0.3.82,Keyboard,B,Keyboard,-999999,15,22838,0,1,1,1,1,BlockProc,BlockList,13,221,,,1,1,416.5,1302,1,372.6923077,TrialProc,TrialList,flankerIL.jpg,1,1,Keyboard,2,10,68385,160,1,356,68741,10,1,13,Incon
FC,3,1,B,"<?xml version=""1.0""?>\n<Clock xmlns:dt=""urn:schemas-microsoft-com:datatypes""><Description dt:dt=""string"">E-Prime Primary Realtime Clock</Description><StartTime><Timestamp dt:dt=""int"">0</Timestamp><DateUtc dt:dt=""string"">2021-08-28T13:20:40Z</DateUtc></StartTime><FrequencyChanges><FrequencyChange><Frequency dt:dt=""r8"">10000000</Frequency><Timestamp dt:dt=""r8"">18770777100711</Timestamp><Current dt:dt=""r8"">0</Current><DateUtc dt:dt=""string"">2021-08-28T13:20:40Z</DateUtc></FrequencyChange></FrequencyChanges></Clock>\n",S,SL003_FCS7BB,7,1.0.0.262,1,143.911,1772693215,Full,3.0.3.80,3.0.3.80,8/28/21,8/28/21 13:20,8:20:40,3.0.3.82,Keyboard,B,Keyboard,-999999,15,22838,0,1,1,1,1,BlockProc,BlockList,14,113,1,342.875,4,,,1698,1,374.4285714,TrialProc,TrialList,flankerCR.jpg,1,4,Keyboard,2,10,69857,160,4,397,70254,3,1,14,Cong
FC,3,1,B,"<?xml version=""1.0""?>\n<Clock xmlns:dt=""urn:schemas-microsoft-com:datatypes""><Description dt:dt=""string"">E-Prime Primary Realtime Clock</Description><StartTime><Timestamp dt:dt=""int"">0</Timestamp><DateUtc dt:dt=""string"">2021-08-28T13:20:40Z</DateUtc></StartTime><FrequencyChanges><FrequencyChange><Frequency dt:dt=""r8"">10000000</Frequency><Timestamp dt:dt=""r8"">18770777100711</Timestamp><Current dt:dt=""r8"">0</Current><DateUtc dt:dt=""string"">2021-08-28T13:20:40Z</DateUtc></FrequencyChange></FrequencyChanges></Clock>\n",S,SL003_FCS7BB,7,1.0.0.262,1,143.911,1772693215,Full,3.0.3.80,3.0.3.80,8/28/21,8/28/21 13:20,8:20:40,3.0.3.82,Keyboard,B,Keyboard,-999999,15,22838,0,1,1,1,1,BlockProc,BlockList,15,112,1,347.3333333,4,,,1500,1,375,TrialProc,TrialList,flankerCR.jpg,1,4,Keyboard,3,10,71725,160,4,383,72108,2,1,15,Cong
FC,3,1,B,"<?xml version=""1.0""?>\n<Clock xmlns:dt=""urn:schemas-microsoft-com:datatypes""><Description dt:dt=""string"">E-Prime Primary Realtime Clock</Description><StartTime><Timestamp dt:dt=""int"">0</Timestamp><DateUtc dt:dt=""string"">2021-08-28T13:20:40Z</DateUtc></StartTime><FrequencyChanges><FrequencyChange><Frequency dt:dt=""r8"">10000000</Frequency><Timestamp dt:dt=""r8"">18770777100711</Timestamp><Current dt:dt=""r8"">0</Current><DateUtc dt:dt=""string"">2021-08-28T13:20:40Z</DateUtc></FrequencyChange></FrequencyChanges></Clock>\n",S,SL003_FCS7BB,7,1.0.0.262,1,143.911,1772693215,Full,3.0.3.80,3.0.3.80,8/28/21,8/28/21 13:20,8:20:40,3.0.3.82,Keyboard,B,Keyboard,-999999,15,22838,0,1,1,1,1,BlockProc,BlockList,16,123,1,349.4,1,,,1698,1,374.5625,TrialProc,TrialList,flankerCL.jpg,1,1,Keyboard,2,7,73392,160,1,368,73760,6,1,16,Cong
FC,3,1,B,"<?xml version=""1.0""?>\n<Clock xmlns:dt=""urn:schemas-microsoft-com:datatypes""><Description dt:dt=""string"">E-Prime Primary Realtime Clock</Description><StartTime><Timestamp dt:dt=""int"">0</Timestamp><DateUtc dt:dt=""string"">2021-08-28T13:20:40Z</DateUtc></StartTime><FrequencyChanges><FrequencyChange><Frequency dt:dt=""r8"">10000000</Frequency><Timestamp dt:dt=""r8"">18770777100711</Timestamp><Current dt:dt=""r8"">0</Current><DateUtc dt:dt=""string"">2021-08-28T13:20:40Z</DateUtc></FrequencyChange></FrequencyChanges></Clock>\n",S,SL003_FCS7BB,7,1.0.0.262,1,143.911,1772693215,Full,3.0.3.80,3.0.3.80,8/28/21,8/28/21 13:20,8:20:40,3.0.3.82,Keyboard,B,Keyboard,-999999,15,22838,0,1,1,1,1,BlockProc,BlockList,17,122,1,346.5454545,1,,,1500,1,371.2352941,TrialProc,TrialList,flankerCL.jpg,1,1,Keyboard,2,10,75260,160,1,318,75578,5,1,17,Cong
FC,3,1,B,"<?xml version=""1.0""?>\n<Clock xmlns:dt=""urn:schemas-microsoft-com:datatypes""><Description dt:dt=""string"">E-Prime Primary Realtime Clock</Description><StartTime><Timestamp dt:dt=""int"">0</Timestamp><DateUtc dt:dt=""string"">2021-08-28T13:20:40Z</DateUtc></StartTime><FrequencyChanges><FrequencyChange><Frequency dt:dt=""r8"">10000000</Frequency><Timestamp dt:dt=""r8"">18770777100711</Timestamp><Current dt:dt=""r8"">0</Current><DateUtc dt:dt=""string"">2021-08-28T13:20:40Z</DateUtc></FrequencyChange></FrequencyChanges></Clock>\n",S,SL003_FCS7BB,7,1.0.0.262,1,143.911,1772693215,Full,3.0.3.80,3.0.3.80,8/28/21,8/28/21 13:20,8:20:40,3.0.3.82,Keyboard,B,Keyboard,-999999,15,22838,0,1,1,1,1,BlockProc,BlockList,18,111,1,348.1666667,4,,,1302,1,370.9444444,TrialProc,TrialList,flankerCR.jpg,1,4,Keyboard,2,7,76927,159,4,366,77293,1,1,18,Cong
FC,3,1,B,"<?xml version=""1.0""?>\n<Clock xmlns:dt=""urn:schemas-microsoft-com:datatypes""><Description dt:dt=""string"">E-Prime Primary Realtime Clock</Description><StartTime><Timestamp dt:dt=""int"">0</Timestamp><DateUtc dt:dt=""string"">2021-08-28T13:20:40Z</DateUtc></StartTime><FrequencyChanges><FrequencyChange><Frequency dt:dt=""r8"">10000000</Frequency><Timestamp dt:dt=""r8"">18770777100711</Timestamp><Current dt:dt=""r8"">0</Current><DateUtc dt:dt=""string"">2021-08-28T13:20:40Z</DateUtc></FrequencyChange></FrequencyChanges></Clock>\n",S,SL003_FCS7BB,7,1.0.0.262,1,143.911,1772693215,Full,3.0.3.80,3.0.3.80,8/28/21,8/28/21 13:20,8:20:40,3.0.3.82,Keyboard,B,Keyboard,-999999,15,22838,0,1,1,1,1,BlockProc,BlockList,19,212,,,4,1,415.1428571,1500,1,372.8421053,TrialProc,TrialList,flankerIR.jpg,1,4,Keyboard,2,11,78399,159,4,407,78806,8,1,19,Incon
FC,3,1,B,"<?xml version=""1.0""?>\n<Clock xmlns:dt=""urn:schemas-microsoft-com:datatypes""><Description dt:dt=""string"">E-Prime Primary Realtime Clock</Description><StartTime><Timestamp dt:dt=""int"">0</Timestamp><DateUtc dt:dt=""string"">2021-08-28T13:20:40Z</DateUtc></StartTime><FrequencyChanges><FrequencyChange><Frequency dt:dt=""r8"">10000000</Frequency><Timestamp dt:dt=""r8"">18770777100711</Timestamp><Current dt:dt=""r8"">0</Current><DateUtc dt:dt=""string"">2021-08-28T13:20:40Z</DateUtc></FrequencyChange></FrequencyChanges></Clock>\n",S,SL003_FCS7BB,7,1.0.0.262,1,143.911,1772693215,Full,3.0.3.80,3.0.3.80,8/28/21,8/28/21 13:20,8:20:40,3.0.3.82,Keyboard,B,Keyboard,-999999,15,22838,0,1,1,1,1,BlockProc,BlockList,20,222,,,1,0.875,,1500,0.95,,TrialProc,TrialList,flankerIL.jpg,0,1,Keyboard,3,7,80065,160,4,323,80388,11,1,20,Incon
FC,3,1,B,"<?xml version=""1.0""?>\n<Clock xmlns:dt=""urn:schemas-microsoft-com:datatypes""><Description dt:dt=""string"">E-Prime Primary Realtime Clock</Description><StartTime><Timestamp dt:dt=""int"">0</Timestamp><DateUtc dt:dt=""string"">2021-08-28T13:20:40Z</DateUtc></StartTime><FrequencyChanges><FrequencyChange><Frequency dt:dt=""r8"">10000000</Frequency><Timestamp dt:dt=""r8"">18770777100711</Timestamp><Current dt:dt=""r8"">0</Current><DateUtc dt:dt=""string"">2021-08-28T13:20:40Z</DateUtc></FrequencyChange></FrequencyChanges></Clock>\n",S,SL003_FCS7BB,7,1.0.0.262,1,143.911,1772693215,Full,3.0.3.80,3.0.3.80,8/28/21,8/28/21 13:20,8:20:40,3.0.3.82,Keyboard,B,Keyboard,-999999,15,22838,0,1,1,1,1,BlockProc,BlockList,21,222,,,1,0.888888889,445.875,1500,0.952380952,387.25,TrialProc,TrialList,flankerIL.jpg,1,1,Keyboard,2,7,81732,160,1,661,82393,11,1,21,Incon
FC,3,1,B,"<?xml version=""1.0""?>\n<Clock xmlns:dt=""urn:schemas-microsoft-com:datatypes""><Description dt:dt=""string"">E-Prime Primary Realtime Clock</Description><StartTime><Timestamp dt:dt=""int"">0</Timestamp><DateUtc dt:dt=""string"">2021-08-28T13:20:40Z</DateUtc></StartTime><FrequencyChanges><FrequencyChange><Frequency dt:dt=""r8"">10000000</Frequency><Timestamp dt:dt=""r8"">18770777100711</Timestamp><Current dt:dt=""r8"">0</Current><DateUtc dt:dt=""string"">2021-08-28T13:20:40Z</DateUtc></FrequencyChange></FrequencyChanges></Clock>\n",S,SL003_FCS7BB,7,1.0.0.262,1,143.911,1772693215,Full,3.0.3.80,3.0.3.80,8/28/21,8/28/21 13:20,8:20:40,3.0.3.82,Keyboard,B,Keyboard,-999999,15,22838,0,1,1,1,1,BlockProc,BlockList,22,211,,,4,0.9,457,1302,0.954545455,394.8095238,TrialProc,TrialList,flankerIR.jpg,1,4,Keyboard,2,7,83399,159,4,546,83945,7,1,22,Incon
FC,3,1,B,"<?xml version=""1.0""?>\n<Clock xmlns:dt=""urn:schemas-microsoft-com:datatypes""><Description dt:dt=""string"">E-Prime Primary Realtime Clock</Description><StartTime><Timestamp dt:dt=""int"">0</Timestamp><DateUtc dt:dt=""string"">2021-08-28T13:20:40Z</DateUtc></StartTime><FrequencyChanges><FrequencyChange><Frequency dt:dt=""r8"">10000000</Frequency><Timestamp dt:dt=""r8"">18770777100711</Timestamp><Current dt:dt=""r8"">0</Current><DateUtc dt:dt=""string"">2021-08-28T13:20:40Z</DateUtc></FrequencyChange></FrequencyChanges></Clock>\n",S,SL003_FCS7BB,7,1.0.0.262,1,143.911,1772693215,Full,3.0.3.80,3.0.3.80,8/28/21,8/28/21 13:20,8:20:40,3.0.3.82,Keyboard,B,Keyboard,-999999,15,22838,0,1,1,1,1,BlockProc,BlockList,23,211,,,4,0.909090909,460,1302,0.956521739,399,TrialProc,TrialList,flankerIR.jpg,1,4,Keyboard,2,11,84871,159,4,487,85358,7,1,23,Incon
FC,3,1,B,"<?xml version=""1.0""?>\n<Clock xmlns:dt=""urn:schemas-microsoft-com:datatypes""><Description dt:dt=""string"">E-Prime Primary Realtime Clock</Description><StartTime><Timestamp dt:dt=""int"">0</Timestamp><DateUtc dt:dt=""string"">2021-08-28T13:20:40Z</DateUtc></StartTime><FrequencyChanges><FrequencyChange><Frequency dt:dt=""r8"">10000000</Frequency><Timestamp dt:dt=""r8"">18770777100711</Timestamp><Current dt:dt=""r8"">0</Current><DateUtc dt:dt=""string"">2021-08-28T13:20:40Z</DateUtc></FrequencyChange></FrequencyChanges></Clock>\n",S,SL003_FCS7BB,7,1.0.0.262,1,143.911,1772693215,Full,3.0.3.80,3.0.3.80,8/28/21,8/28/21 13:20,8:20:40,3.0.3.82,Keyboard,B,Keyboard,-999999,15,22838,0,1,1,1,1,BlockProc,BlockList,24,221,,,1,0.916666667,466.3636364,1302,0.958333333,404.6956522,TrialProc,TrialList,flankerIL.jpg,1,1,Keyboard,2,11,86343,160,1,530,86873,10,1,24,Incon
FC,3,1,B,"<?xml version=""1.0""?>\n<Clock xmlns:dt=""urn:schemas-microsoft-com:datatypes""><Description dt:dt=""string"">E-Prime Primary Realtime Clock</Description><StartTime><Timestamp dt:dt=""int"">0</Timestamp><DateUtc dt:dt=""string"">2021-08-28T13:20:40Z</DateUtc></StartTime><FrequencyChanges><FrequencyChange><Frequency dt:dt=""r8"">10000000</Frequency><Timestamp dt:dt=""r8"">18770777100711</Timestamp><Current dt:dt=""r8"">0</Current><DateUtc dt:dt=""string"">2021-08-28T13:20:40Z</DateUtc></FrequencyChange></FrequencyChanges></Clock>\n",S,SL003_FCS7BB,7,1.0.0.262,1,143.911,1772693215,Full,3.0.3.80,3.0.3.80,8/28/21,8/28/21 13:20,8:20:40,3.0.3.82,Keyboard,B,Keyboard,-999999,15,22838,0,1,1,1,1,BlockProc,BlockList,25,221,,,1,0.923076923,465.75,1302,0.96,406.9583333,TrialProc,TrialList,flankerIL.jpg,1,1,Keyboard,2,10,87815,160,1,459,88274,10,1,25,Incon
FC,3,1,B,"<?xml version=""1.0""?>\n<Clock xmlns:dt=""urn:schemas-microsoft-com:datatypes""><Description dt:dt=""string"">E-Prime Primary Realtime Clock</Description><StartTime><Timestamp dt:dt=""int"">0</Timestamp><DateUtc dt:dt=""string"">2021-08-28T13:20:40Z</DateUtc></StartTime><FrequencyChanges><FrequencyChange><Frequency dt:dt=""r8"">10000000</Frequency><Timestamp dt:dt=""r8"">18770777100711</Timestamp><Current dt:dt=""r8"">0</Current><DateUtc dt:dt=""string"">2021-08-28T13:20:40Z</DateUtc></FrequencyChange></FrequencyChanges></Clock>\n",S,SL003_FCS7BB,7,1.0.0.262,1,143.911,1772693215,Full,3.0.3.80,3.0.3.80,8/28/21,8/28/21 13:20,8:20:40,3.0.3.82,Keyboard,B,Keyboard,-999999,15,22838,0,1,1,1,1,BlockProc,BlockList,26,212,,,4,0.928571429,466.9230769,1500,0.961538462,409.92,TrialProc,TrialList,flankerIR.jpg,1,4,Keyboard,2,10,89287,160,4,481,89768,8,1,26,Incon
FC,3,1,B,"<?xml version=""1.0""?>\n<Clock xmlns:dt=""urn:schemas-microsoft-com:datatypes""><Description dt:dt=""string"">E-Prime Primary Realtime Clock</Description><StartTime><Timestamp dt:dt=""int"">0</Timestamp><DateUtc dt:dt=""string"">2021-08-28T13:20:40Z</DateUtc></StartTime><FrequencyChanges><FrequencyChange><Frequency dt:dt=""r8"">10000000</Frequency><Timestamp dt:dt=""r8"">18770777100711</Timestamp><Current dt:dt=""r8"">0</Current><DateUtc dt:dt=""string"">2021-08-28T13:20:40Z</DateUtc></FrequencyChange></FrequencyChanges></Clock>\n",S,SL003_FCS7BB,7,1.0.0.262,1,143.911,1772693215,Full,3.0.3.80,3.0.3.80,8/28/21,8/28/21 13:20,8:20:40,3.0.3.82,Keyboard,B,Keyboard,-999999,15,22838,0,1,1,1,1,BlockProc,BlockList,27,122,1,358.3846154,1,,,1500,0.962962963,412.6538462,TrialProc,TrialList,flankerCL.jpg,1,1,Keyboard,2,7,90954,160,1,481,91435,5,1,27,Cong
FC,3,1,B,"<?xml version=""1.0""?>\n<Clock xmlns:dt=""urn:schemas-microsoft-com:datatypes""><Description dt:dt=""string"">E-Prime Primary Realtime Clock</Description><StartTime><Timestamp dt:dt=""int"">0</Timestamp><DateUtc dt:dt=""string"">2021-08-28T13:20:40Z</DateUtc></StartTime><FrequencyChanges><FrequencyChange><Frequency dt:dt=""r8"">10000000</Frequency><Timestamp dt:dt=""r8"">18770777100711</Timestamp><Current dt:dt=""r8"">0</Current><DateUtc dt:dt=""string"">2021-08-28T13:20:40Z</DateUtc></FrequencyChange></FrequencyChanges></Clock>\n",S,SL003_FCS7BB,7,1.0.0.262,1,143.911,1772693215,Full,3.0.3.80,3.0.3.80,8/28/21,8/28/21 13:20,8:20:40,3.0.3.82,Keyboard,B,Keyboard,-999999,15,22838,0,1,1,1,1,BlockProc,BlockList,28,212,,,4,0.933333333,467.7857143,1500,0.964285714,415.1111111,TrialProc,TrialList,flankerIR.jpg,1,4,Keyboard,3,6,92620,160,4,479,93099,8,1,28,Incon
FC,3,1,B,"<?xml version=""1.0""?>\n<Clock xmlns:dt=""urn:schemas-microsoft-com:datatypes""><Description dt:dt=""string"">E-Prime Primary Realtime Clock</Description><StartTime><Timestamp dt:dt=""int"">0</Timestamp><DateUtc dt:dt=""string"">2021-08-28T13:20:40Z</DateUtc></StartTime><FrequencyChanges><FrequencyChange><Frequency dt:dt=""r8"">10000000</Frequency><Timestamp dt:dt=""r8"">18770777100711</Timestamp><Current dt:dt=""r8"">0</Current><DateUtc dt:dt=""string"">2021-08-28T13:20:40Z</DateUtc></FrequencyChange></FrequencyChanges></Clock>\n",S,SL003_FCS7BB,7,1.0.0.262,1,143.911,1772693215,Full,3.0.3.80,3.0.3.80,8/28/21,8/28/21 13:20,8:20:40,3.0.3.82,Keyboard,B,Keyboard,-999999,15,22838,0,1,1,1,1,BlockProc,BlockList,29,121,1,358.5,1,,,1302,0.965517241,413.1428571,TrialProc,TrialList,flankerCL.jpg,1,1,Keyboard,2,7,94287,160,1,360,94647,4,1,29,Cong
FC,3,1,B,"<?xml version=""1.0""?>\n<Clock xmlns:dt=""urn:schemas-microsoft-com:datatypes""><Description dt:dt=""string"">E-Prime Primary Realtime Clock</Description><StartTime><Timestamp dt:dt=""int"">0</Timestamp><DateUtc dt:dt=""string"">2021-08-28T13:20:40Z</DateUtc></StartTime><FrequencyChanges><FrequencyChange><Frequency dt:dt=""r8"">10000000</Frequency><Timestamp dt:dt=""r8"">18770777100711</Timestamp><Current dt:dt=""r8"">0</Current><DateUtc dt:dt=""string"">2021-08-28T13:20:40Z</DateUtc></FrequencyChange></FrequencyChanges></Clock>\n",S,SL003_FCS7BB,7,1.0.0.262,1,143.911,1772693215,Full,3.0.3.80,3.0.3.80,8/28/21,8/28/21 13:20,8:20:40,3.0.3.82,Keyboard,B,Keyboard,-999999,15,22838,0,1,1,1,1,BlockProc,BlockList,30,111,1,358.1333333,4,,,1302,0.966666667,411.0689655,TrialProc,TrialList,flankerCR.jpg,1,4,Keyboard,2,10,95759,160,4,353,96112,1,1,30,Cong
FC,3,1,B,"<?xml version=""1.0""?>\n<Clock xmlns:dt=""urn:schemas-microsoft-com:datatypes""><Description dt:dt=""string"">E-Prime Primary Realtime Clock</Description><StartTime><Timestamp dt:dt=""int"">0</Timestamp><DateUtc dt:dt=""string"">2021-08-28T13:20:40Z</DateUtc></StartTime><FrequencyChanges><FrequencyChange><Frequency dt:dt=""r8"">10000000</Frequency><Timestamp dt:dt=""r8"">18770777100711</Timestamp><Current dt:dt=""r8"">0</Current><DateUtc dt:dt=""string"">2021-08-28T13:20:40Z</DateUtc></FrequencyChange></FrequencyChanges></Clock>\n",S,SL003_FCS7BB,7,1.0.0.262,1,143.911,1772693215,Full,3.0.3.80,3.0.3.80,8/28/21,8/28/21 13:20,8:20:40,3.0.3.82,Keyboard,B,Keyboard,-999999,15,22838,0,1,1,1,1,BlockProc,BlockList,31,111,1,357.5,4,,,1302,0.967741935,408.9666667,TrialProc,TrialList,flankerCR.jpg,1,4,Keyboard,3,10,97231,160,4,348,97579,1,1,31,Cong
FC,3,1,B,"<?xml version=""1.0""?>\n<Clock xmlns:dt=""urn:schemas-microsoft-com:datatypes""><Description dt:dt=""string"">E-Prime Primary Realtime Clock</Description><StartTime><Timestamp dt:dt=""int"">0</Timestamp><DateUtc dt:dt=""string"">2021-08-28T13:20:40Z</DateUtc></StartTime><FrequencyChanges><FrequencyChange><Frequency dt:dt=""r8"">10000000</Frequency><Timestamp dt:dt=""r8"">18770777100711</Timestamp><Current dt:dt=""r8"">0</Current><DateUtc dt:dt=""string"">2021-08-28T13:20:40Z</DateUtc></FrequencyChange></FrequencyChanges></Clock>\n",S,SL003_FCS7BB,7,1.0.0.262,1,143.911,1772693215,Full,3.0.3.80,3.0.3.80,8/28/21,8/28/21 13:20,8:20:40,3.0.3.82,Keyboard,B,Keyboard,-999999,15,22838,0,1,1,1,1,BlockProc,BlockList,32,213,,,4,0.9375,477.9333333,1698,0.96875,415.7741935,TrialProc,TrialList,flankerIR.jpg,1,4,Keyboard,2,11,98704,159,4,620,99324,9,1,32,Incon
FC,3,1,B,"<?xml version=""1.0""?>\n<Clock xmlns:dt=""urn:schemas-microsoft-com:datatypes""><Description dt:dt=""string"">E-Prime Primary Realtime Clock</Description><StartTime><Timestamp dt:dt=""int"">0</Timestamp><DateUtc dt:dt=""string"">2021-08-28T13:20:40Z</DateUtc></StartTime><FrequencyChanges><FrequencyChange><Frequency dt:dt=""r8"">10000000</Frequency><Timestamp dt:dt=""r8"">18770777100711</Timestamp><Current dt:dt=""r8"">0</Current><DateUtc dt:dt=""string"">2021-08-28T13:20:40Z</DateUtc></FrequencyChange></FrequencyChanges></Clock>\n",S,SL003_FCS7BB,7,1.0.0.262,1,143.911,1772693215,Full,3.0.3.80,3.0.3.80,8/28/21,8/28/21 13:20,8:20:40,3.0.3.82,Keyboard,B,Keyboard,-999999,15,22838,0,1,1,1,1,BlockProc,BlockList,33,212,,,4,0.941176471,477.3125,1500,0.96969697,417.40625,TrialProc,TrialList,flankerIR.jpg,1,4,Keyboard,2,11,100572,159,4,468,101040,8,1,33,Incon
FC,3,1,B,"<?xml version=""1.0""?>\n<Clock xmlns:dt=""urn:schemas-microsoft-com:datatypes""><Description dt:dt=""string"">E-Prime Primary Realtime Clock</Description><StartTime><Timestamp dt:dt=""int"">0</Timestamp><DateUtc dt:dt=""string"">2021-08-28T13:20:40Z</DateUtc></StartTime><FrequencyChanges><FrequencyChange><Frequency dt:dt=""r8"">10000000</Frequency><Timestamp dt:dt=""r8"">18770777100711</Timestamp><Current dt:dt=""r8"">0</Current><DateUtc dt:dt=""string"">2021-08-28T13:20:40Z</DateUtc></FrequencyChange></FrequencyChanges></Clock>\n",S,SL003_FCS7BB,7,1.0.0.262,1,143.911,1772693215,Full,3.0.3.80,3.0.3.80,8/28/21,8/28/21 13:20,8:20:40,3.0.3.82,Keyboard,B,Keyboard,-999999,15,22838,0,1,1,1,1,BlockProc,BlockList,34,111,1,352.8235294,4,,,1302,0.970588235,413.1818182,TrialProc,TrialList,flankerCR.jpg,1,4,Keyboard,2,7,102238,160,4,278,102516,1,1,34,Cong
FC,3,1,B,"<?xml version=""1.0""?>\n<Clock xmlns:dt=""urn:schemas-microsoft-com:datatypes""><Description dt:dt=""string"">E-Prime Primary Realtime Clock</Description><StartTime><Timestamp dt:dt=""int"">0</Timestamp><DateUtc dt:dt=""string"">2021-08-28T13:20:40Z</DateUtc></StartTime><FrequencyChanges><FrequencyChange><Frequency dt:dt=""r8"">10000000</Frequency><Timestamp dt:dt=""r8"">18770777100711</Timestamp><Current dt:dt=""r8"">0</Current><DateUtc dt:dt=""string"">2021-08-28T13:20:40Z</DateUtc></FrequencyChange></FrequencyChanges></Clock>\n",S,SL003_FCS7BB,7,1.0.0.262,1,143.911,1772693215,Full,3.0.3.80,3.0.3.80,8/28/21,8/28/21 13:20,8:20:40,3.0.3.82,Keyboard,B,Keyboard,-999999,15,22838,0,1,1,1,1,BlockProc,BlockList,35,122,1,354.8888889,1,,,1500,0.971428571,412.5,TrialProc,TrialList,flankerCL.jpg,1,1,Keyboard,3,10,103710,160,1,390,104100,5,1,35,Cong
FC,3,1,B,"<?xml version=""1.0""?>\n<Clock xmlns:dt=""urn:schemas-microsoft-com:datatypes""><Description dt:dt=""string"">E-Prime Primary Realtime Clock</Description><StartTime><Timestamp dt:dt=""int"">0</Timestamp><DateUtc dt:dt=""string"">2021-08-28T13:20:40Z</DateUtc></StartTime><FrequencyChanges><FrequencyChange><Frequency dt:dt=""r8"">10000000</Frequency><Timestamp dt:dt=""r8"">18770777100711</Timestamp><Current dt:dt=""r8"">0</Current><DateUtc dt:dt=""string"">2021-08-28T13:20:40Z</DateUtc></FrequencyChange></FrequencyChanges></Clock>\n",S,SL003_FCS7BB,7,1.0.0.262,1,143.911,1772693215,Full,3.0.3.80,3.0.3.80,8/28/21,8/28/21 13:20,8:20:40,3.0.3.82,Keyboard,B,Keyboard,-999999,15,22838,0,1,1,1,1,BlockProc,BlockList,36,113,1,356.5789474,4,,,1698,0.972222222,411.7714286,TrialProc,TrialList,flankerCR.jpg,1,4,Keyboard,2,7,105377,160,4,387,105764,3,1,36,Cong
FC,3,1,B,"<?xml version=""1.0""?>\n<Clock xmlns:dt=""urn:schemas-microsoft-com:datatypes""><Description dt:dt=""string"">E-Prime Primary Realtime Clock</Description><StartTime><Timestamp dt:dt=""int"">0</Timestamp><DateUtc dt:dt=""string"">2021-08-28T13:20:40Z</DateUtc></StartTime><FrequencyChanges><FrequencyChange><Frequency dt:dt=""r8"">10000000</Frequency><Timestamp dt:dt=""r8"">18770777100711</Timestamp><Current dt:dt=""r8"">0</Current><DateUtc dt:dt=""string"">2021-08-28T13:20:40Z</DateUtc></FrequencyChange></FrequencyChanges></Clock>\n",S,SL003_FCS7BB,7,1.0.0.262,1,143.911,1772693215,Full,3.0.3.80,3.0.3.80,8/28/21,8/28/21 13:20,8:20:40,3.0.3.82,Keyboard,B,Keyboard,-999999,15,22838,0,1,1,1,1,BlockProc,BlockList,37,222,,,1,0.944444444,479.5882353,1500,0.972972973,414.6666667,TrialProc,TrialList,flankerIL.jpg,1,1,Keyboard,2,10,107245,160,1,516,107761,11,1,37,Incon
FC,3,1,B,"<?xml version=""1.0""?>\n<Clock xmlns:dt=""urn:schemas-microsoft-com:datatypes""><Description dt:dt=""string"">E-Prime Primary Realtime Clock</Description><StartTime><Timestamp dt:dt=""int"">0</Timestamp><DateUtc dt:dt=""string"">2021-08-28T13:20:40Z</DateUtc></StartTime><FrequencyChanges><FrequencyChange><Frequency dt:dt=""r8"">10000000</Frequency><Timestamp dt:dt=""r8"">18770777100711</Timestamp><Current dt:dt=""r8"">0</Current><DateUtc dt:dt=""string"">2021-08-28T13:20:40Z</DateUtc></FrequencyChange></FrequencyChanges></Clock>\n",S,SL003_FCS7BB,7,1.0.0.262,1,143.911,1772693215,Full,3.0.3.80,3.0.3.80,8/28/21,8/28/21 13:20,8:20:40,3.0.3.82,Keyboard,B,Keyboard,-999999,15,22838,0,1,1,1,1,BlockProc,BlockList,38,123,1,352.6,1,,,1698,0.973684211,410.9459459,TrialProc,TrialList,flankerCL.jpg,1,1,Keyboard,2,7,108912,152,1,277,109189,6,1,38,Cong
FC,3,1,B,"<?xml version=""1.0""?>\n<Clock xmlns:dt=""urn:schemas-microsoft-com:datatypes""><Description dt:dt=""string"">E-Prime Primary Realtime Clock</Description><StartTime><Timestamp dt:dt=""int"">0</Timestamp><DateUtc dt:dt=""string"">2021-08-28T13:20:40Z</DateUtc></StartTime><FrequencyChanges><FrequencyChange><Frequency dt:dt=""r8"">10000000</Frequency><Timestamp dt:dt=""r8"">18770777100711</Timestamp><Current dt:dt=""r8"">0</Current><DateUtc dt:dt=""string"">2021-08-28T13:20:40Z</DateUtc></FrequencyChange></FrequencyChanges></Clock>\n",S,SL003_FCS7BB,7,1.0.0.262,1,143.911,1772693215,Full,3.0.3.80,3.0.3.80,8/28/21,8/28/21 13:20,8:20:40,3.0.3.82,Keyboard,B,Keyboard,-999999,15,22838,0,1,1,1,1,BlockProc,BlockList,39,121,1,358.2380952,1,,,1302,0.974358974,412.5263158,TrialProc,TrialList,flankerCL.jpg,1,1,Keyboard,2,11,110773,159,1,471,111244,4,1,39,Cong
FC,3,1,B,"<?xml version=""1.0""?>\n<Clock xmlns:dt=""urn:schemas-microsoft-com:datatypes""><Description dt:dt=""string"">E-Prime Primary Realtime Clock</Description><StartTime><Timestamp dt:dt=""int"">0</Timestamp><DateUtc dt:dt=""string"">2021-08-28T13:20:40Z</DateUtc></StartTime><FrequencyChanges><FrequencyChange><Frequency dt:dt=""r8"">10000000</Frequency><Timestamp dt:dt=""r8"">18770777100711</Timestamp><Current dt:dt=""r8"">0</Current><DateUtc dt:dt=""string"">2021-08-28T13:20:40Z</DateUtc></FrequencyChange></FrequencyChanges></Clock>\n",S,SL003_FCS7BB,7,1.0.0.262,1,143.911,1772693215,Full,3.0.3.80,3.0.3.80,8/28/21,8/28/21 13:20,8:20:40,3.0.3.82,Keyboard,B,Keyboard,-999999,15,22838,0,1,1,1,1,BlockProc,BlockList,40,212,,,4,0.947368421,477.6666667,1500,0.975,413.3589744,TrialProc,TrialList,flankerIR.jpg,1,4,Keyboard,2,11,112245,159,4,445,112690,8,1,40,Incon
FC,3,1,B,"<?xml version=""1.0""?>\n<Clock xmlns:dt=""urn:schemas-microsoft-com:datatypes""><Description dt:dt=""string"">E-Prime Primary Realtime Clock</Description><StartTime><Timestamp dt:dt=""int"">0</Timestamp><DateUtc dt:dt=""string"">2021-08-28T13:20:40Z</DateUtc></StartTime><FrequencyChanges><FrequencyChange><Frequency dt:dt=""r8"">10000000</Frequency><Timestamp dt:dt=""r8"">18770777100711</Timestamp><Current dt:dt=""r8"">0</Current><DateUtc dt:dt=""string"">2021-08-28T13:20:40Z</DateUtc></FrequencyChange></FrequencyChanges></Clock>\n",S,SL003_FCS7BB,7,1.0.0.262,1,143.911,1772693215,Full,3.0.3.80,3.0.3.80,8/28/21,8/28/21 13:20,8:20:40,3.0.3.82,Keyboard,B,Keyboard,-999999,15,22838,0,1,1,1,1,BlockProc,BlockList,41,121,1,358.2272727,1,,,1302,0.975609756,411.975,TrialProc,TrialList,flankerCL.jpg,1,1,Keyboard,3,7,113911,160,1,358,114269,4,1,41,Cong
FC,3,1,B,"<?xml version=""1.0""?>\n<Clock xmlns:dt=""urn:schemas-microsoft-com:datatypes""><Description dt:dt=""string"">E-Prime Primary Realtime Clock</Description><StartTime><Timestamp dt:dt=""int"">0</Timestamp><DateUtc dt:dt=""string"">2021-08-28T13:20:40Z</DateUtc></StartTime><FrequencyChanges><FrequencyChange><Frequency dt:dt=""r8"">10000000</Frequency><Timestamp dt:dt=""r8"">18770777100711</Timestamp><Current dt:dt=""r8"">0</Current><DateUtc dt:dt=""string"">2021-08-28T13:20:40Z</DateUtc></FrequencyChange></FrequencyChanges></Clock>\n",S,SL003_FCS7BB,7,1.0.0.262,1,143.911,1772693215,Full,3.0.3.80,3.0.3.80,8/28/21,8/28/21 13:20,8:20:40,3.0.3.82,Keyboard,B,Keyboard,-999999,15,22838,0,1,1,1,1,BlockProc,BlockList,42,223,,,1,0.95,478.1052632,1698,0.976190476,413.7804878,TrialProc,TrialList,flankerIL.jpg,1,1,Keyboard,2,11,115384,159,1,486,115870,12,1,42,Incon
FC,3,1,B,"<?xml version=""1.0""?>\n<Clock xmlns:dt=""urn:schemas-microsoft-com:datatypes""><Description dt:dt=""string"">E-Prime Primary Realtime Clock</Description><StartTime><Timestamp dt:dt=""int"">0</Timestamp><DateUtc dt:dt=""string"">2021-08-28T13:20:40Z</DateUtc></StartTime><FrequencyChanges><FrequencyChange><Frequency dt:dt=""r8"">10000000</Frequency><Timestamp dt:dt=""r8"">18770777100711</Timestamp><Current dt:dt=""r8"">0</Current><DateUtc dt:dt=""string"">2021-08-28T13:20:40Z</DateUtc></FrequencyChange></FrequencyChanges></Clock>\n",S,SL003_FCS7BB,7,1.0.0.262,1,143.911,1772693215,Full,3.0.3.80,3.0.3.80,8/28/21,8/28/21 13:20,8:20:40,3.0.3.82,Keyboard,B,Keyboard,-999999,15,22838,0,1,1,1,1,BlockProc,BlockList,43,121,1,355.9130435,1,,,1302,0.976744186,411.1904762,TrialProc,TrialList,flankerCL.jpg,1,1,Keyboard,3,10,117251,160,1,305,117556,4,1,43,Cong
FC,3,1,B,"<?xml version=""1.0""?>\n<Clock xmlns:dt=""urn:schemas-microsoft-com:datatypes""><Description dt:dt=""string"">E-Prime Primary Realtime Clock</Description><StartTime><Timestamp dt:dt=""int"">0</Timestamp><DateUtc dt:dt=""string"">2021-08-28T13:20:40Z</DateUtc></StartTime><FrequencyChanges><FrequencyChange><Frequency dt:dt=""r8"">10000000</Frequency><Timestamp dt:dt=""r8"">18770777100711</Timestamp><Current dt:dt=""r8"">0</Current><DateUtc dt:dt=""string"">2021-08-28T13:20:40Z</DateUtc></FrequencyChange></FrequencyChanges></Clock>\n",S,SL003_FCS7BB,7,1.0.0.262,1,143.911,1772693215,Full,3.0.3.80,3.0.3.80,8/28/21,8/28/21 13:20,8:20:40,3.0.3.82,Keyboard,B,Keyboard,-999999,15,22838,0,1,1,1,1,BlockProc,BlockList,44,211,,,4,0.952380952,474.45,1302,0.977272727,411.0465116,TrialProc,TrialList,flankerIR.jpg,1,4,Keyboard,2,11,118724,159,4,405,119129,7,1,44,Incon
FC,3,1,B,"<?xml version=""1.0""?>\n<Clock xmlns:dt=""urn:schemas-microsoft-com:datatypes""><Description dt:dt=""string"">E-Prime Primary Realtime Clock</Description><StartTime><Timestamp dt:dt=""int"">0</Timestamp><DateUtc dt:dt=""string"">2021-08-28T13:20:40Z</DateUtc></StartTime><FrequencyChanges><FrequencyChange><Frequency dt:dt=""r8"">10000000</Frequency><Timestamp dt:dt=""r8"">18770777100711</Timestamp><Current dt:dt=""r8"">0</Current><DateUtc dt:dt=""string"">2021-08-28T13:20:40Z</DateUtc></FrequencyChange></FrequencyChanges></Clock>\n",S,SL003_FCS7BB,7,1.0.0.262,1,143.911,1772693215,Full,3.0.3.80,3.0.3.80,8/28/21,8/28/21 13:20,8:20:40,3.0.3.82,Keyboard,B,Keyboard,-999999,15,22838,0,1,1,1,1,BlockProc,BlockList,45,223,,,1,0.954545455,474.952381,1698,0.977777778,412.7272727,TrialProc,TrialList,flankerIL.jpg,1,1,Keyboard,2,11,120196,160,1,485,120681,12,1,45,Incon
FC,3,1,B,"<?xml version=""1.0""?>\n<Clock xmlns:dt=""urn:schemas-microsoft-com:datatypes""><Description dt:dt=""string"">E-Prime Primary Realtime Clock</Description><StartTime><Timestamp dt:dt=""int"">0</Timestamp><DateUtc dt:dt=""string"">2021-08-28T13:20:40Z</DateUtc></StartTime><FrequencyChanges><FrequencyChange><Frequency dt:dt=""r8"">10000000</Frequency><Timestamp dt:dt=""r8"">18770777100711</Timestamp><Current dt:dt=""r8"">0</Current><DateUtc dt:dt=""string"">2021-08-28T13:20:40Z</DateUtc></FrequencyChange></FrequencyChanges></Clock>\n",S,SL003_FCS7BB,7,1.0.0.262,1,143.911,1772693215,Full,3.0.3.80,3.0.3.80,8/28/21,8/28/21 13:20,8:20:40,3.0.3.82,Keyboard,B,Keyboard,-999999,15,22838,0,1,1,1,1,BlockProc,BlockList,46,113,1,356.375,4,,,1698,0.97826087,411.7111111,TrialProc,TrialList,flankerCR.jpg,1,4,Keyboard,2,10,122064,160,4,367,122431,3,1,46,Cong
FC,3,1,B,"<?xml version=""1.0""?>\n<Clock xmlns:dt=""urn:schemas-microsoft-com:datatypes""><Description dt:dt=""string"">E-Prime Primary Realtime Clock</Description><StartTime><Timestamp dt:dt=""int"">0</Timestamp><DateUtc dt:dt=""string"">2021-08-28T13:20:40Z</DateUtc></StartTime><FrequencyChanges><FrequencyChange><Frequency dt:dt=""r8"">10000000</Frequency><Timestamp dt:dt=""r8"">18770777100711</Timestamp><Current dt:dt=""r8"">0</Current><DateUtc dt:dt=""string"">2021-08-28T13:20:40Z</DateUtc></FrequencyChange></FrequencyChanges></Clock>\n",S,SL003_FCS7BB,7,1.0.0.262,1,143.911,1772693215,Full,3.0.3.80,3.0.3.80,8/28/21,8/28/21 13:20,8:20:40,3.0.3.82,Keyboard,B,Keyboard,-999999,15,22838,0,1,1,1,1,BlockProc,BlockList,47,221,,,1,0.956521739,473.4545455,1302,0.978723404,412.3695652,TrialProc,TrialList,flankerIL.jpg,1,1,Keyboard,2,10,123932,160,1,442,124374,10,1,47,Incon
FC,3,1,B,"<?xml version=""1.0""?>\n<Clock xmlns:dt=""urn:schemas-microsoft-com:datatypes""><Description dt:dt=""string"">E-Prime Primary Realtime Clock</Description><StartTime><Timestamp dt:dt=""int"">0</Timestamp><DateUtc dt:dt=""string"">2021-08-28T13:20:40Z</DateUtc></StartTime><FrequencyChanges><FrequencyChange><Frequency dt:dt=""r8"">10000000</Frequency><Timestamp dt:dt=""r8"">18770777100711</Timestamp><Current dt:dt=""r8"">0</Current><DateUtc dt:dt=""string"">2021-08-28T13:20:40Z</DateUtc></FrequencyChange></FrequencyChanges></Clock>\n",S,SL003_FCS7BB,7,1.0.0.262,1,143.911,1772693215,Full,3.0.3.80,3.0.3.80,8/28/21,8/28/21 13:20,8:20:40,3.0.3.82,Keyboard,B,Keyboard,-999999,15,22838,0,1,1,1,1,BlockProc,BlockList,48,112,1,356.96,4,,,1500,0.979166667,411.4893617,TrialProc,TrialList,flankerCR.jpg,1,4,Keyboard,2,10,125404,160,4,371,125775,2,1,48,Cong
FC,3,1,B,"<?xml version=""1.0""?>\n<Clock xmlns:dt=""urn:schemas-microsoft-com:datatypes""><Description dt:dt=""string"">E-Prime Primary Realtime Clock</Description><StartTime><Timestamp dt:dt=""int"">0</Timestamp><DateUtc dt:dt=""string"">2021-08-28T13:20:40Z</DateUtc></StartTime><FrequencyChanges><FrequencyChange><Frequency dt:dt=""r8"">10000000</Frequency><Timestamp dt:dt=""r8"">18770777100711</Timestamp><Current dt:dt=""r8"">0</Current><DateUtc dt:dt=""string"">2021-08-28T13:20:40Z</DateUtc></FrequencyChange></FrequencyChanges></Clock>\n",S,SL003_FCS7BB,7,1.0.0.262,1,143.911,1772693215,Full,3.0.3.80,3.0.3.80,8/28/21,8/28/21 13:20,8:20:40,3.0.3.82,Keyboard,B,Keyboard,-999999,15,22838,0,1,1,1,1,BlockProc,BlockList,49,211,,,4,0.958333333,471.3913043,1302,0.979591837,411.7916667,TrialProc,TrialList,flankerIR.jpg,1,4,Keyboard,2,7,127071,159,4,426,127497,7,1,49,Incon
FC,3,1,B,"<?xml version=""1.0""?>\n<Clock xmlns:dt=""urn:schemas-microsoft-com:datatypes""><Description dt:dt=""string"">E-Prime Primary Realtime Clock</Description><StartTime><Timestamp dt:dt=""int"">0</Timestamp><DateUtc dt:dt=""string"">2021-08-28T13:20:40Z</DateUtc></StartTime><FrequencyChanges><FrequencyChange><Frequency dt:dt=""r8"">10000000</Frequency><Timestamp dt:dt=""r8"">18770777100711</Timestamp><Current dt:dt=""r8"">0</Current><DateUtc dt:dt=""string"">2021-08-28T13:20:40Z</DateUtc></FrequencyChange></FrequencyChanges></Clock>\n",S,SL003_FCS7BB,7,1.0.0.262,1,143.911,1772693215,Full,3.0.3.80,3.0.3.80,8/28/21,8/28/21 13:20,8:20:40,3.0.3.82,Keyboard,B,Keyboard,-999999,15,22838,0,1,1,1,1,BlockProc,BlockList,50,223,,,1,0.96,471.75,1698,0.98,413.1836735,TrialProc,TrialList,flankerIL.jpg,1,1,Keyboard,2,11,128543,160,1,480,129023,12,1,50,Incon
FC,3,1,B,"<?xml version=""1.0""?>\n<Clock xmlns:dt=""urn:schemas-microsoft-com:datatypes""><Description dt:dt=""string"">E-Prime Primary Realtime Clock</Description><StartTime><Timestamp dt:dt=""int"">0</Timestamp><DateUtc dt:dt=""string"">2021-08-28T13:20:40Z</DateUtc></StartTime><FrequencyChanges><FrequencyChange><Frequency dt:dt=""r8"">10000000</Frequency><Timestamp dt:dt=""r8"">18770777100711</Timestamp><Current dt:dt=""r8"">0</Current><DateUtc dt:dt=""string"">2021-08-28T13:20:40Z</DateUtc></FrequencyChange></FrequencyChanges></Clock>\n",S,SL003_FCS7BB,7,1.0.0.262,1,143.911,1772693215,Full,3.0.3.80,3.0.3.80,8/28/21,8/28/21 13:20,8:20:40,3.0.3.82,Keyboard,B,Keyboard,-999999,15,22838,0,1,1,1,1,BlockProc,BlockList,51,122,1,355.7307692,1,,,1500,0.980392157,411.42,TrialProc,TrialList,flankerCL.jpg,1,1,Keyboard,2,10,130411,160,1,325,130736,5,1,51,Cong
FC,3,1,B,"<?xml version=""1.0""?>\n<Clock xmlns:dt=""urn:schemas-microsoft-com:datatypes""><Description dt:dt=""string"">E-Prime Primary Realtime Clock</Description><StartTime><Timestamp dt:dt=""int"">0</Timestamp><DateUtc dt:dt=""string"">2021-08-28T13:20:40Z</DateUtc></StartTime><FrequencyChanges><FrequencyChange><Frequency dt:dt=""r8"">10000000</Frequency><Timestamp dt:dt=""r8"">18770777100711</Timestamp><Current dt:dt=""r8"">0</Current><DateUtc dt:dt=""string"">2021-08-28T13:20:40Z</DateUtc></FrequencyChange></FrequencyChanges></Clock>\n",S,SL003_FCS7BB,7,1.0.0.262,1,143.911,1772693215,Full,3.0.3.80,3.0.3.80,8/28/21,8/28/21 13:20,8:20:40,3.0.3.82,Keyboard,B,Keyboard,-999999,15,22838,0,1,1,1,1,BlockProc,BlockList,52,213,,,4,0.961538462,476.12,1698,0.980769231,414.745098,TrialProc,TrialList,flankerIR.jpg,1,4,Keyboard,3,6,132077,160,4,581,132658,9,1,52,Incon
FC,3,1,B,"<?xml version=""1.0""?>\n<Clock xmlns:dt=""urn:schemas-microsoft-com:datatypes""><Description dt:dt=""string"">E-Prime Primary Realtime Clock</Description><StartTime><Timestamp dt:dt=""int"">0</Timestamp><DateUtc dt:dt=""string"">2021-08-28T13:20:40Z</DateUtc></StartTime><FrequencyChanges><FrequencyChange><Frequency dt:dt=""r8"">10000000</Frequency><Timestamp dt:dt=""r8"">18770777100711</Timestamp><Current dt:dt=""r8"">0</Current><DateUtc dt:dt=""string"">2021-08-28T13:20:40Z</DateUtc></FrequencyChange></FrequencyChanges></Clock>\n",S,SL003_FCS7BB,7,1.0.0.262,1,143.911,1772693215,Full,3.0.3.80,3.0.3.80,8/28/21,8/28/21 13:20,8:20:40,3.0.3.82,Keyboard,B,Keyboard,-999999,15,22838,0,1,1,1,1,BlockProc,BlockList,53,212,,,4,0.962962963,475.3461538,1500,0.981132075,415.5384615,TrialProc,TrialList,flankerIR.jpg,1,4,Keyboard,3,10,133945,160,4,456,134401,8,1,53,Incon
FC,3,1,B,"<?xml version=""1.0""?>\n<Clock xmlns:dt=""urn:schemas-microsoft-com:datatypes""><Description dt:dt=""string"">E-Prime Primary Realtime Clock</Description><StartTime><Timestamp dt:dt=""int"">0</Timestamp><DateUtc dt:dt=""string"">2021-08-28T13:20:40Z</DateUtc></StartTime><FrequencyChanges><FrequencyChange><Frequency dt:dt=""r8"">10000000</Frequency><Timestamp dt:dt=""r8"">18770777100711</Timestamp><Current dt:dt=""r8"">0</Current><DateUtc dt:dt=""string"">2021-08-28T13:20:40Z</DateUtc></FrequencyChange></FrequencyChanges></Clock>\n",S,SL003_FCS7BB,7,1.0.0.262,1,143.911,1772693215,Full,3.0.3.80,3.0.3.80,8/28/21,8/28/21 13:20,8:20:40,3.0.3.82,Keyboard,B,Keyboard,-999999,15,22838,0,1,1,1,1,BlockProc,BlockList,54,223,,,1,0.964285714,477.4444444,1698,0.981481481,417.7358491,TrialProc,TrialList,flankerIL.jpg,1,1,Keyboard,2,7,135612,153,1,532,136144,12,1,54,Incon
FC,3,1,B,"<?xml version=""1.0""?>\n<Clock xmlns:dt=""urn:schemas-microsoft-com:datatypes""><Description dt:dt=""string"">E-Prime Primary Realtime Clock</Description><StartTime><Timestamp dt:dt=""int"">0</Timestamp><DateUtc dt:dt=""string"">2021-08-28T13:20:40Z</DateUtc></StartTime><FrequencyChanges><FrequencyChange><Frequency dt:dt=""r8"">10000000</Frequency><Timestamp dt:dt=""r8"">18770777100711</Timestamp><Current dt:dt=""r8"">0</Current><DateUtc dt:dt=""string"">2021-08-28T13:20:40Z</DateUtc></FrequencyChange></FrequencyChanges></Clock>\n",S,SL003_FCS7BB,7,1.0.0.262,1,143.911,1772693215,Full,3.0.3.80,3.0.3.80,8/28/21,8/28/21 13:20,8:20:40,3.0.3.82,Keyboard,B,Keyboard,-999999,15,22838,0,1,1,1,1,BlockProc,BlockList,55,223,,,1,0.965517241,477.7857143,1698,0.981818182,419.0185185,TrialProc,TrialList,flankerIL.jpg,1,1,Keyboard,2,10,137473,160,1,487,137960,12,1,55,Incon
FC,3,1,B,"<?xml version=""1.0""?>\n<Clock xmlns:dt=""urn:schemas-microsoft-com:datatypes""><Description dt:dt=""string"">E-Prime Primary Realtime Clock</Description><StartTime><Timestamp dt:dt=""int"">0</Timestamp><DateUtc dt:dt=""string"">2021-08-28T13:20:40Z</DateUtc></StartTime><FrequencyChanges><FrequencyChange><Frequency dt:dt=""r8"">10000000</Frequency><Timestamp dt:dt=""r8"">18770777100711</Timestamp><Current dt:dt=""r8"">0</Current><DateUtc dt:dt=""string"">2021-08-28T13:20:40Z</DateUtc></FrequencyChange></FrequencyChanges></Clock>\n",S,SL003_FCS7BB,7,1.0.0.262,1,143.911,1772693215,Full,3.0.3.80,3.0.3.80,8/28/21,8/28/21 13:20,8:20:40,3.0.3.82,Keyboard,B,Keyboard,-999999,15,22838,0,1,1,1,1,BlockProc,BlockList,56,112,1,357.7037037,4,,,1500,0.982142857,418.8363636,TrialProc,TrialList,flankerCR.jpg,1,4,Keyboard,2,10,139341,160,4,409,139750,2,1,56,Cong
FC,3,1,B,"<?xml version=""1.0""?>\n<Clock xmlns:dt=""urn:schemas-microsoft-com:datatypes""><Description dt:dt=""string"">E-Prime Primary Realtime Clock</Description><StartTime><Timestamp dt:dt=""int"">0</Timestamp><DateUtc dt:dt=""string"">2021-08-28T13:20:40Z</DateUtc></StartTime><FrequencyChanges><FrequencyChange><Frequency dt:dt=""r8"">10000000</Frequency><Timestamp dt:dt=""r8"">18770777100711</Timestamp><Current dt:dt=""r8"">0</Current><DateUtc dt:dt=""string"">2021-08-28T13:20:40Z</DateUtc></FrequencyChange></FrequencyChanges></Clock>\n",S,SL003_FCS7BB,7,1.0.0.262,1,143.911,1772693215,Full,3.0.3.80,3.0.3.80,8/28/21,8/28/21 13:20,8:20:40,3.0.3.82,Keyboard,B,Keyboard,-999999,15,22838,0,1,1,1,1,BlockProc,BlockList,57,223,,,1,0.933333333,,1698,0.964912281,,TrialProc,TrialList,flankerIL.jpg,0,1,Keyboard,2,7,141008,159,4,283,141291,12,1,57,Incon
FC,3,1,B,"<?xml version=""1.0""?>\n<Clock xmlns:dt=""urn:schemas-microsoft-com:datatypes""><Description dt:dt=""string"">E-Prime Primary Realtime Clock</Description><StartTime><Timestamp dt:dt=""int"">0</Timestamp><DateUtc dt:dt=""string"">2021-08-28T13:20:40Z</DateUtc></StartTime><FrequencyChanges><FrequencyChange><Frequency dt:dt=""r8"">10000000</Frequency><Timestamp dt:dt=""r8"">18770777100711</Timestamp><Current dt:dt=""r8"">0</Current><DateUtc dt:dt=""string"">2021-08-28T13:20:40Z</DateUtc></FrequencyChange></FrequencyChanges></Clock>\n",S,SL003_FCS7BB,7,1.0.0.262,1,143.911,1772693215,Full,3.0.3.80,3.0.3.80,8/28/21,8/28/21 13:20,8:20:40,3.0.3.82,Keyboard,B,Keyboard,-999999,15,22838,0,1,1,1,1,BlockProc,BlockList,58,122,1,357.5,1,,,1500,0.965517241,417.6428571,TrialProc,TrialList,flankerCL.jpg,1,1,Keyboard,2,11,142876,159,1,352,143228,5,1,58,Cong
FC,3,1,B,"<?xml version=""1.0""?>\n<Clock xmlns:dt=""urn:schemas-microsoft-com:datatypes""><Description dt:dt=""string"">E-Prime Primary Realtime Clock</Description><StartTime><Timestamp dt:dt=""int"">0</Timestamp><DateUtc dt:dt=""string"">2021-08-28T13:20:40Z</DateUtc></StartTime><FrequencyChanges><FrequencyChange><Frequency dt:dt=""r8"">10000000</Frequency><Timestamp dt:dt=""r8"">18770777100711</Timestamp><Current dt:dt=""r8"">0</Current><DateUtc dt:dt=""string"">2021-08-28T13:20:40Z</DateUtc></FrequencyChange></FrequencyChanges></Clock>\n",S,SL003_FCS7BB,7,1.0.0.262,1,143.911,1772693215,Full,3.0.3.80,3.0.3.80,8/28/21,8/28/21 13:20,8:20:40,3.0.3.82,Keyboard,B,Keyboard,-999999,15,22838,0,1,1,1,1,BlockProc,BlockList,59,222,,,1,0.935483871,476.8965517,1500,0.966101695,418.245614,TrialProc,TrialList,flankerIL.jpg,1,1,Keyboard,2,7,144542,160,1,452,144994,11,1,59,Incon
FC,3,1,B,"<?xml version=""1.0""?>\n<Clock xmlns:dt=""urn:schemas-microsoft-com:datatypes""><Description dt:dt=""string"">E-Prime Primary Realtime Clock</Description><StartTime><Timestamp dt:dt=""int"">0</Timestamp><DateUtc dt:dt=""string"">2021-08-28T13:20:40Z</DateUtc></StartTime><FrequencyChanges><FrequencyChange><Frequency dt:dt=""r8"">10000000</Frequency><Timestamp dt:dt=""r8"">18770777100711</Timestamp><Current dt:dt=""r8"">0</Current><DateUtc dt:dt=""string"">2021-08-28T13:20:40Z</DateUtc></FrequencyChange></FrequencyChanges></Clock>\n",S,SL003_FCS7BB,7,1.0.0.262,1,143.911,1772693215,Full,3.0.3.80,3.0.3.80,8/28/21,8/28/21 13:20,8:20:40,3.0.3.82,Keyboard,B,Keyboard,-999999,15,22838,0,1,1,1,1,BlockProc,BlockList,60,111,1,358.0689655,4,,,1302,0.966666667,417.4827586,TrialProc,TrialList,flankerCR.jpg,1,4,Keyboard,2,7,146209,160,4,374,146583,1,1,60,Cong
FC,3,1,B,"<?xml version=""1.0""?>\n<Clock xmlns:dt=""urn:schemas-microsoft-com:datatypes""><Description dt:dt=""string"">E-Prime Primary Realtime Clock</Description><StartTime><Timestamp dt:dt=""int"">0</Timestamp><DateUtc dt:dt=""string"">2021-08-28T13:20:40Z</DateUtc></StartTime><FrequencyChanges><FrequencyChange><Frequency dt:dt=""r8"">10000000</Frequency><Timestamp dt:dt=""r8"">18770777100711</Timestamp><Current dt:dt=""r8"">0</Current><DateUtc dt:dt=""string"">2021-08-28T13:20:40Z</DateUtc></FrequencyChange></FrequencyChanges></Clock>\n",S,SL003_FCS7BB,7,1.0.0.262,1,143.911,1772693215,Full,3.0.3.80,3.0.3.80,8/28/21,8/28/21 13:20,8:20:40,3.0.3.82,Keyboard,B,Keyboard,-999999,15,22838,0,1,1,1,1,BlockProc,BlockList,61,121,1,359.9,1,,,1302,0.967213115,417.4067797,TrialProc,TrialList,flankerCL.jpg,1,1,Keyboard,2,10,147681,153,1,413,148094,4,1,61,Cong
FC,3,1,B,"<?xml version=""1.0""?>\n<Clock xmlns:dt=""urn:schemas-microsoft-com:datatypes""><Description dt:dt=""string"">E-Prime Primary Realtime Clock</Description><StartTime><Timestamp dt:dt=""int"">0</Timestamp><DateUtc dt:dt=""string"">2021-08-28T13:20:40Z</DateUtc></StartTime><FrequencyChanges><FrequencyChange><Frequency dt:dt=""r8"">10000000</Frequency><Timestamp dt:dt=""r8"">18770777100711</Timestamp><Current dt:dt=""r8"">0</Current><DateUtc dt:dt=""string"">2021-08-28T13:20:40Z</DateUtc></FrequencyChange></FrequencyChanges></Clock>\n",S,SL003_FCS7BB,7,1.0.0.262,1,143.911,1772693215,Full,3.0.3.80,3.0.3.80,8/28/21,8/28/21 13:20,8:20:40,3.0.3.82,Keyboard,B,Keyboard,-999999,15,22838,0,1,1,1,1,BlockProc,BlockList,62,111,1,361.4193548,4,,,1302,0.967741935,417.2333333,TrialProc,TrialList,flankerCR.jpg,1,4,Keyboard,2,10,149146,160,4,407,149553,1,1,62,Cong
FC,3,1,B,"<?xml version=""1.0""?>\n<Clock xmlns:dt=""urn:schemas-microsoft-com:datatypes""><Description dt:dt=""string"">E-Prime Primary Realtime Clock</Description><StartTime><Timestamp dt:dt=""int"">0</Timestamp><DateUtc dt:dt=""string"">2021-08-28T13:20:40Z</DateUtc></StartTime><FrequencyChanges><FrequencyChange><Frequency dt:dt=""r8"">10000000</Frequency><Timestamp dt:dt=""r8"">18770777100711</Timestamp><Current dt:dt=""r8"">0</Current><DateUtc dt:dt=""string"">2021-08-28T13:20:40Z</DateUtc></FrequencyChange></FrequencyChanges></Clock>\n",S,SL003_FCS7BB,7,1.0.0.262,1,143.911,1772693215,Full,3.0.3.80,3.0.3.80,8/28/21,8/28/21 13:20,8:20:40,3.0.3.82,Keyboard,B,Keyboard,-999999,15,22838,0,1,1,1,1,BlockProc,BlockList,63,221,,,1,0.9375,475.0666667,1302,0.968253968,417.3114754,TrialProc,TrialList,flankerIL.jpg,1,1,Keyboard,3,10,150618,160,1,422,151040,10,1,63,Incon
FC,3,1,B,"<?xml version=""1.0""?>\n<Clock xmlns:dt=""urn:schemas-microsoft-com:datatypes""><Description dt:dt=""string"">E-Prime Primary Realtime Clock</Description><StartTime><Timestamp dt:dt=""int"">0</Timestamp><DateUtc dt:dt=""string"">2021-08-28T13:20:40Z</DateUtc></StartTime><FrequencyChanges><FrequencyChange><Frequency dt:dt=""r8"">10000000</Frequency><Timestamp dt:dt=""r8"">18770777100711</Timestamp><Current dt:dt=""r8"">0</Current><DateUtc dt:dt=""string"">2021-08-28T13:20:40Z</DateUtc></FrequencyChange></FrequencyChanges></Clock>\n",S,SL003_FCS7BB,7,1.0.0.262,1,143.911,1772693215,Full,3.0.3.80,3.0.3.80,8/28/21,8/28/21 13:20,8:20:40,3.0.3.82,Keyboard,B,Keyboard,-999999,15,22838,0,1,1,1,1,BlockProc,BlockList,64,112,1,362.6875,4,,,1500,0.96875,417.0645161,TrialProc,TrialList,flankerCR.jpg,1,4,Keyboard,2,11,152091,159,4,402,152493,2,1,64,Cong
FC,3,1,B,"<?xml version=""1.0""?>\n<Clock xmlns:dt=""urn:schemas-microsoft-com:datatypes""><Description dt:dt=""string"">E-Prime Primary Realtime Clock</Description><StartTime><Timestamp dt:dt=""int"">0</Timestamp><DateUtc dt:dt=""string"">2021-08-28T13:20:40Z</DateUtc></StartTime><FrequencyChanges><FrequencyChange><Frequency dt:dt=""r8"">10000000</Frequency><Timestamp dt:dt=""r8"">18770777100711</Timestamp><Current dt:dt=""r8"">0</Current><DateUtc dt:dt=""string"">2021-08-28T13:20:40Z</DateUtc></FrequencyChange></FrequencyChanges></Clock>\n",S,SL003_FCS7BB,7,1.0.0.262,1,143.911,1772693215,Full,3.0.3.80,3.0.3.80,8/28/21,8/28/21 13:20,8:20:40,3.0.3.82,Keyboard,B,Keyboard,-999999,15,22838,0,1,1,1,1,BlockProc,BlockList,65,213,,,4,0.909090909,,1698,0.953846154,,TrialProc,TrialList,flankerIR.jpg,0,4,Keyboard,3,7,153757,160,1,287,154044,9,1,65,Incon
FC,3,1,B,"<?xml version=""1.0""?>\n<Clock xmlns:dt=""urn:schemas-microsoft-com:datatypes""><Description dt:dt=""string"">E-Prime Primary Realtime Clock</Description><StartTime><Timestamp dt:dt=""int"">0</Timestamp><DateUtc dt:dt=""string"">2021-08-28T13:20:40Z</DateUtc></StartTime><FrequencyChanges><FrequencyChange><Frequency dt:dt=""r8"">10000000</Frequency><Timestamp dt:dt=""r8"">18770777100711</Timestamp><Current dt:dt=""r8"">0</Current><DateUtc dt:dt=""string"">2021-08-28T13:20:40Z</DateUtc></FrequencyChange></FrequencyChanges></Clock>\n",S,SL003_FCS7BB,7,1.0.0.262,1,143.911,1772693215,Full,3.0.3.80,3.0.3.80,8/28/21,8/28/21 13:20,8:20:40,3.0.3.82,Keyboard,B,Keyboard,-999999,15,22838,0,1,1,1,1,BlockProc,BlockList,66,222,,,1,0.911764706,474.6129032,1500,0.954545455,417.7619048,TrialProc,TrialList,flankerIL.jpg,1,1,Keyboard,2,10,155625,160,1,461,156086,11,1,66,Incon
FC,3,1,B,"<?xml version=""1.0""?>\n<Clock xmlns:dt=""urn:schemas-microsoft-com:datatypes""><Description dt:dt=""string"">E-Prime Primary Realtime Clock</Description><StartTime><Timestamp dt:dt=""int"">0</Timestamp><DateUtc dt:dt=""string"">2021-08-28T13:20:40Z</DateUtc></StartTime><FrequencyChanges><FrequencyChange><Frequency dt:dt=""r8"">10000000</Frequency><Timestamp dt:dt=""r8"">18770777100711</Timestamp><Current dt:dt=""r8"">0</Current><DateUtc dt:dt=""string"">2021-08-28T13:20:40Z</DateUtc></FrequencyChange></FrequencyChanges></Clock>\n",S,SL003_FCS7BB,7,1.0.0.262,1,143.911,1772693215,Full,3.0.3.80,3.0.3.80,8/28/21,8/28/21 13:20,8:20:40,3.0.3.82,Keyboard,B,Keyboard,-999999,15,22838,0,1,1,1,1,BlockProc,BlockList,67,213,,,4,0.914285714,473.53125,1698,0.955223881,418.109375,TrialProc,TrialList,flankerIR.jpg,1,4,Keyboard,2,7,157292,160,4,440,157732,9,1,67,Incon
FC,3,1,B,"<?xml version=""1.0""?>\n<Clock xmlns:dt=""urn:schemas-microsoft-com:datatypes""><Description dt:dt=""string"">E-Prime Primary Realtime Clock</Description><StartTime><Timestamp dt:dt=""int"">0</Timestamp><DateUtc dt:dt=""string"">2021-08-28T13:20:40Z</DateUtc></StartTime><FrequencyChanges><FrequencyChange><Frequency dt:dt=""r8"">10000000</Frequency><Timestamp dt:dt=""r8"">18770777100711</Timestamp><Current dt:dt=""r8"">0</Current><DateUtc dt:dt=""string"">2021-08-28T13:20:40Z</DateUtc></FrequencyChange></FrequencyChanges></Clock>\n",S,SL003_FCS7BB,7,1.0.0.262,1,143.911,1772693215,Full,3.0.3.80,3.0.3.80,8/28/21,8/28/21 13:20,8:20:40,3.0.3.82,Keyboard,B,Keyboard,-999999,15,22838,0,1,1,1,1,BlockProc,BlockList,68,222,,,1,0.916666667,470.7272727,1500,0.955882353,417.5384615,TrialProc,TrialList,flankerIL.jpg,1,1,Keyboard,2,10,159160,160,1,381,159541,11,1,68,Incon
FC,3,1,B,"<?xml version=""1.0""?>\n<Clock xmlns:dt=""urn:schemas-microsoft-com:datatypes""><Description dt:dt=""string"">E-Prime Primary Realtime Clock</Description><StartTime><Timestamp dt:dt=""int"">0</Timestamp><DateUtc dt:dt=""string"">2021-08-28T13:20:40Z</DateUtc></StartTime><FrequencyChanges><FrequencyChange><Frequency dt:dt=""r8"">10000000</Frequency><Timestamp dt:dt=""r8"">18770777100711</Timestamp><Current dt:dt=""r8"">0</Current><DateUtc dt:dt=""string"">2021-08-28T13:20:40Z</DateUtc></FrequencyChange></FrequencyChanges></Clock>\n",S,SL003_FCS7BB,7,1.0.0.262,1,143.911,1772693215,Full,3.0.3.80,3.0.3.80,8/28/21,8/28/21 13:20,8:20:40,3.0.3.82,Keyboard,B,Keyboard,-999999,15,22838,0,1,1,1,1,BlockProc,BlockList,69,123,1,361.8787879,1,,,1698,0.956521739,416.3030303,TrialProc,TrialList,flankerCL.jpg,1,1,Keyboard,3,6,160826,160,1,336,161162,6,1,69,Cong
FC,3,1,B,"<?xml version=""1.0""?>\n<Clock xmlns:dt=""urn:schemas-microsoft-com:datatypes""><Description dt:dt=""string"">E-Prime Primary Realtime Clock</Description><StartTime><Timestamp dt:dt=""int"">0</Timestamp><DateUtc dt:dt=""string"">2021-08-28T13:20:40Z</DateUtc></StartTime><FrequencyChanges><FrequencyChange><Frequency dt:dt=""r8"">10000000</Frequency><Timestamp dt:dt=""r8"">18770777100711</Timestamp><Current dt:dt=""r8"">0</Current><DateUtc dt:dt=""string"">2021-08-28T13:20:40Z</DateUtc></FrequencyChange></FrequencyChanges></Clock>\n",S,SL003_FCS7BB,7,1.0.0.262,1,143.911,1772693215,Full,3.0.3.80,3.0.3.80,8/28/21,8/28/21 13:20,8:20:40,3.0.3.82,Keyboard,B,Keyboard,-999999,15,22838,0,1,1,1,1,BlockProc,BlockList,70,222,,,1,0.918918919,469.7058824,1500,0.957142857,416.5970149,TrialProc,TrialList,flankerIL.jpg,1,1,Keyboard,3,10,162694,160,1,436,163130,11,1,70,Incon
FC,3,1,B,"<?xml version=""1.0""?>\n<Clock xmlns:dt=""urn:schemas-microsoft-com:datatypes""><Description dt:dt=""string"">E-Prime Primary Realtime Clock</Description><StartTime><Timestamp dt:dt=""int"">0</Timestamp><DateUtc dt:dt=""string"">2021-08-28T13:20:40Z</DateUtc></StartTime><FrequencyChanges><FrequencyChange><Frequency dt:dt=""r8"">10000000</Frequency><Timestamp dt:dt=""r8"">18770777100711</Timestamp><Current dt:dt=""r8"">0</Current><DateUtc dt:dt=""string"">2021-08-28T13:20:40Z</DateUtc></FrequencyChange></FrequencyChanges></Clock>\n",S,SL003_FCS7BB,7,1.0.0.262,1,143.911,1772693215,Full,3.0.3.80,3.0.3.80,8/28/21,8/28/21 13:20,8:20:40,3.0.3.82,Keyboard,B,Keyboard,-999999,15,22838,0,1,1,1,1,BlockProc,BlockList,71,113,1,363.9705882,4,,,1698,0.957746479,416.8382353,TrialProc,TrialList,flankerCR.jpg,1,4,Keyboard,2,7,164361,160,4,433,164794,3,1,71,Cong
FC,3,1,B,"<?xml version=""1.0""?>\n<Clock xmlns:dt=""urn:schemas-microsoft-com:datatypes""><Description dt:dt=""string"">E-Prime Primary Realtime Clock</Description><StartTime><Timestamp dt:dt=""int"">0</Timestamp><DateUtc dt:dt=""string"">2021-08-28T13:20:40Z</DateUtc></StartTime><FrequencyChanges><FrequencyChange><Frequency dt:dt=""r8"">10000000</Frequency><Timestamp dt:dt=""r8"">18770777100711</Timestamp><Current dt:dt=""r8"">0</Current><DateUtc dt:dt=""string"">2021-08-28T13:20:40Z</DateUtc></FrequencyChange></FrequencyChanges></Clock>\n",S,SL003_FCS7BB,7,1.0.0.262,1,143.911,1772693215,Full,3.0.3.80,3.0.3.80,8/28/21,8/28/21 13:20,8:20:40,3.0.3.82,Keyboard,B,Keyboard,-999999,15,22838,0,1,1,1,1,BlockProc,BlockList,72,113,1,363.5428571,4,,,1698,0.958333333,415.8550725,TrialProc,TrialList,flankerCR.jpg,1,4,Keyboard,2,10,166229,160,4,349,166578,3,1,72,Cong
FC,3,1,B,"<?xml version=""1.0""?>\n<Clock xmlns:dt=""urn:schemas-microsoft-com:datatypes""><Description dt:dt=""string"">E-Prime Primary Realtime Clock</Description><StartTime><Timestamp dt:dt=""int"">0</Timestamp><DateUtc dt:dt=""string"">2021-08-28T13:20:40Z</DateUtc></StartTime><FrequencyChanges><FrequencyChange><Frequency dt:dt=""r8"">10000000</Frequency><Timestamp dt:dt=""r8"">18770777100711</Timestamp><Current dt:dt=""r8"">0</Current><DateUtc dt:dt=""string"">2021-08-28T13:20:40Z</DateUtc></FrequencyChange></FrequencyChanges></Clock>\n",S,SL003_FCS7BB,7,1.0.0.262,1,143.911,1772693215,Full,3.0.3.80,3.0.3.80,8/28/21,8/28/21 13:20,8:20:40,3.0.3.82,Keyboard,B,Keyboard,-999999,15,22838,0,1,1,1,1,BlockProc,BlockList,73,113,1,361.3611111,4,,,1698,0.95890411,413.9857143,TrialProc,TrialList,flankerCR.jpg,1,4,Keyboard,2,10,168097,160,4,285,168382,3,1,73,Cong
FC,3,1,B,"<?xml version=""1.0""?>\n<Clock xmlns:dt=""urn:schemas-microsoft-com:datatypes""><Description dt:dt=""string"">E-Prime Primary Realtime Clock</Description><StartTime><Timestamp dt:dt=""int"">0</Timestamp><DateUtc dt:dt=""string"">2021-08-28T13:20:40Z</DateUtc></StartTime><FrequencyChanges><FrequencyChange><Frequency dt:dt=""r8"">10000000</Frequency><Timestamp dt:dt=""r8"">18770777100711</Timestamp><Current dt:dt=""r8"">0</Current><DateUtc dt:dt=""string"">2021-08-28T13:20:40Z</DateUtc></FrequencyChange></FrequencyChanges></Clock>\n",S,SL003_FCS7BB,7,1.0.0.262,1,143.911,1772693215,Full,3.0.3.80,3.0.3.80,8/28/21,8/28/21 13:20,8:20:40,3.0.3.82,Keyboard,B,Keyboard,-999999,15,22838,0,1,1,1,1,BlockProc,BlockList,74,221,,,1,0.894736842,,1302,0.945945946,,TrialProc,TrialList,flankerIL.jpg,0,1,Keyboard,2,10,169965,153,4,341,170306,10,1,74,Incon
FC,3,1,B,"<?xml version=""1.0""?>\n<Clock xmlns:dt=""urn:schemas-microsoft-com:datatypes""><Description dt:dt=""string"">E-Prime Primary Realtime Clock</Description><StartTime><Timestamp dt:dt=""int"">0</Timestamp><DateUtc dt:dt=""string"">2021-08-28T13:20:40Z</DateUtc></StartTime><FrequencyChanges><FrequencyChange><Frequency dt:dt=""r8"">10000000</Frequency><Timestamp dt:dt=""r8"">18770777100711</Timestamp><Current dt:dt=""r8"">0</Current><DateUtc dt:dt=""string"">2021-08-28T13:20:40Z</DateUtc></FrequencyChange></FrequencyChanges></Clock>\n",S,SL003_FCS7BB,7,1.0.0.262,1,143.911,1772693215,Full,3.0.3.80,3.0.3.80,8/28/21,8/28/21 13:20,8:20:40,3.0.3.82,Keyboard,B,Keyboard,-999999,15,22838,0,1,1,1,1,BlockProc,BlockList,75,113,1,362.1621622,4,,,1698,0.946666667,413.6619718,TrialProc,TrialList,flankerCR.jpg,1,4,Keyboard,3,10,171430,160,4,391,171821,3,1,75,Cong
FC,3,1,B,"<?xml version=""1.0""?>\n<Clock xmlns:dt=""urn:schemas-microsoft-com:datatypes""><Description dt:dt=""string"">E-Prime Primary Realtime Clock</Description><StartTime><Timestamp dt:dt=""int"">0</Timestamp><DateUtc dt:dt=""string"">2021-08-28T13:20:40Z</DateUtc></StartTime><FrequencyChanges><FrequencyChange><Frequency dt:dt=""r8"">10000000</Frequency><Timestamp dt:dt=""r8"">18770777100711</Timestamp><Current dt:dt=""r8"">0</Current><DateUtc dt:dt=""string"">2021-08-28T13:20:40Z</DateUtc></FrequencyChange></FrequencyChanges></Clock>\n",S,SL003_FCS7BB,7,1.0.0.262,1,143.911,1772693215,Full,3.0.3.80,3.0.3.80,8/28/21,8/28/21 13:20,8:20:40,3.0.3.82,Keyboard,B,Keyboard,-999999,15,22838,0,1,1,1,1,BlockProc,BlockList,76,122,0.973684211,,1,,,1500,0.934210526,,TrialProc,TrialList,flankerCL.jpg,0,1,Keyboard,2,10,173298,160,4,440,173738,5,1,76,Cong
FC,3,1,B,"<?xml version=""1.0""?>\n<Clock xmlns:dt=""urn:schemas-microsoft-com:datatypes""><Description dt:dt=""string"">E-Prime Primary Realtime Clock</Description><StartTime><Timestamp dt:dt=""int"">0</Timestamp><DateUtc dt:dt=""string"">2021-08-28T13:20:40Z</DateUtc></StartTime><FrequencyChanges><FrequencyChange><Frequency dt:dt=""r8"">10000000</Frequency><Timestamp dt:dt=""r8"">18770777100711</Timestamp><Current dt:dt=""r8"">0</Current><DateUtc dt:dt=""string"">2021-08-28T13:20:40Z</DateUtc></FrequencyChange></FrequencyChanges></Clock>\n",S,SL003_FCS7BB,7,1.0.0.262,1,143.911,1772693215,Full,3.0.3.80,3.0.3.80,8/28/21,8/28/21 13:20,8:20:40,3.0.3.82,Keyboard,B,Keyboard,-999999,15,22838,0,1,1,1,1,BlockProc,BlockList,77,123,0.974358974,365.6842105,1,,,1698,0.935064935,414.8055556,TrialProc,TrialList,flankerCL.jpg,1,1,Keyboard,2,7,174965,153,1,496,175461,6,1,77,Cong
FC,3,1,B,"<?xml version=""1.0""?>\n<Clock xmlns:dt=""urn:schemas-microsoft-com:datatypes""><Description dt:dt=""string"">E-Prime Primary Realtime Clock</Description><StartTime><Timestamp dt:dt=""int"">0</Timestamp><DateUtc dt:dt=""string"">2021-08-28T13:20:40Z</DateUtc></StartTime><FrequencyChanges><FrequencyChange><Frequency dt:dt=""r8"">10000000</Frequency><Timestamp dt:dt=""r8"">18770777100711</Timestamp><Current dt:dt=""r8"">0</Current><DateUtc dt:dt=""string"">2021-08-28T13:20:40Z</DateUtc></FrequencyChange></FrequencyChanges></Clock>\n",S,SL003_FCS7BB,7,1.0.0.262,1,143.911,1772693215,Full,3.0.3.80,3.0.3.80,8/28/21,8/28/21 13:20,8:20:40,3.0.3.82,Keyboard,B,Keyboard,-999999,15,22838,0,1,1,1,1,BlockProc,BlockList,78,213,,,4,0.897435897,467.3428571,1698,0.935897436,414.4246575,TrialProc,TrialList,flankerIR.jpg,1,4,Keyboard,2,10,176826,160,4,387,177213,9,1,78,Incon
FC,3,1,B,"<?xml version=""1.0""?>\n<Clock xmlns:dt=""urn:schemas-microsoft-com:datatypes""><Description dt:dt=""string"">E-Prime Primary Realtime Clock</Description><StartTime><Timestamp dt:dt=""int"">0</Timestamp><DateUtc dt:dt=""string"">2021-08-28T13:20:40Z</DateUtc></StartTime><FrequencyChanges><FrequencyChange><Frequency dt:dt=""r8"">10000000</Frequency><Timestamp dt:dt=""r8"">18770777100711</Timestamp><Current dt:dt=""r8"">0</Current><DateUtc dt:dt=""string"">2021-08-28T13:20:40Z</DateUtc></FrequencyChange></FrequencyChanges></Clock>\n",S,SL003_FCS7BB,7,1.0.0.262,1,143.911,1772693215,Full,3.0.3.80,3.0.3.80,8/28/21,8/28/21 13:20,8:20:40,3.0.3.82,Keyboard,B,Keyboard,-999999,15,22838,0,1,1,1,1,BlockProc,BlockList,79,223,,,1,0.9,465.2777778,1698,0.936708861,414.1351351,TrialProc,TrialList,flankerIL.jpg,1,1,Keyboard,2,10,178694,160,1,393,179087,12,1,79,Incon
FC,3,1,B,"<?xml version=""1.0""?>\n<Clock xmlns:dt=""urn:schemas-microsoft-com:datatypes""><Description dt:dt=""string"">E-Prime Primary Realtime Clock</Description><StartTime><Timestamp dt:dt=""int"">0</Timestamp><DateUtc dt:dt=""string"">2021-08-28T13:20:40Z</DateUtc></StartTime><FrequencyChanges><FrequencyChange><Frequency dt:dt=""r8"">10000000</Frequency><Timestamp dt:dt=""r8"">18770777100711</Timestamp><Current dt:dt=""r8"">0</Current><DateUtc dt:dt=""string"">2021-08-28T13:20:40Z</DateUtc></FrequencyChange></FrequencyChanges></Clock>\n",S,SL003_FCS7BB,7,1.0.0.262,1,143.911,1772693215,Full,3.0.3.80,3.0.3.80,8/28/21,8/28/21 13:20,8:20:40,3.0.3.82,Keyboard,B,Keyboard,-999999,15,22838,0,1,1,1,1,BlockProc,BlockList,80,213,,,4,0.902439024,465.8648649,1698,0.9375,415.1066667,TrialProc,TrialList,flankerIR.jpg,1,4,Keyboard,2,10,180562,160,4,487,181049,9,1,80,Incon
FC,3,1,B,"<?xml version=""1.0""?>\n<Clock xmlns:dt=""urn:schemas-microsoft-com:datatypes""><Description dt:dt=""string"">E-Prime Primary Realtime Clock</Description><StartTime><Timestamp dt:dt=""int"">0</Timestamp><DateUtc dt:dt=""string"">2021-08-28T13:20:40Z</DateUtc></StartTime><FrequencyChanges><FrequencyChange><Frequency dt:dt=""r8"">10000000</Frequency><Timestamp dt:dt=""r8"">18770777100711</Timestamp><Current dt:dt=""r8"">0</Current><DateUtc dt:dt=""string"">2021-08-28T13:20:40Z</DateUtc></FrequencyChange></FrequencyChanges></Clock>\n",S,SL003_FCS7BB,7,1.0.0.262,1,143.911,1772693215,Full,3.0.3.80,3.0.3.80,8/28/21,8/28/21 13:20,8:20:40,3.0.3.82,Keyboard,B,Keyboard,-999999,15,22838,0,1,1,1,1,BlockProc,BlockList,81,213,,,4,0.904761905,463.5526316,1698,0.938271605,414.6184211,TrialProc,TrialList,flankerIR.jpg,1,4,Keyboard,2,10,182430,153,4,378,182808,9,1,81,Incon
FC,3,1,B,"<?xml version=""1.0""?>\n<Clock xmlns:dt=""urn:schemas-microsoft-com:datatypes""><Description dt:dt=""string"">E-Prime Primary Realtime Clock</Description><StartTime><Timestamp dt:dt=""int"">0</Timestamp><DateUtc dt:dt=""string"">2021-08-28T13:20:40Z</DateUtc></StartTime><FrequencyChanges><FrequencyChange><Frequency dt:dt=""r8"">10000000</Frequency><Timestamp dt:dt=""r8"">18770777100711</Timestamp><Current dt:dt=""r8"">0</Current><DateUtc dt:dt=""string"">2021-08-28T13:20:40Z</DateUtc></FrequencyChange></FrequencyChanges></Clock>\n",S,SL003_FCS7BB,7,1.0.0.262,1,143.911,1772693215,Full,3.0.3.80,3.0.3.80,8/28/21,8/28/21 13:20,8:20:40,3.0.3.82,Keyboard,B,Keyboard,-999999,15,22838,0,1,1,1,1,BlockProc,BlockList,82,222,,,1,0.906976744,461.7435897,1500,0.93902439,414.3376623,TrialProc,TrialList,flankerIL.jpg,1,1,Keyboard,2,10,184291,160,1,393,184684,11,1,82,Incon
FC,3,1,B,"<?xml version=""1.0""?>\n<Clock xmlns:dt=""urn:schemas-microsoft-com:datatypes""><Description dt:dt=""string"">E-Prime Primary Realtime Clock</Description><StartTime><Timestamp dt:dt=""int"">0</Timestamp><DateUtc dt:dt=""string"">2021-08-28T13:20:40Z</DateUtc></StartTime><FrequencyChanges><FrequencyChange><Frequency dt:dt=""r8"">10000000</Frequency><Timestamp dt:dt=""r8"">18770777100711</Timestamp><Current dt:dt=""r8"">0</Current><DateUtc dt:dt=""string"">2021-08-28T13:20:40Z</DateUtc></FrequencyChange></FrequencyChanges></Clock>\n",S,SL003_FCS7BB,7,1.0.0.262,1,143.911,1772693215,Full,3.0.3.80,3.0.3.80,8/28/21,8/28/21 13:20,8:20:40,3.0.3.82,Keyboard,B,Keyboard,-999999,15,22838,0,1,1,1,1,BlockProc,BlockList,83,112,0.975,366.7948718,4,,,1500,0.939759036,414.2692308,TrialProc,TrialList,flankerCR.jpg,1,4,Keyboard,3,6,185957,160,4,409,186366,2,1,83,Cong
FC,3,1,B,"<?xml version=""1.0""?>\n<Clock xmlns:dt=""urn:schemas-microsoft-com:datatypes""><Description dt:dt=""string"">E-Prime Primary Realtime Clock</Description><StartTime><Timestamp dt:dt=""int"">0</Timestamp><DateUtc dt:dt=""string"">2021-08-28T13:20:40Z</DateUtc></StartTime><FrequencyChanges><FrequencyChange><Frequency dt:dt=""r8"">10000000</Frequency><Timestamp dt:dt=""r8"">18770777100711</Timestamp><Current dt:dt=""r8"">0</Current><DateUtc dt:dt=""string"">2021-08-28T13:20:40Z</DateUtc></FrequencyChange></FrequencyChanges></Clock>\n",S,SL003_FCS7BB,7,1.0.0.262,1,143.911,1772693215,Full,3.0.3.80,3.0.3.80,8/28/21,8/28/21 13:20,8:20:40,3.0.3.82,Keyboard,B,Keyboard,-999999,15,22838,0,1,1,1,1,BlockProc,BlockList,84,112,0.975609756,367.45,4,,,1500,0.94047619,414,TrialProc,TrialList,flankerCR.jpg,1,4,Keyboard,2,7,187624,160,4,393,188017,2,1,84,Cong
FC,3,1,B,"<?xml version=""1.0""?>\n<Clock xmlns:dt=""urn:schemas-microsoft-com:datatypes""><Description dt:dt=""string"">E-Prime Primary Realtime Clock</Description><StartTime><Timestamp dt:dt=""int"">0</Timestamp><DateUtc dt:dt=""string"">2021-08-28T13:20:40Z</DateUtc></StartTime><FrequencyChanges><FrequencyChange><Frequency dt:dt=""r8"">10000000</Frequency><Timestamp dt:dt=""r8"">18770777100711</Timestamp><Current dt:dt=""r8"">0</Current><DateUtc dt:dt=""string"">2021-08-28T13:20:40Z</DateUtc></FrequencyChange></FrequencyChanges></Clock>\n",S,SL003_FCS7BB,7,1.0.0.262,1,143.911,1772693215,Full,3.0.3.80,3.0.3.80,8/28/21,8/28/21 13:20,8:20:40,3.0.3.82,Keyboard,B,Keyboard,-999999,15,22838,0,1,1,1,1,BlockProc,BlockList,85,211,,,4,0.909090909,463.55,1302,0.941176471,415.5,TrialProc,TrialList,flankerIR.jpg,1,4,Keyboard,2,7,189291,159,4,534,189825,7,1,85,Incon
FC,3,1,B,"<?xml version=""1.0""?>\n<Clock xmlns:dt=""urn:schemas-microsoft-com:datatypes""><Description dt:dt=""string"">E-Prime Primary Realtime Clock</Description><StartTime><Timestamp dt:dt=""int"">0</Timestamp><DateUtc dt:dt=""string"">2021-08-28T13:20:40Z</DateUtc></StartTime><FrequencyChanges><FrequencyChange><Frequency dt:dt=""r8"">10000000</Frequency><Timestamp dt:dt=""r8"">18770777100711</Timestamp><Current dt:dt=""r8"">0</Current><DateUtc dt:dt=""string"">2021-08-28T13:20:40Z</DateUtc></FrequencyChange></FrequencyChanges></Clock>\n",S,SL003_FCS7BB,7,1.0.0.262,1,143.911,1772693215,Full,3.0.3.80,3.0.3.80,8/28/21,8/28/21 13:20,8:20:40,3.0.3.82,Keyboard,B,Keyboard,-999999,15,22838,0,1,1,1,1,BlockProc,BlockList,86,212,,,4,0.911111111,462.2926829,1500,0.941860465,415.4567901,TrialProc,TrialList,flankerIR.jpg,1,4,Keyboard,2,11,190763,160,4,412,191175,8,1,86,Incon
FC,3,1,B,"<?xml version=""1.0""?>\n<Clock xmlns:dt=""urn:schemas-microsoft-com:datatypes""><Description dt:dt=""string"">E-Prime Primary Realtime Clock</Description><StartTime><Timestamp dt:dt=""int"">0</Timestamp><DateUtc dt:dt=""string"">2021-08-28T13:20:40Z</DateUtc></StartTime><FrequencyChanges><FrequencyChange><Frequency dt:dt=""r8"">10000000</Frequency><Timestamp dt:dt=""r8"">18770777100711</Timestamp><Current dt:dt=""r8"">0</Current><DateUtc dt:dt=""string"">2021-08-28T13:20:40Z</DateUtc></FrequencyChange></FrequencyChanges></Clock>\n",S,SL003_FCS7BB,7,1.0.0.262,1,143.911,1772693215,Full,3.0.3.80,3.0.3.80,8/28/21,8/28/21 13:20,8:20:40,3.0.3.82,Keyboard,B,Keyboard,-999999,15,22838,0,1,1,1,1,BlockProc,BlockList,87,221,,,1,0.913043478,464.0952381,1302,0.942528736,416.9512195,TrialProc,TrialList,flankerIL.jpg,1,1,Keyboard,3,6,192429,160,1,538,192967,10,1,87,Incon
FC,3,1,B,"<?xml version=""1.0""?>\n<Clock xmlns:dt=""urn:schemas-microsoft-com:datatypes""><Description dt:dt=""string"">E-Prime Primary Realtime Clock</Description><StartTime><Timestamp dt:dt=""int"">0</Timestamp><DateUtc dt:dt=""string"">2021-08-28T13:20:40Z</DateUtc></StartTime><FrequencyChanges><FrequencyChange><Frequency dt:dt=""r8"">10000000</Frequency><Timestamp dt:dt=""r8"">18770777100711</Timestamp><Current dt:dt=""r8"">0</Current><DateUtc dt:dt=""string"">2021-08-28T13:20:40Z</DateUtc></FrequencyChange></FrequencyChanges></Clock>\n",S,SL003_FCS7BB,7,1.0.0.262,1,143.911,1772693215,Full,3.0.3.80,3.0.3.80,8/28/21,8/28/21 13:20,8:20:40,3.0.3.82,Keyboard,B,Keyboard,-999999,15,22838,0,1,1,1,1,BlockProc,BlockList,88,123,0.976190476,366.0731707,1,,,1698,0.943181818,415.6746988,TrialProc,TrialList,flankerCL.jpg,1,1,Keyboard,2,11,193902,159,1,311,194213,6,1,88,Cong
FC,3,1,B,"<?xml version=""1.0""?>\n<Clock xmlns:dt=""urn:schemas-microsoft-com:datatypes""><Description dt:dt=""string"">E-Prime Primary Realtime Clock</Description><StartTime><Timestamp dt:dt=""int"">0</Timestamp><DateUtc dt:dt=""string"">2021-08-28T13:20:40Z</DateUtc></StartTime><FrequencyChanges><FrequencyChange><Frequency dt:dt=""r8"">10000000</Frequency><Timestamp dt:dt=""r8"">18770777100711</Timestamp><Current dt:dt=""r8"">0</Current><DateUtc dt:dt=""string"">2021-08-28T13:20:40Z</DateUtc></FrequencyChange></FrequencyChanges></Clock>\n",S,SL003_FCS7BB,7,1.0.0.262,1,143.911,1772693215,Full,3.0.3.80,3.0.3.80,8/28/21,8/28/21 13:20,8:20:40,3.0.3.82,Keyboard,B,Keyboard,-999999,15,22838,0,1,1,1,1,BlockProc,BlockList,89,122,0.976744186,364.2857143,1,,,1500,0.943820225,414.1904762,TrialProc,TrialList,flankerCL.jpg,1,1,Keyboard,2,11,195770,159,1,291,196061,5,1,89,Cong
FC,3,1,B,"<?xml version=""1.0""?>\n<Clock xmlns:dt=""urn:schemas-microsoft-com:datatypes""><Description dt:dt=""string"">E-Prime Primary Realtime Clock</Description><StartTime><Timestamp dt:dt=""int"">0</Timestamp><DateUtc dt:dt=""string"">2021-08-28T13:20:40Z</DateUtc></StartTime><FrequencyChanges><FrequencyChange><Frequency dt:dt=""r8"">10000000</Frequency><Timestamp dt:dt=""r8"">18770777100711</Timestamp><Current dt:dt=""r8"">0</Current><DateUtc dt:dt=""string"">2021-08-28T13:20:40Z</DateUtc></FrequencyChange></FrequencyChanges></Clock>\n",S,SL003_FCS7BB,7,1.0.0.262,1,143.911,1772693215,Full,3.0.3.80,3.0.3.80,8/28/21,8/28/21 13:20,8:20:40,3.0.3.82,Keyboard,B,Keyboard,-999999,15,22838,0,1,1,1,1,BlockProc,BlockList,90,121,0.977272727,363.3953488,1,,,1302,0.944444444,413.1529412,TrialProc,TrialList,flankerCL.jpg,1,1,Keyboard,3,7,197436,160,1,326,197762,4,1,90,Cong
FC,3,1,B,"<?xml version=""1.0""?>\n<Clock xmlns:dt=""urn:schemas-microsoft-com:datatypes""><Description dt:dt=""string"">E-Prime Primary Realtime Clock</Description><StartTime><Timestamp dt:dt=""int"">0</Timestamp><DateUtc dt:dt=""string"">2021-08-28T13:20:40Z</DateUtc></StartTime><FrequencyChanges><FrequencyChange><Frequency dt:dt=""r8"">10000000</Frequency><Timestamp dt:dt=""r8"">18770777100711</Timestamp><Current dt:dt=""r8"">0</Current><DateUtc dt:dt=""string"">2021-08-28T13:20:40Z</DateUtc></FrequencyChange></FrequencyChanges></Clock>\n",S,SL003_FCS7BB,7,1.0.0.262,1,143.911,1772693215,Full,3.0.3.80,3.0.3.80,8/28/21,8/28/21 13:20,8:20:40,3.0.3.82,Keyboard,B,Keyboard,-999999,15,22838,0,1,1,1,1,BlockProc,BlockList,91,111,0.977777778,363.9090909,4,,,1302,0.945054945,412.8372093,TrialProc,TrialList,flankerCR.jpg,1,4,Keyboard,3,10,198908,160,4,386,199294,1,1,91,Cong
FC,3,1,B,"<?xml version=""1.0""?>\n<Clock xmlns:dt=""urn:schemas-microsoft-com:datatypes""><Description dt:dt=""string"">E-Prime Primary Realtime Clock</Description><StartTime><Timestamp dt:dt=""int"">0</Timestamp><DateUtc dt:dt=""string"">2021-08-28T13:20:40Z</DateUtc></StartTime><FrequencyChanges><FrequencyChange><Frequency dt:dt=""r8"">10000000</Frequency><Timestamp dt:dt=""r8"">18770777100711</Timestamp><Current dt:dt=""r8"">0</Current><DateUtc dt:dt=""string"">2021-08-28T13:20:40Z</DateUtc></FrequencyChange></FrequencyChanges></Clock>\n",S,SL003_FCS7BB,7,1.0.0.262,1,143.911,1772693215,Full,3.0.3.80,3.0.3.80,8/28/21,8/28/21 13:20,8:20:40,3.0.3.82,Keyboard,B,Keyboard,-999999,15,22838,0,1,1,1,1,BlockProc,BlockList,92,123,0.97826087,366.7333333,1,,,1698,0.945652174,413.7356322,TrialProc,TrialList,flankerCL.jpg,1,1,Keyboard,2,11,200381,159,1,491,200872,6,1,92,Cong
FC,3,1,B,"<?xml version=""1.0""?>\n<Clock xmlns:dt=""urn:schemas-microsoft-com:datatypes""><Description dt:dt=""string"">E-Prime Primary Realtime Clock</Description><StartTime><Timestamp dt:dt=""int"">0</Timestamp><DateUtc dt:dt=""string"">2021-08-28T13:20:40Z</DateUtc></StartTime><FrequencyChanges><FrequencyChange><Frequency dt:dt=""r8"">10000000</Frequency><Timestamp dt:dt=""r8"">18770777100711</Timestamp><Current dt:dt=""r8"">0</Current><DateUtc dt:dt=""string"">2021-08-28T13:20:40Z</DateUtc></FrequencyChange></FrequencyChanges></Clock>\n",S,SL003_FCS7BB,7,1.0.0.262,1,143.911,1772693215,Full,3.0.3.80,3.0.3.80,8/28/21,8/28/21 13:20,8:20:40,3.0.3.82,Keyboard,B,Keyboard,-999999,15,22838,0,1,1,1,1,BlockProc,BlockList,93,121,0.978723404,368.0652174,1,,,1302,0.946236559,413.8977273,TrialProc,TrialList,flankerCL.jpg,1,1,Keyboard,2,11,202249,152,1,428,202677,4,1,93,Cong
FC,3,1,B,"<?xml version=""1.0""?>\n<Clock xmlns:dt=""urn:schemas-microsoft-com:datatypes""><Description dt:dt=""string"">E-Prime Primary Realtime Clock</Description><StartTime><Timestamp dt:dt=""int"">0</Timestamp><DateUtc dt:dt=""string"">2021-08-28T13:20:40Z</DateUtc></StartTime><FrequencyChanges><FrequencyChange><Frequency dt:dt=""r8"">10000000</Frequency><Timestamp dt:dt=""r8"">18770777100711</Timestamp><Current dt:dt=""r8"">0</Current><DateUtc dt:dt=""string"">2021-08-28T13:20:40Z</DateUtc></FrequencyChange></FrequencyChanges></Clock>\n",S,SL003_FCS7BB,7,1.0.0.262,1,143.911,1772693215,Full,3.0.3.80,3.0.3.80,8/28/21,8/28/21 13:20,8:20:40,3.0.3.82,Keyboard,B,Keyboard,-999999,15,22838,0,1,1,1,1,BlockProc,BlockList,94,112,0.979166667,369.212766,4,,,1500,0.946808511,413.988764,TrialProc,TrialList,flankerCR.jpg,1,4,Keyboard,2,11,203714,160,4,422,204136,2,1,94,Cong
FC,3,1,B,"<?xml version=""1.0""?>\n<Clock xmlns:dt=""urn:schemas-microsoft-com:datatypes""><Description dt:dt=""string"">E-Prime Primary Realtime Clock</Description><StartTime><Timestamp dt:dt=""int"">0</Timestamp><DateUtc dt:dt=""string"">2021-08-28T13:20:40Z</DateUtc></StartTime><FrequencyChanges><FrequencyChange><Frequency dt:dt=""r8"">10000000</Frequency><Timestamp dt:dt=""r8"">18770777100711</Timestamp><Current dt:dt=""r8"">0</Current><DateUtc dt:dt=""string"">2021-08-28T13:20:40Z</DateUtc></FrequencyChange></FrequencyChanges></Clock>\n",S,SL003_FCS7BB,7,1.0.0.262,1,143.911,1772693215,Full,3.0.3.80,3.0.3.80,8/28/21,8/28/21 13:20,8:20:40,3.0.3.82,Keyboard,B,Keyboard,-999999,15,22838,0,1,1,1,1,BlockProc,BlockList,95,223,,,1,0.893617021,,1698,0.936842105,,TrialProc,TrialList,flankerIL.jpg,0,1,Keyboard,3,6,205380,160,4,259,205639,12,1,95,Incon
FC,3,1,B,"<?xml version=""1.0""?>\n<Clock xmlns:dt=""urn:schemas-microsoft-com:datatypes""><Description dt:dt=""string"">E-Prime Primary Realtime Clock</Description><StartTime><Timestamp dt:dt=""int"">0</Timestamp><DateUtc dt:dt=""string"">2021-08-28T13:20:40Z</DateUtc></StartTime><FrequencyChanges><FrequencyChange><Frequency dt:dt=""r8"">10000000</Frequency><Timestamp dt:dt=""r8"">18770777100711</Timestamp><Current dt:dt=""r8"">0</Current><DateUtc dt:dt=""string"">2021-08-28T13:20:40Z</DateUtc></FrequencyChange></FrequencyChanges></Clock>\n",S,SL003_FCS7BB,7,1.0.0.262,1,143.911,1772693215,Full,3.0.3.80,3.0.3.80,8/28/21,8/28/21 13:20,8:20:40,3.0.3.82,Keyboard,B,Keyboard,-999999,15,22838,0,1,1,1,1,BlockProc,BlockList,96,212,,,4,0.895833333,462.5813953,1500,0.9375,413.8222222,TrialProc,TrialList,flankerIR.jpg,1,4,Keyboard,3,10,207248,153,4,399,207647,8,1,96,Incon