C:\Users\pindus\Desktop\SITLess_Data\EXP1\COG\PRE\FC\SL003\SL003_FCS6BB.edat3,,,,,,,,,,,,,,,,,,,,,,,,,,,,,,,,,,,,,,,,,,,,,,,,,,,,,,,,,,,
ExperimentName,Subject,Session,BlockID,Clock.Information,CogSeq,DataFile.Basename,Day,ExperimentVersion,Group,Participant.RefreshRate,RandomSeed,RuntimeCapabilities,RuntimeVersion,RuntimeVersionExpected,SessionDate,SessionStartDateTimeUtc,SessionTime,StudioVersion,ThankYou.DEVICE,Timing,Welcome.DEVICE,Welcome.DurationError,Welcome.OnsetDelay,Welcome.OnsetTime,Welcome.OnsetToOnsetTime,Block,BlockList,BlockList.Cycle,BlockList.Sample,Procedure[Block],Running[Block],Trial,Condition,CongAcc,CongRT,CorrectAnswer,InconAcc,InconRT,ITI,Omissions,OverallACC,OverallRT,Procedure[Trial],Running[Trial],Stimulus,Stimulus.ACC,Stimulus.CRESP,Stimulus.DEVICE,Stimulus.DurationError,Stimulus.OnsetDelay,Stimulus.OnsetTime,Stimulus.OnsetToOnsetTime,Stimulus.RESP,Stimulus.RT,Stimulus.RTTime,TrialList,TrialList.Cycle,TrialList.Sample,TrialType
FC,3,1,B,"<?xml version=""1.0""?>\n<Clock xmlns:dt=""urn:schemas-microsoft-com:datatypes""><Description dt:dt=""string"">E-Prime Primary Realtime Clock</Description><StartTime><Timestamp dt:dt=""int"">0</Timestamp><DateUtc dt:dt=""string"">2021-08-22T13:07:16Z</DateUtc></StartTime><FrequencyChanges><FrequencyChange><Frequency dt:dt=""r8"">10000000</Frequency><Timestamp dt:dt=""r8"">13578792482891</Timestamp><Current dt:dt=""r8"">0</Current><DateUtc dt:dt=""string"">2021-08-22T13:07:16Z</DateUtc></FrequencyChange></FrequencyChanges></Clock>\n",S,SL003_FCS6BB,6,1.0.0.262,1,143.973,-1891543596,Full,3.0.3.80,3.0.3.80,8/22/21,8/22/21 13:07,8:07:16,3.0.3.82,Keyboard,B,Keyboard,-999999,15,11708,0,1,1,1,1,BlockProc,BlockList,1,113,1,385,4,,,1698,,1,385,TrialProc,TrialList,flankerCR.jpg,1,4,Keyboard,4,31,359127,160,4,385,359512,3,1,1,Cong
FC,3,1,B,"<?xml version=""1.0""?>\n<Clock xmlns:dt=""urn:schemas-microsoft-com:datatypes""><Description dt:dt=""string"">E-Prime Primary Realtime Clock</Description><StartTime><Timestamp dt:dt=""int"">0</Timestamp><DateUtc dt:dt=""string"">2021-08-22T13:07:16Z</DateUtc></StartTime><FrequencyChanges><FrequencyChange><Frequency dt:dt=""r8"">10000000</Frequency><Timestamp dt:dt=""r8"">13578792482891</Timestamp><Current dt:dt=""r8"">0</Current><DateUtc dt:dt=""string"">2021-08-22T13:07:16Z</DateUtc></FrequencyChange></FrequencyChanges></Clock>\n",S,SL003_FCS6BB,6,1.0.0.262,1,143.973,-1891543596,Full,3.0.3.80,3.0.3.80,8/22/21,8/22/21 13:07,8:07:16,3.0.3.82,Keyboard,B,Keyboard,-999999,15,11708,0,1,1,1,1,BlockProc,BlockList,2,211,,,4,0,,1302,,0.5,,TrialProc,TrialList,flankerIR.jpg,0,4,Keyboard,2,10,360995,160,1,371,361366,7,1,2,Incon
FC,3,1,B,"<?xml version=""1.0""?>\n<Clock xmlns:dt=""urn:schemas-microsoft-com:datatypes""><Description dt:dt=""string"">E-Prime Primary Realtime Clock</Description><StartTime><Timestamp dt:dt=""int"">0</Timestamp><DateUtc dt:dt=""string"">2021-08-22T13:07:16Z</DateUtc></StartTime><FrequencyChanges><FrequencyChange><Frequency dt:dt=""r8"">10000000</Frequency><Timestamp dt:dt=""r8"">13578792482891</Timestamp><Current dt:dt=""r8"">0</Current><DateUtc dt:dt=""string"">2021-08-22T13:07:16Z</DateUtc></FrequencyChange></FrequencyChanges></Clock>\n",S,SL003_FCS6BB,6,1.0.0.262,1,143.973,-1891543596,Full,3.0.3.80,3.0.3.80,8/22/21,8/22/21 13:07,8:07:16,3.0.3.82,Keyboard,B,Keyboard,-999999,15,11708,0,1,1,1,1,BlockProc,BlockList,3,121,1,385.5,1,,,1302,,0.666666667,385.5,TrialProc,TrialList,flankerCL.jpg,1,1,Keyboard,2,10,362467,160,1,386,362853,4,1,3,Cong
FC,3,1,B,"<?xml version=""1.0""?>\n<Clock xmlns:dt=""urn:schemas-microsoft-com:datatypes""><Description dt:dt=""string"">E-Prime Primary Realtime Clock</Description><StartTime><Timestamp dt:dt=""int"">0</Timestamp><DateUtc dt:dt=""string"">2021-08-22T13:07:16Z</DateUtc></StartTime><FrequencyChanges><FrequencyChange><Frequency dt:dt=""r8"">10000000</Frequency><Timestamp dt:dt=""r8"">13578792482891</Timestamp><Current dt:dt=""r8"">0</Current><DateUtc dt:dt=""string"">2021-08-22T13:07:16Z</DateUtc></FrequencyChange></FrequencyChanges></Clock>\n",S,SL003_FCS6BB,6,1.0.0.262,1,143.973,-1891543596,Full,3.0.3.80,3.0.3.80,8/22/21,8/22/21 13:07,8:07:16,3.0.3.82,Keyboard,B,Keyboard,-999999,15,11708,0,1,1,1,1,BlockProc,BlockList,4,221,,,1,0,,1302,,0.5,,TrialProc,TrialList,flankerIL.jpg,0,1,Keyboard,3,10,363939,160,4,367,364306,10,1,4,Incon
FC,3,1,B,"<?xml version=""1.0""?>\n<Clock xmlns:dt=""urn:schemas-microsoft-com:datatypes""><Description dt:dt=""string"">E-Prime Primary Realtime Clock</Description><StartTime><Timestamp dt:dt=""int"">0</Timestamp><DateUtc dt:dt=""string"">2021-08-22T13:07:16Z</DateUtc></StartTime><FrequencyChanges><FrequencyChange><Frequency dt:dt=""r8"">10000000</Frequency><Timestamp dt:dt=""r8"">13578792482891</Timestamp><Current dt:dt=""r8"">0</Current><DateUtc dt:dt=""string"">2021-08-22T13:07:16Z</DateUtc></FrequencyChange></FrequencyChanges></Clock>\n",S,SL003_FCS6BB,6,1.0.0.262,1,143.973,-1891543596,Full,3.0.3.80,3.0.3.80,8/22/21,8/22/21 13:07,8:07:16,3.0.3.82,Keyboard,B,Keyboard,-999999,15,11708,0,1,1,1,1,BlockProc,BlockList,5,121,1,387,1,,,1302,,0.6,387,TrialProc,TrialList,flankerCL.jpg,1,1,Keyboard,3,10,365411,160,1,390,365801,4,1,5,Cong
FC,3,1,B,"<?xml version=""1.0""?>\n<Clock xmlns:dt=""urn:schemas-microsoft-com:datatypes""><Description dt:dt=""string"">E-Prime Primary Realtime Clock</Description><StartTime><Timestamp dt:dt=""int"">0</Timestamp><DateUtc dt:dt=""string"">2021-08-22T13:07:16Z</DateUtc></StartTime><FrequencyChanges><FrequencyChange><Frequency dt:dt=""r8"">10000000</Frequency><Timestamp dt:dt=""r8"">13578792482891</Timestamp><Current dt:dt=""r8"">0</Current><DateUtc dt:dt=""string"">2021-08-22T13:07:16Z</DateUtc></FrequencyChange></FrequencyChanges></Clock>\n",S,SL003_FCS6BB,6,1.0.0.262,1,143.973,-1891543596,Full,3.0.3.80,3.0.3.80,8/22/21,8/22/21 13:07,8:07:16,3.0.3.82,Keyboard,B,Keyboard,-999999,15,11708,0,1,1,1,1,BlockProc,BlockList,6,213,,,4,0.333333333,412,1698,,0.666666667,393.25,TrialProc,TrialList,flankerIR.jpg,1,4,Keyboard,2,11,366884,159,4,412,367296,9,1,6,Incon
FC,3,1,B,"<?xml version=""1.0""?>\n<Clock xmlns:dt=""urn:schemas-microsoft-com:datatypes""><Description dt:dt=""string"">E-Prime Primary Realtime Clock</Description><StartTime><Timestamp dt:dt=""int"">0</Timestamp><DateUtc dt:dt=""string"">2021-08-22T13:07:16Z</DateUtc></StartTime><FrequencyChanges><FrequencyChange><Frequency dt:dt=""r8"">10000000</Frequency><Timestamp dt:dt=""r8"">13578792482891</Timestamp><Current dt:dt=""r8"">0</Current><DateUtc dt:dt=""string"">2021-08-22T13:07:16Z</DateUtc></FrequencyChange></FrequencyChanges></Clock>\n",S,SL003_FCS6BB,6,1.0.0.262,1,143.973,-1891543596,Full,3.0.3.80,3.0.3.80,8/22/21,8/22/21 13:07,8:07:16,3.0.3.82,Keyboard,B,Keyboard,-999999,15,11708,0,1,1,1,1,BlockProc,BlockList,7,212,,,4,0.5,429,1500,,0.714285714,403.8,TrialProc,TrialList,flankerIR.jpg,1,4,Keyboard,2,11,368752,159,4,446,369198,8,1,7,Incon
FC,3,1,B,"<?xml version=""1.0""?>\n<Clock xmlns:dt=""urn:schemas-microsoft-com:datatypes""><Description dt:dt=""string"">E-Prime Primary Realtime Clock</Description><StartTime><Timestamp dt:dt=""int"">0</Timestamp><DateUtc dt:dt=""string"">2021-08-22T13:07:16Z</DateUtc></StartTime><FrequencyChanges><FrequencyChange><Frequency dt:dt=""r8"">10000000</Frequency><Timestamp dt:dt=""r8"">13578792482891</Timestamp><Current dt:dt=""r8"">0</Current><DateUtc dt:dt=""string"">2021-08-22T13:07:16Z</DateUtc></FrequencyChange></FrequencyChanges></Clock>\n",S,SL003_FCS6BB,6,1.0.0.262,1,143.973,-1891543596,Full,3.0.3.80,3.0.3.80,8/22/21,8/22/21 13:07,8:07:16,3.0.3.82,Keyboard,B,Keyboard,-999999,15,11708,0,1,1,1,1,BlockProc,BlockList,8,222,,,1,0.6,462.6666667,1500,,0.75,424.8333333,TrialProc,TrialList,flankerIL.jpg,1,1,Keyboard,2,7,370418,160,1,530,370948,11,1,8,Incon
FC,3,1,B,"<?xml version=""1.0""?>\n<Clock xmlns:dt=""urn:schemas-microsoft-com:datatypes""><Description dt:dt=""string"">E-Prime Primary Realtime Clock</Description><StartTime><Timestamp dt:dt=""int"">0</Timestamp><DateUtc dt:dt=""string"">2021-08-22T13:07:16Z</DateUtc></StartTime><FrequencyChanges><FrequencyChange><Frequency dt:dt=""r8"">10000000</Frequency><Timestamp dt:dt=""r8"">13578792482891</Timestamp><Current dt:dt=""r8"">0</Current><DateUtc dt:dt=""string"">2021-08-22T13:07:16Z</DateUtc></FrequencyChange></FrequencyChanges></Clock>\n",S,SL003_FCS6BB,6,1.0.0.262,1,143.973,-1891543596,Full,3.0.3.80,3.0.3.80,8/22/21,8/22/21 13:07,8:07:16,3.0.3.82,Keyboard,B,Keyboard,-999999,15,11708,0,1,1,1,1,BlockProc,BlockList,9,123,1,376.25,1,,,1698,,0.777777778,413.2857143,TrialProc,TrialList,flankerCL.jpg,1,1,Keyboard,2,7,372085,160,1,344,372429,6,1,9,Cong
FC,3,1,B,"<?xml version=""1.0""?>\n<Clock xmlns:dt=""urn:schemas-microsoft-com:datatypes""><Description dt:dt=""string"">E-Prime Primary Realtime Clock</Description><StartTime><Timestamp dt:dt=""int"">0</Timestamp><DateUtc dt:dt=""string"">2021-08-22T13:07:16Z</DateUtc></StartTime><FrequencyChanges><FrequencyChange><Frequency dt:dt=""r8"">10000000</Frequency><Timestamp dt:dt=""r8"">13578792482891</Timestamp><Current dt:dt=""r8"">0</Current><DateUtc dt:dt=""string"">2021-08-22T13:07:16Z</DateUtc></FrequencyChange></FrequencyChanges></Clock>\n",S,SL003_FCS6BB,6,1.0.0.262,1,143.973,-1891543596,Full,3.0.3.80,3.0.3.80,8/22/21,8/22/21 13:07,8:07:16,3.0.3.82,Keyboard,B,Keyboard,-999999,15,11708,0,1,1,1,1,BlockProc,BlockList,10,122,1,355.4,1,,,1500,,0.8,395.625,TrialProc,TrialList,flankerCL.jpg,1,1,Keyboard,2,10,373953,160,1,272,374225,5,1,10,Cong
FC,3,1,B,"<?xml version=""1.0""?>\n<Clock xmlns:dt=""urn:schemas-microsoft-com:datatypes""><Description dt:dt=""string"">E-Prime Primary Realtime Clock</Description><StartTime><Timestamp dt:dt=""int"">0</Timestamp><DateUtc dt:dt=""string"">2021-08-22T13:07:16Z</DateUtc></StartTime><FrequencyChanges><FrequencyChange><Frequency dt:dt=""r8"">10000000</Frequency><Timestamp dt:dt=""r8"">13578792482891</Timestamp><Current dt:dt=""r8"">0</Current><DateUtc dt:dt=""string"">2021-08-22T13:07:16Z</DateUtc></FrequencyChange></FrequencyChanges></Clock>\n",S,SL003_FCS6BB,6,1.0.0.262,1,143.973,-1891543596,Full,3.0.3.80,3.0.3.80,8/22/21,8/22/21 13:07,8:07:16,3.0.3.82,Keyboard,B,Keyboard,-999999,15,11708,0,1,1,1,1,BlockProc,BlockList,11,112,1,357.3333333,4,,,1500,,0.818181818,392.4444444,TrialProc,TrialList,flankerCR.jpg,1,4,Keyboard,3,6,375619,153,4,367,375986,2,1,11,Cong
FC,3,1,B,"<?xml version=""1.0""?>\n<Clock xmlns:dt=""urn:schemas-microsoft-com:datatypes""><Description dt:dt=""string"">E-Prime Primary Realtime Clock</Description><StartTime><Timestamp dt:dt=""int"">0</Timestamp><DateUtc dt:dt=""string"">2021-08-22T13:07:16Z</DateUtc></StartTime><FrequencyChanges><FrequencyChange><Frequency dt:dt=""r8"">10000000</Frequency><Timestamp dt:dt=""r8"">13578792482891</Timestamp><Current dt:dt=""r8"">0</Current><DateUtc dt:dt=""string"">2021-08-22T13:07:16Z</DateUtc></FrequencyChange></FrequencyChanges></Clock>\n",S,SL003_FCS6BB,6,1.0.0.262,1,143.973,-1891543596,Full,3.0.3.80,3.0.3.80,8/22/21,8/22/21 13:07,8:07:16,3.0.3.82,Keyboard,B,Keyboard,-999999,15,11708,0,1,1,1,1,BlockProc,BlockList,12,121,1,360.7142857,1,,,1302,,0.833333333,391.3,TrialProc,TrialList,flankerCL.jpg,1,1,Keyboard,2,7,377279,160,1,381,377660,4,1,12,Cong
FC,3,1,B,"<?xml version=""1.0""?>\n<Clock xmlns:dt=""urn:schemas-microsoft-com:datatypes""><Description dt:dt=""string"">E-Prime Primary Realtime Clock</Description><StartTime><Timestamp dt:dt=""int"">0</Timestamp><DateUtc dt:dt=""string"">2021-08-22T13:07:16Z</DateUtc></StartTime><FrequencyChanges><FrequencyChange><Frequency dt:dt=""r8"">10000000</Frequency><Timestamp dt:dt=""r8"">13578792482891</Timestamp><Current dt:dt=""r8"">0</Current><DateUtc dt:dt=""string"">2021-08-22T13:07:16Z</DateUtc></FrequencyChange></FrequencyChanges></Clock>\n",S,SL003_FCS6BB,6,1.0.0.262,1,143.973,-1891543596,Full,3.0.3.80,3.0.3.80,8/22/21,8/22/21 13:07,8:07:16,3.0.3.82,Keyboard,B,Keyboard,-999999,15,11708,0,1,1,1,1,BlockProc,BlockList,13,211,,,4,0.666666667,424.5,1302,,0.846153846,383.9090909,TrialProc,TrialList,flankerIR.jpg,1,4,Keyboard,3,10,378751,160,4,310,379061,7,1,13,Incon
FC,3,1,B,"<?xml version=""1.0""?>\n<Clock xmlns:dt=""urn:schemas-microsoft-com:datatypes""><Description dt:dt=""string"">E-Prime Primary Realtime Clock</Description><StartTime><Timestamp dt:dt=""int"">0</Timestamp><DateUtc dt:dt=""string"">2021-08-22T13:07:16Z</DateUtc></StartTime><FrequencyChanges><FrequencyChange><Frequency dt:dt=""r8"">10000000</Frequency><Timestamp dt:dt=""r8"">13578792482891</Timestamp><Current dt:dt=""r8"">0</Current><DateUtc dt:dt=""string"">2021-08-22T13:07:16Z</DateUtc></FrequencyChange></FrequencyChanges></Clock>\n",S,SL003_FCS6BB,6,1.0.0.262,1,143.973,-1891543596,Full,3.0.3.80,3.0.3.80,8/22/21,8/22/21 13:07,8:07:16,3.0.3.82,Keyboard,B,Keyboard,-999999,15,11708,0,1,1,1,1,BlockProc,BlockList,14,113,1,369.125,4,,,1698,,0.857142857,387.5833333,TrialProc,TrialList,flankerCR.jpg,1,4,Keyboard,3,10,380223,160,4,428,380651,3,1,14,Cong
FC,3,1,B,"<?xml version=""1.0""?>\n<Clock xmlns:dt=""urn:schemas-microsoft-com:datatypes""><Description dt:dt=""string"">E-Prime Primary Realtime Clock</Description><StartTime><Timestamp dt:dt=""int"">0</Timestamp><DateUtc dt:dt=""string"">2021-08-22T13:07:16Z</DateUtc></StartTime><FrequencyChanges><FrequencyChange><Frequency dt:dt=""r8"">10000000</Frequency><Timestamp dt:dt=""r8"">13578792482891</Timestamp><Current dt:dt=""r8"">0</Current><DateUtc dt:dt=""string"">2021-08-22T13:07:16Z</DateUtc></FrequencyChange></FrequencyChanges></Clock>\n",S,SL003_FCS6BB,6,1.0.0.262,1,143.973,-1891543596,Full,3.0.3.80,3.0.3.80,8/22/21,8/22/21 13:07,8:07:16,3.0.3.82,Keyboard,B,Keyboard,-999999,15,11708,0,1,1,1,1,BlockProc,BlockList,15,122,1,398.3333333,1,,,1500,,0.866666667,406.3846154,TrialProc,TrialList,flankerCL.jpg,1,1,Keyboard,3,10,382091,160,1,632,382723,5,1,15,Cong
FC,3,1,B,"<?xml version=""1.0""?>\n<Clock xmlns:dt=""urn:schemas-microsoft-com:datatypes""><Description dt:dt=""string"">E-Prime Primary Realtime Clock</Description><StartTime><Timestamp dt:dt=""int"">0</Timestamp><DateUtc dt:dt=""string"">2021-08-22T13:07:16Z</DateUtc></StartTime><FrequencyChanges><FrequencyChange><Frequency dt:dt=""r8"">10000000</Frequency><Timestamp dt:dt=""r8"">13578792482891</Timestamp><Current dt:dt=""r8"">0</Current><DateUtc dt:dt=""string"">2021-08-22T13:07:16Z</DateUtc></FrequencyChange></FrequencyChanges></Clock>\n",S,SL003_FCS6BB,6,1.0.0.262,1,143.973,-1891543596,Full,3.0.3.80,3.0.3.80,8/22/21,8/22/21 13:07,8:07:16,3.0.3.82,Keyboard,B,Keyboard,-999999,15,11708,0,1,1,1,1,BlockProc,BlockList,16,113,1,395.3,4,,,1698,,0.875,403.6428571,TrialProc,TrialList,flankerCR.jpg,1,4,Keyboard,2,7,383758,160,4,368,384126,3,1,16,Cong
FC,3,1,B,"<?xml version=""1.0""?>\n<Clock xmlns:dt=""urn:schemas-microsoft-com:datatypes""><Description dt:dt=""string"">E-Prime Primary Realtime Clock</Description><StartTime><Timestamp dt:dt=""int"">0</Timestamp><DateUtc dt:dt=""string"">2021-08-22T13:07:16Z</DateUtc></StartTime><FrequencyChanges><FrequencyChange><Frequency dt:dt=""r8"">10000000</Frequency><Timestamp dt:dt=""r8"">13578792482891</Timestamp><Current dt:dt=""r8"">0</Current><DateUtc dt:dt=""string"">2021-08-22T13:07:16Z</DateUtc></FrequencyChange></FrequencyChanges></Clock>\n",S,SL003_FCS6BB,6,1.0.0.262,1,143.973,-1891543596,Full,3.0.3.80,3.0.3.80,8/22/21,8/22/21 13:07,8:07:16,3.0.3.82,Keyboard,B,Keyboard,-999999,15,11708,0,1,1,1,1,BlockProc,BlockList,17,113,1,391.5454545,4,,,1698,,0.882352941,400.3333333,TrialProc,TrialList,flankerCR.jpg,1,4,Keyboard,2,10,385626,160,4,354,385980,3,1,17,Cong
FC,3,1,B,"<?xml version=""1.0""?>\n<Clock xmlns:dt=""urn:schemas-microsoft-com:datatypes""><Description dt:dt=""string"">E-Prime Primary Realtime Clock</Description><StartTime><Timestamp dt:dt=""int"">0</Timestamp><DateUtc dt:dt=""string"">2021-08-22T13:07:16Z</DateUtc></StartTime><FrequencyChanges><FrequencyChange><Frequency dt:dt=""r8"">10000000</Frequency><Timestamp dt:dt=""r8"">13578792482891</Timestamp><Current dt:dt=""r8"">0</Current><DateUtc dt:dt=""string"">2021-08-22T13:07:16Z</DateUtc></FrequencyChange></FrequencyChanges></Clock>\n",S,SL003_FCS6BB,6,1.0.0.262,1,143.973,-1891543596,Full,3.0.3.80,3.0.3.80,8/22/21,8/22/21 13:07,8:07:16,3.0.3.82,Keyboard,B,Keyboard,-999999,15,11708,0,1,1,1,1,BlockProc,BlockList,18,213,,,4,0.714285714,444.6,1698,,0.888888889,408.125,TrialProc,TrialList,flankerIR.jpg,1,4,Keyboard,2,10,387494,160,4,525,388019,9,1,18,Incon
FC,3,1,B,"<?xml version=""1.0""?>\n<Clock xmlns:dt=""urn:schemas-microsoft-com:datatypes""><Description dt:dt=""string"">E-Prime Primary Realtime Clock</Description><StartTime><Timestamp dt:dt=""int"">0</Timestamp><DateUtc dt:dt=""string"">2021-08-22T13:07:16Z</DateUtc></StartTime><FrequencyChanges><FrequencyChange><Frequency dt:dt=""r8"">10000000</Frequency><Timestamp dt:dt=""r8"">13578792482891</Timestamp><Current dt:dt=""r8"">0</Current><DateUtc dt:dt=""string"">2021-08-22T13:07:16Z</DateUtc></FrequencyChange></FrequencyChanges></Clock>\n",S,SL003_FCS6BB,6,1.0.0.262,1,143.973,-1891543596,Full,3.0.3.80,3.0.3.80,8/22/21,8/22/21 13:07,8:07:16,3.0.3.82,Keyboard,B,Keyboard,-999999,15,11708,0,1,1,1,1,BlockProc,BlockList,19,113,1,390.25,4,,,1698,,0.894736842,406.2352941,TrialProc,TrialList,flankerCR.jpg,1,4,Keyboard,4,10,389362,160,4,376,389738,3,1,19,Cong
FC,3,1,B,"<?xml version=""1.0""?>\n<Clock xmlns:dt=""urn:schemas-microsoft-com:datatypes""><Description dt:dt=""string"">E-Prime Primary Realtime Clock</Description><StartTime><Timestamp dt:dt=""int"">0</Timestamp><DateUtc dt:dt=""string"">2021-08-22T13:07:16Z</DateUtc></StartTime><FrequencyChanges><FrequencyChange><Frequency dt:dt=""r8"">10000000</Frequency><Timestamp dt:dt=""r8"">13578792482891</Timestamp><Current dt:dt=""r8"">0</Current><DateUtc dt:dt=""string"">2021-08-22T13:07:16Z</DateUtc></FrequencyChange></FrequencyChanges></Clock>\n",S,SL003_FCS6BB,6,1.0.0.262,1,143.973,-1891543596,Full,3.0.3.80,3.0.3.80,8/22/21,8/22/21 13:07,8:07:16,3.0.3.82,Keyboard,B,Keyboard,-999999,15,11708,0,1,1,1,1,BlockProc,BlockList,20,111,1,385.9230769,4,,,1302,,0.9,402.2222222,TrialProc,TrialList,flankerCR.jpg,1,4,Keyboard,2,10,391230,160,4,334,391564,1,1,20,Cong
FC,3,1,B,"<?xml version=""1.0""?>\n<Clock xmlns:dt=""urn:schemas-microsoft-com:datatypes""><Description dt:dt=""string"">E-Prime Primary Realtime Clock</Description><StartTime><Timestamp dt:dt=""int"">0</Timestamp><DateUtc dt:dt=""string"">2021-08-22T13:07:16Z</DateUtc></StartTime><FrequencyChanges><FrequencyChange><Frequency dt:dt=""r8"">10000000</Frequency><Timestamp dt:dt=""r8"">13578792482891</Timestamp><Current dt:dt=""r8"">0</Current><DateUtc dt:dt=""string"">2021-08-22T13:07:16Z</DateUtc></FrequencyChange></FrequencyChanges></Clock>\n",S,SL003_FCS6BB,6,1.0.0.262,1,143.973,-1891543596,Full,3.0.3.80,3.0.3.80,8/22/21,8/22/21 13:07,8:07:16,3.0.3.82,Keyboard,B,Keyboard,-999999,15,11708,0,1,1,1,1,BlockProc,BlockList,21,222,,,1,0.75,452.8333333,1500,,0.904761905,407.0526316,TrialProc,TrialList,flankerIL.jpg,1,1,Keyboard,2,10,392702,160,1,494,393196,11,1,21,Incon
FC,3,1,B,"<?xml version=""1.0""?>\n<Clock xmlns:dt=""urn:schemas-microsoft-com:datatypes""><Description dt:dt=""string"">E-Prime Primary Realtime Clock</Description><StartTime><Timestamp dt:dt=""int"">0</Timestamp><DateUtc dt:dt=""string"">2021-08-22T13:07:16Z</DateUtc></StartTime><FrequencyChanges><FrequencyChange><Frequency dt:dt=""r8"">10000000</Frequency><Timestamp dt:dt=""r8"">13578792482891</Timestamp><Current dt:dt=""r8"">0</Current><DateUtc dt:dt=""string"">2021-08-22T13:07:16Z</DateUtc></FrequencyChange></FrequencyChanges></Clock>\n",S,SL003_FCS6BB,6,1.0.0.262,1,143.973,-1891543596,Full,3.0.3.80,3.0.3.80,8/22/21,8/22/21 13:07,8:07:16,3.0.3.82,Keyboard,B,Keyboard,-999999,15,11708,0,1,1,1,1,BlockProc,BlockList,22,213,,,4,0.777777778,467.1428571,1698,,0.909090909,414.35,TrialProc,TrialList,flankerIR.jpg,1,4,Keyboard,2,7,394369,160,4,553,394922,9,1,22,Incon
FC,3,1,B,"<?xml version=""1.0""?>\n<Clock xmlns:dt=""urn:schemas-microsoft-com:datatypes""><Description dt:dt=""string"">E-Prime Primary Realtime Clock</Description><StartTime><Timestamp dt:dt=""int"">0</Timestamp><DateUtc dt:dt=""string"">2021-08-22T13:07:16Z</DateUtc></StartTime><FrequencyChanges><FrequencyChange><Frequency dt:dt=""r8"">10000000</Frequency><Timestamp dt:dt=""r8"">13578792482891</Timestamp><Current dt:dt=""r8"">0</Current><DateUtc dt:dt=""string"">2021-08-22T13:07:16Z</DateUtc></FrequencyChange></FrequencyChanges></Clock>\n",S,SL003_FCS6BB,6,1.0.0.262,1,143.973,-1891543596,Full,3.0.3.80,3.0.3.80,8/22/21,8/22/21 13:07,8:07:16,3.0.3.82,Keyboard,B,Keyboard,-999999,15,11708,0,1,1,1,1,BlockProc,BlockList,23,222,,,1,0.8,480.25,1500,,0.913043478,421.8571429,TrialProc,TrialList,flankerIL.jpg,1,1,Keyboard,2,10,396237,153,1,572,396809,11,1,23,Incon
FC,3,1,B,"<?xml version=""1.0""?>\n<Clock xmlns:dt=""urn:schemas-microsoft-com:datatypes""><Description dt:dt=""string"">E-Prime Primary Realtime Clock</Description><StartTime><Timestamp dt:dt=""int"">0</Timestamp><DateUtc dt:dt=""string"">2021-08-22T13:07:16Z</DateUtc></StartTime><FrequencyChanges><FrequencyChange><Frequency dt:dt=""r8"">10000000</Frequency><Timestamp dt:dt=""r8"">13578792482891</Timestamp><Current dt:dt=""r8"">0</Current><DateUtc dt:dt=""string"">2021-08-22T13:07:16Z</DateUtc></FrequencyChange></FrequencyChanges></Clock>\n",S,SL003_FCS6BB,6,1.0.0.262,1,143.973,-1891543596,Full,3.0.3.80,3.0.3.80,8/22/21,8/22/21 13:07,8:07:16,3.0.3.82,Keyboard,B,Keyboard,-999999,15,11708,0,1,1,1,1,BlockProc,BlockList,24,221,,,1,0.818181818,491,1302,,0.916666667,428.9090909,TrialProc,TrialList,flankerIL.jpg,1,1,Keyboard,3,6,397896,160,1,577,398473,10,1,24,Incon
FC,3,1,B,"<?xml version=""1.0""?>\n<Clock xmlns:dt=""urn:schemas-microsoft-com:datatypes""><Description dt:dt=""string"">E-Prime Primary Realtime Clock</Description><StartTime><Timestamp dt:dt=""int"">0</Timestamp><DateUtc dt:dt=""string"">2021-08-22T13:07:16Z</DateUtc></StartTime><FrequencyChanges><FrequencyChange><Frequency dt:dt=""r8"">10000000</Frequency><Timestamp dt:dt=""r8"">13578792482891</Timestamp><Current dt:dt=""r8"">0</Current><DateUtc dt:dt=""string"">2021-08-22T13:07:16Z</DateUtc></FrequencyChange></FrequencyChanges></Clock>\n",S,SL003_FCS6BB,6,1.0.0.262,1,143.973,-1891543596,Full,3.0.3.80,3.0.3.80,8/22/21,8/22/21 13:07,8:07:16,3.0.3.82,Keyboard,B,Keyboard,-999999,15,11708,0,1,1,1,1,BlockProc,BlockList,25,212,,,4,0.75,,1500,,0.88,,TrialProc,TrialList,flankerIR.jpg,0,4,Keyboard,2,11,399369,159,1,713,400082,8,1,25,Incon
FC,3,1,B,"<?xml version=""1.0""?>\n<Clock xmlns:dt=""urn:schemas-microsoft-com:datatypes""><Description dt:dt=""string"">E-Prime Primary Realtime Clock</Description><StartTime><Timestamp dt:dt=""int"">0</Timestamp><DateUtc dt:dt=""string"">2021-08-22T13:07:16Z</DateUtc></StartTime><FrequencyChanges><FrequencyChange><Frequency dt:dt=""r8"">10000000</Frequency><Timestamp dt:dt=""r8"">13578792482891</Timestamp><Current dt:dt=""r8"">0</Current><DateUtc dt:dt=""string"">2021-08-22T13:07:16Z</DateUtc></FrequencyChange></FrequencyChanges></Clock>\n",S,SL003_FCS6BB,6,1.0.0.262,1,143.973,-1891543596,Full,3.0.3.80,3.0.3.80,8/22/21,8/22/21 13:07,8:07:16,3.0.3.82,Keyboard,B,Keyboard,-999999,15,11708,0,1,1,1,1,BlockProc,BlockList,26,121,1,382.7142857,1,,,1302,,0.884615385,425.0869565,TrialProc,TrialList,flankerCL.jpg,1,1,Keyboard,3,7,401035,153,1,341,401376,4,1,26,Cong
FC,3,1,B,"<?xml version=""1.0""?>\n<Clock xmlns:dt=""urn:schemas-microsoft-com:datatypes""><Description dt:dt=""string"">E-Prime Primary Realtime Clock</Description><StartTime><Timestamp dt:dt=""int"">0</Timestamp><DateUtc dt:dt=""string"">2021-08-22T13:07:16Z</DateUtc></StartTime><FrequencyChanges><FrequencyChange><Frequency dt:dt=""r8"">10000000</Frequency><Timestamp dt:dt=""r8"">13578792482891</Timestamp><Current dt:dt=""r8"">0</Current><DateUtc dt:dt=""string"">2021-08-22T13:07:16Z</DateUtc></FrequencyChange></FrequencyChanges></Clock>\n",S,SL003_FCS6BB,6,1.0.0.262,1,143.973,-1891543596,Full,3.0.3.80,3.0.3.80,8/22/21,8/22/21 13:07,8:07:16,3.0.3.82,Keyboard,B,Keyboard,-999999,15,11708,0,1,1,1,1,BlockProc,BlockList,27,213,,,4,0.769230769,500.1,1698,,0.888888889,431.625,TrialProc,TrialList,flankerIR.jpg,1,4,Keyboard,3,10,402500,160,4,582,403082,9,1,27,Incon
FC,3,1,B,"<?xml version=""1.0""?>\n<Clock xmlns:dt=""urn:schemas-microsoft-com:datatypes""><Description dt:dt=""string"">E-Prime Primary Realtime Clock</Description><StartTime><Timestamp dt:dt=""int"">0</Timestamp><DateUtc dt:dt=""string"">2021-08-22T13:07:16Z</DateUtc></StartTime><FrequencyChanges><FrequencyChange><Frequency dt:dt=""r8"">10000000</Frequency><Timestamp dt:dt=""r8"">13578792482891</Timestamp><Current dt:dt=""r8"">0</Current><DateUtc dt:dt=""string"">2021-08-22T13:07:16Z</DateUtc></FrequencyChange></FrequencyChanges></Clock>\n",S,SL003_FCS6BB,6,1.0.0.262,1,143.973,-1891543596,Full,3.0.3.80,3.0.3.80,8/22/21,8/22/21 13:07,8:07:16,3.0.3.82,Keyboard,B,Keyboard,-999999,15,11708,0,1,1,1,1,BlockProc,BlockList,28,112,1,395.3333333,4,,,1500,,0.892857143,437.24,TrialProc,TrialList,flankerCR.jpg,1,4,Keyboard,3,10,404368,160,4,572,404940,2,1,28,Cong
FC,3,1,B,"<?xml version=""1.0""?>\n<Clock xmlns:dt=""urn:schemas-microsoft-com:datatypes""><Description dt:dt=""string"">E-Prime Primary Realtime Clock</Description><StartTime><Timestamp dt:dt=""int"">0</Timestamp><DateUtc dt:dt=""string"">2021-08-22T13:07:16Z</DateUtc></StartTime><FrequencyChanges><FrequencyChange><Frequency dt:dt=""r8"">10000000</Frequency><Timestamp dt:dt=""r8"">13578792482891</Timestamp><Current dt:dt=""r8"">0</Current><DateUtc dt:dt=""string"">2021-08-22T13:07:16Z</DateUtc></FrequencyChange></FrequencyChanges></Clock>\n",S,SL003_FCS6BB,6,1.0.0.262,1,143.973,-1891543596,Full,3.0.3.80,3.0.3.80,8/22/21,8/22/21 13:07,8:07:16,3.0.3.82,Keyboard,B,Keyboard,-999999,15,11708,0,1,1,1,1,BlockProc,BlockList,29,213,,,4,0.785714286,504,1698,,0.896551724,441.3076923,TrialProc,TrialList,flankerIR.jpg,1,4,Keyboard,2,7,406035,160,4,543,406578,9,1,29,Incon
FC,3,1,B,"<?xml version=""1.0""?>\n<Clock xmlns:dt=""urn:schemas-microsoft-com:datatypes""><Description dt:dt=""string"">E-Prime Primary Realtime Clock</Description><StartTime><Timestamp dt:dt=""int"">0</Timestamp><DateUtc dt:dt=""string"">2021-08-22T13:07:16Z</DateUtc></StartTime><FrequencyChanges><FrequencyChange><Frequency dt:dt=""r8"">10000000</Frequency><Timestamp dt:dt=""r8"">13578792482891</Timestamp><Current dt:dt=""r8"">0</Current><DateUtc dt:dt=""string"">2021-08-22T13:07:16Z</DateUtc></FrequencyChange></FrequencyChanges></Clock>\n",S,SL003_FCS6BB,6,1.0.0.262,1,143.973,-1891543596,Full,3.0.3.80,3.0.3.80,8/22/21,8/22/21 13:07,8:07:16,3.0.3.82,Keyboard,B,Keyboard,-999999,15,11708,0,1,1,1,1,BlockProc,BlockList,30,112,1,397.0625,4,,,1500,,0.9,440.6296296,TrialProc,TrialList,flankerCR.jpg,1,4,Keyboard,2,10,407903,153,4,423,408326,2,1,30,Cong
FC,3,1,B,"<?xml version=""1.0""?>\n<Clock xmlns:dt=""urn:schemas-microsoft-com:datatypes""><Description dt:dt=""string"">E-Prime Primary Realtime Clock</Description><StartTime><Timestamp dt:dt=""int"">0</Timestamp><DateUtc dt:dt=""string"">2021-08-22T13:07:16Z</DateUtc></StartTime><FrequencyChanges><FrequencyChange><Frequency dt:dt=""r8"">10000000</Frequency><Timestamp dt:dt=""r8"">13578792482891</Timestamp><Current dt:dt=""r8"">0</Current><DateUtc dt:dt=""string"">2021-08-22T13:07:16Z</DateUtc></FrequencyChange></FrequencyChanges></Clock>\n",S,SL003_FCS6BB,6,1.0.0.262,1,143.973,-1891543596,Full,3.0.3.80,3.0.3.80,8/22/21,8/22/21 13:07,8:07:16,3.0.3.82,Keyboard,B,Keyboard,-999999,15,11708,0,1,1,1,1,BlockProc,BlockList,31,223,,,1,0.733333333,,1698,1,0.870967742,,TrialProc,TrialList,flankerIL.jpg,0,1,Keyboard,2,7,409563,159,,0,0,12,1,31,Incon
FC,3,1,B,"<?xml version=""1.0""?>\n<Clock xmlns:dt=""urn:schemas-microsoft-com:datatypes""><Description dt:dt=""string"">E-Prime Primary Realtime Clock</Description><StartTime><Timestamp dt:dt=""int"">0</Timestamp><DateUtc dt:dt=""string"">2021-08-22T13:07:16Z</DateUtc></StartTime><FrequencyChanges><FrequencyChange><Frequency dt:dt=""r8"">10000000</Frequency><Timestamp dt:dt=""r8"">13578792482891</Timestamp><Current dt:dt=""r8"">0</Current><DateUtc dt:dt=""string"">2021-08-22T13:07:16Z</DateUtc></FrequencyChange></FrequencyChanges></Clock>\n",S,SL003_FCS6BB,6,1.0.0.262,1,143.973,-1891543596,Full,3.0.3.80,3.0.3.80,8/22/21,8/22/21 13:07,8:07:16,3.0.3.82,Keyboard,B,Keyboard,-999999,15,11708,0,1,1,1,1,BlockProc,BlockList,32,112,1,395.3529412,4,,,1500,,0.875,438.0357143,TrialProc,TrialList,flankerCR.jpg,1,4,Keyboard,2,11,411431,159,4,368,411799,2,1,32,Cong
FC,3,1,B,"<?xml version=""1.0""?>\n<Clock xmlns:dt=""urn:schemas-microsoft-com:datatypes""><Description dt:dt=""string"">E-Prime Primary Realtime Clock</Description><StartTime><Timestamp dt:dt=""int"">0</Timestamp><DateUtc dt:dt=""string"">2021-08-22T13:07:16Z</DateUtc></StartTime><FrequencyChanges><FrequencyChange><Frequency dt:dt=""r8"">10000000</Frequency><Timestamp dt:dt=""r8"">13578792482891</Timestamp><Current dt:dt=""r8"">0</Current><DateUtc dt:dt=""string"">2021-08-22T13:07:16Z</DateUtc></FrequencyChange></FrequencyChanges></Clock>\n",S,SL003_FCS6BB,6,1.0.0.262,1,143.973,-1891543596,Full,3.0.3.80,3.0.3.80,8/22/21,8/22/21 13:07,8:07:16,3.0.3.82,Keyboard,B,Keyboard,-999999,15,11708,0,1,1,1,1,BlockProc,BlockList,33,122,1,410.2777778,1,,,1500,,0.878787879,445.8275862,TrialProc,TrialList,flankerCL.jpg,1,1,Keyboard,3,7,413097,160,1,664,413761,5,1,33,Cong
FC,3,1,B,"<?xml version=""1.0""?>\n<Clock xmlns:dt=""urn:schemas-microsoft-com:datatypes""><Description dt:dt=""string"">E-Prime Primary Realtime Clock</Description><StartTime><Timestamp dt:dt=""int"">0</Timestamp><DateUtc dt:dt=""string"">2021-08-22T13:07:16Z</DateUtc></StartTime><FrequencyChanges><FrequencyChange><Frequency dt:dt=""r8"">10000000</Frequency><Timestamp dt:dt=""r8"">13578792482891</Timestamp><Current dt:dt=""r8"">0</Current><DateUtc dt:dt=""string"">2021-08-22T13:07:16Z</DateUtc></FrequencyChange></FrequencyChanges></Clock>\n",S,SL003_FCS6BB,6,1.0.0.262,1,143.973,-1891543596,Full,3.0.3.80,3.0.3.80,8/22/21,8/22/21 13:07,8:07:16,3.0.3.82,Keyboard,B,Keyboard,-999999,15,11708,0,1,1,1,1,BlockProc,BlockList,34,113,1,408.2631579,4,,,1698,,0.882352941,443.3666667,TrialProc,TrialList,flankerCR.jpg,1,4,Keyboard,2,7,414764,160,4,372,415136,3,1,34,Cong
FC,3,1,B,"<?xml version=""1.0""?>\n<Clock xmlns:dt=""urn:schemas-microsoft-com:datatypes""><Description dt:dt=""string"">E-Prime Primary Realtime Clock</Description><StartTime><Timestamp dt:dt=""int"">0</Timestamp><DateUtc dt:dt=""string"">2021-08-22T13:07:16Z</DateUtc></StartTime><FrequencyChanges><FrequencyChange><Frequency dt:dt=""r8"">10000000</Frequency><Timestamp dt:dt=""r8"">13578792482891</Timestamp><Current dt:dt=""r8"">0</Current><DateUtc dt:dt=""string"">2021-08-22T13:07:16Z</DateUtc></FrequencyChange></FrequencyChanges></Clock>\n",S,SL003_FCS6BB,6,1.0.0.262,1,143.973,-1891543596,Full,3.0.3.80,3.0.3.80,8/22/21,8/22/21 13:07,8:07:16,3.0.3.82,Keyboard,B,Keyboard,-999999,15,11708,0,1,1,1,1,BlockProc,BlockList,35,221,,,1,0.6875,,1302,,0.857142857,,TrialProc,TrialList,flankerIL.jpg,0,1,Keyboard,2,10,416632,160,4,369,417001,10,1,35,Incon
FC,3,1,B,"<?xml version=""1.0""?>\n<Clock xmlns:dt=""urn:schemas-microsoft-com:datatypes""><Description dt:dt=""string"">E-Prime Primary Realtime Clock</Description><StartTime><Timestamp dt:dt=""int"">0</Timestamp><DateUtc dt:dt=""string"">2021-08-22T13:07:16Z</DateUtc></StartTime><FrequencyChanges><FrequencyChange><Frequency dt:dt=""r8"">10000000</Frequency><Timestamp dt:dt=""r8"">13578792482891</Timestamp><Current dt:dt=""r8"">0</Current><DateUtc dt:dt=""string"">2021-08-22T13:07:16Z</DateUtc></FrequencyChange></FrequencyChanges></Clock>\n",S,SL003_FCS6BB,6,1.0.0.262,1,143.973,-1891543596,Full,3.0.3.80,3.0.3.80,8/22/21,8/22/21 13:07,8:07:16,3.0.3.82,Keyboard,B,Keyboard,-999999,15,11708,0,1,1,1,1,BlockProc,BlockList,36,223,,,1,0.705882353,514.5833333,1698,,0.861111111,449.4193548,TrialProc,TrialList,flankerIL.jpg,1,1,Keyboard,2,10,418104,160,1,631,418735,12,1,36,Incon
FC,3,1,B,"<?xml version=""1.0""?>\n<Clock xmlns:dt=""urn:schemas-microsoft-com:datatypes""><Description dt:dt=""string"">E-Prime Primary Realtime Clock</Description><StartTime><Timestamp dt:dt=""int"">0</Timestamp><DateUtc dt:dt=""string"">2021-08-22T13:07:16Z</DateUtc></StartTime><FrequencyChanges><FrequencyChange><Frequency dt:dt=""r8"">10000000</Frequency><Timestamp dt:dt=""r8"">13578792482891</Timestamp><Current dt:dt=""r8"">0</Current><DateUtc dt:dt=""string"">2021-08-22T13:07:16Z</DateUtc></FrequencyChange></FrequencyChanges></Clock>\n",S,SL003_FCS6BB,6,1.0.0.262,1,143.973,-1891543596,Full,3.0.3.80,3.0.3.80,8/22/21,8/22/21 13:07,8:07:16,3.0.3.82,Keyboard,B,Keyboard,-999999,15,11708,0,1,1,1,1,BlockProc,BlockList,37,122,1,407.35,1,,,1500,,0.864864865,447.5625,TrialProc,TrialList,flankerCL.jpg,1,1,Keyboard,2,10,419972,160,1,390,420362,5,1,37,Cong
FC,3,1,B,"<?xml version=""1.0""?>\n<Clock xmlns:dt=""urn:schemas-microsoft-com:datatypes""><Description dt:dt=""string"">E-Prime Primary Realtime Clock</Description><StartTime><Timestamp dt:dt=""int"">0</Timestamp><DateUtc dt:dt=""string"">2021-08-22T13:07:16Z</DateUtc></StartTime><FrequencyChanges><FrequencyChange><Frequency dt:dt=""r8"">10000000</Frequency><Timestamp dt:dt=""r8"">13578792482891</Timestamp><Current dt:dt=""r8"">0</Current><DateUtc dt:dt=""string"">2021-08-22T13:07:16Z</DateUtc></FrequencyChange></FrequencyChanges></Clock>\n",S,SL003_FCS6BB,6,1.0.0.262,1,143.973,-1891543596,Full,3.0.3.80,3.0.3.80,8/22/21,8/22/21 13:07,8:07:16,3.0.3.82,Keyboard,B,Keyboard,-999999,15,11708,0,1,1,1,1,BlockProc,BlockList,38,212,,,4,0.722222222,509.8461538,1500,,0.868421053,447.7272727,TrialProc,TrialList,flankerIR.jpg,1,4,Keyboard,2,7,421639,159,4,453,422092,8,1,38,Incon
FC,3,1,B,"<?xml version=""1.0""?>\n<Clock xmlns:dt=""urn:schemas-microsoft-com:datatypes""><Description dt:dt=""string"">E-Prime Primary Realtime Clock</Description><StartTime><Timestamp dt:dt=""int"">0</Timestamp><DateUtc dt:dt=""string"">2021-08-22T13:07:16Z</DateUtc></StartTime><FrequencyChanges><FrequencyChange><Frequency dt:dt=""r8"">10000000</Frequency><Timestamp dt:dt=""r8"">13578792482891</Timestamp><Current dt:dt=""r8"">0</Current><DateUtc dt:dt=""string"">2021-08-22T13:07:16Z</DateUtc></FrequencyChange></FrequencyChanges></Clock>\n",S,SL003_FCS6BB,6,1.0.0.262,1,143.973,-1891543596,Full,3.0.3.80,3.0.3.80,8/22/21,8/22/21 13:07,8:07:16,3.0.3.82,Keyboard,B,Keyboard,-999999,15,11708,0,1,1,1,1,BlockProc,BlockList,39,213,,,4,0.736842105,503.7857143,1698,,0.871794872,447.0588235,TrialProc,TrialList,flankerIR.jpg,1,4,Keyboard,3,7,423305,160,4,425,423730,9,1,39,Incon
FC,3,1,B,"<?xml version=""1.0""?>\n<Clock xmlns:dt=""urn:schemas-microsoft-com:datatypes""><Description dt:dt=""string"">E-Prime Primary Realtime Clock</Description><StartTime><Timestamp dt:dt=""int"">0</Timestamp><DateUtc dt:dt=""string"">2021-08-22T13:07:16Z</DateUtc></StartTime><FrequencyChanges><FrequencyChange><Frequency dt:dt=""r8"">10000000</Frequency><Timestamp dt:dt=""r8"">13578792482891</Timestamp><Current dt:dt=""r8"">0</Current><DateUtc dt:dt=""string"">2021-08-22T13:07:16Z</DateUtc></FrequencyChange></FrequencyChanges></Clock>\n",S,SL003_FCS6BB,6,1.0.0.262,1,143.973,-1891543596,Full,3.0.3.80,3.0.3.80,8/22/21,8/22/21 13:07,8:07:16,3.0.3.82,Keyboard,B,Keyboard,-999999,15,11708,0,1,1,1,1,BlockProc,BlockList,40,221,,,1,0.75,507,1302,,0.875,450.0571429,TrialProc,TrialList,flankerIL.jpg,1,1,Keyboard,3,10,425173,160,1,552,425725,10,1,40,Incon
FC,3,1,B,"<?xml version=""1.0""?>\n<Clock xmlns:dt=""urn:schemas-microsoft-com:datatypes""><Description dt:dt=""string"">E-Prime Primary Realtime Clock</Description><StartTime><Timestamp dt:dt=""int"">0</Timestamp><DateUtc dt:dt=""string"">2021-08-22T13:07:16Z</DateUtc></StartTime><FrequencyChanges><FrequencyChange><Frequency dt:dt=""r8"">10000000</Frequency><Timestamp dt:dt=""r8"">13578792482891</Timestamp><Current dt:dt=""r8"">0</Current><DateUtc dt:dt=""string"">2021-08-22T13:07:16Z</DateUtc></FrequencyChange></FrequencyChanges></Clock>\n",S,SL003_FCS6BB,6,1.0.0.262,1,143.973,-1891543596,Full,3.0.3.80,3.0.3.80,8/22/21,8/22/21 13:07,8:07:16,3.0.3.82,Keyboard,B,Keyboard,-999999,15,11708,0,1,1,1,1,BlockProc,BlockList,41,221,,,1,0.761904762,506.6875,1302,,0.87804878,451.5,TrialProc,TrialList,flankerIL.jpg,1,1,Keyboard,3,10,426645,160,1,502,427147,10,1,41,Incon
FC,3,1,B,"<?xml version=""1.0""?>\n<Clock xmlns:dt=""urn:schemas-microsoft-com:datatypes""><Description dt:dt=""string"">E-Prime Primary Realtime Clock</Description><StartTime><Timestamp dt:dt=""int"">0</Timestamp><DateUtc dt:dt=""string"">2021-08-22T13:07:16Z</DateUtc></StartTime><FrequencyChanges><FrequencyChange><Frequency dt:dt=""r8"">10000000</Frequency><Timestamp dt:dt=""r8"">13578792482891</Timestamp><Current dt:dt=""r8"">0</Current><DateUtc dt:dt=""string"">2021-08-22T13:07:16Z</DateUtc></FrequencyChange></FrequencyChanges></Clock>\n",S,SL003_FCS6BB,6,1.0.0.262,1,143.973,-1891543596,Full,3.0.3.80,3.0.3.80,8/22/21,8/22/21 13:07,8:07:16,3.0.3.82,Keyboard,B,Keyboard,-999999,15,11708,0,1,1,1,1,BlockProc,BlockList,42,111,1,410.4761905,4,,,1302,,0.880952381,452.0810811,TrialProc,TrialList,flankerCR.jpg,1,4,Keyboard,2,11,428118,159,4,473,428591,1,1,42,Cong
FC,3,1,B,"<?xml version=""1.0""?>\n<Clock xmlns:dt=""urn:schemas-microsoft-com:datatypes""><Description dt:dt=""string"">E-Prime Primary Realtime Clock</Description><StartTime><Timestamp dt:dt=""int"">0</Timestamp><DateUtc dt:dt=""string"">2021-08-22T13:07:16Z</DateUtc></StartTime><FrequencyChanges><FrequencyChange><Frequency dt:dt=""r8"">10000000</Frequency><Timestamp dt:dt=""r8"">13578792482891</Timestamp><Current dt:dt=""r8"">0</Current><DateUtc dt:dt=""string"">2021-08-22T13:07:16Z</DateUtc></FrequencyChange></FrequencyChanges></Clock>\n",S,SL003_FCS6BB,6,1.0.0.262,1,143.973,-1891543596,Full,3.0.3.80,3.0.3.80,8/22/21,8/22/21 13:07,8:07:16,3.0.3.82,Keyboard,B,Keyboard,-999999,15,11708,0,1,1,1,1,BlockProc,BlockList,43,112,0.954545455,,4,,,1500,,0.860465116,,TrialProc,TrialList,flankerCR.jpg,0,4,Keyboard,2,11,429590,160,1,645,430235,2,1,43,Cong
FC,3,1,B,"<?xml version=""1.0""?>\n<Clock xmlns:dt=""urn:schemas-microsoft-com:datatypes""><Description dt:dt=""string"">E-Prime Primary Realtime Clock</Description><StartTime><Timestamp dt:dt=""int"">0</Timestamp><DateUtc dt:dt=""string"">2021-08-22T13:07:16Z</DateUtc></StartTime><FrequencyChanges><FrequencyChange><Frequency dt:dt=""r8"">10000000</Frequency><Timestamp dt:dt=""r8"">13578792482891</Timestamp><Current dt:dt=""r8"">0</Current><DateUtc dt:dt=""string"">2021-08-22T13:07:16Z</DateUtc></FrequencyChange></FrequencyChanges></Clock>\n",S,SL003_FCS6BB,6,1.0.0.262,1,143.973,-1891543596,Full,3.0.3.80,3.0.3.80,8/22/21,8/22/21 13:07,8:07:16,3.0.3.82,Keyboard,B,Keyboard,-999999,15,11708,0,1,1,1,1,BlockProc,BlockList,44,121,0.956521739,419.5,1,,,1302,,0.863636364,456.2105263,TrialProc,TrialList,flankerCL.jpg,1,1,Keyboard,3,6,431256,160,1,609,431865,4,1,44,Cong
FC,3,1,B,"<?xml version=""1.0""?>\n<Clock xmlns:dt=""urn:schemas-microsoft-com:datatypes""><Description dt:dt=""string"">E-Prime Primary Realtime Clock</Description><StartTime><Timestamp dt:dt=""int"">0</Timestamp><DateUtc dt:dt=""string"">2021-08-22T13:07:16Z</DateUtc></StartTime><FrequencyChanges><FrequencyChange><Frequency dt:dt=""r8"">10000000</Frequency><Timestamp dt:dt=""r8"">13578792482891</Timestamp><Current dt:dt=""r8"">0</Current><DateUtc dt:dt=""string"">2021-08-22T13:07:16Z</DateUtc></FrequencyChange></FrequencyChanges></Clock>\n",S,SL003_FCS6BB,6,1.0.0.262,1,143.973,-1891543596,Full,3.0.3.80,3.0.3.80,8/22/21,8/22/21 13:07,8:07:16,3.0.3.82,Keyboard,B,Keyboard,-999999,15,11708,0,1,1,1,1,BlockProc,BlockList,45,222,,,1,0.772727273,511.2352941,1500,,0.866666667,459.4871795,TrialProc,TrialList,flankerIL.jpg,1,1,Keyboard,2,11,432729,159,1,584,433313,11,1,45,Incon
FC,3,1,B,"<?xml version=""1.0""?>\n<Clock xmlns:dt=""urn:schemas-microsoft-com:datatypes""><Description dt:dt=""string"">E-Prime Primary Realtime Clock</Description><StartTime><Timestamp dt:dt=""int"">0</Timestamp><DateUtc dt:dt=""string"">2021-08-22T13:07:16Z</DateUtc></StartTime><FrequencyChanges><FrequencyChange><Frequency dt:dt=""r8"">10000000</Frequency><Timestamp dt:dt=""r8"">13578792482891</Timestamp><Current dt:dt=""r8"">0</Current><DateUtc dt:dt=""string"">2021-08-22T13:07:16Z</DateUtc></FrequencyChange></FrequencyChanges></Clock>\n",S,SL003_FCS6BB,6,1.0.0.262,1,143.973,-1891543596,Full,3.0.3.80,3.0.3.80,8/22/21,8/22/21 13:07,8:07:16,3.0.3.82,Keyboard,B,Keyboard,-999999,15,11708,0,1,1,1,1,BlockProc,BlockList,46,212,,,4,0.739130435,,1500,,0.847826087,,TrialProc,TrialList,flankerIR.jpg,0,4,Keyboard,3,7,434395,160,1,273,434668,8,1,46,Incon
FC,3,1,B,"<?xml version=""1.0""?>\n<Clock xmlns:dt=""urn:schemas-microsoft-com:datatypes""><Description dt:dt=""string"">E-Prime Primary Realtime Clock</Description><StartTime><Timestamp dt:dt=""int"">0</Timestamp><DateUtc dt:dt=""string"">2021-08-22T13:07:16Z</DateUtc></StartTime><FrequencyChanges><FrequencyChange><Frequency dt:dt=""r8"">10000000</Frequency><Timestamp dt:dt=""r8"">13578792482891</Timestamp><Current dt:dt=""r8"">0</Current><DateUtc dt:dt=""string"">2021-08-22T13:07:16Z</DateUtc></FrequencyChange></FrequencyChanges></Clock>\n",S,SL003_FCS6BB,6,1.0.0.262,1,143.973,-1891543596,Full,3.0.3.80,3.0.3.80,8/22/21,8/22/21 13:07,8:07:16,3.0.3.82,Keyboard,B,Keyboard,-999999,15,11708,0,1,1,1,1,BlockProc,BlockList,47,221,,,1,0.75,510.2777778,1302,,0.85106383,460.35,TrialProc,TrialList,flankerIL.jpg,1,1,Keyboard,2,7,436062,153,1,494,436556,10,1,47,Incon
FC,3,1,B,"<?xml version=""1.0""?>\n<Clock xmlns:dt=""urn:schemas-microsoft-com:datatypes""><Description dt:dt=""string"">E-Prime Primary Realtime Clock</Description><StartTime><Timestamp dt:dt=""int"">0</Timestamp><DateUtc dt:dt=""string"">2021-08-22T13:07:16Z</DateUtc></StartTime><FrequencyChanges><FrequencyChange><Frequency dt:dt=""r8"">10000000</Frequency><Timestamp dt:dt=""r8"">13578792482891</Timestamp><Current dt:dt=""r8"">0</Current><DateUtc dt:dt=""string"">2021-08-22T13:07:16Z</DateUtc></FrequencyChange></FrequencyChanges></Clock>\n",S,SL003_FCS6BB,6,1.0.0.262,1,143.973,-1891543596,Full,3.0.3.80,3.0.3.80,8/22/21,8/22/21 13:07,8:07:16,3.0.3.82,Keyboard,B,Keyboard,-999999,15,11708,0,1,1,1,1,BlockProc,BlockList,48,211,,,4,0.76,507.7894737,1302,,0.854166667,460.4146341,TrialProc,TrialList,flankerIR.jpg,1,4,Keyboard,2,10,437527,160,4,463,437990,7,1,48,Incon
FC,3,1,B,"<?xml version=""1.0""?>\n<Clock xmlns:dt=""urn:schemas-microsoft-com:datatypes""><Description dt:dt=""string"">E-Prime Primary Realtime Clock</Description><StartTime><Timestamp dt:dt=""int"">0</Timestamp><DateUtc dt:dt=""string"">2021-08-22T13:07:16Z</DateUtc></StartTime><FrequencyChanges><FrequencyChange><Frequency dt:dt=""r8"">10000000</Frequency><Timestamp dt:dt=""r8"">13578792482891</Timestamp><Current dt:dt=""r8"">0</Current><DateUtc dt:dt=""string"">2021-08-22T13:07:16Z</DateUtc></FrequencyChange></FrequencyChanges></Clock>\n",S,SL003_FCS6BB,6,1.0.0.262,1,143.973,-1891543596,Full,3.0.3.80,3.0.3.80,8/22/21,8/22/21 13:07,8:07:16,3.0.3.82,Keyboard,B,Keyboard,-999999,15,11708,0,1,1,1,1,BlockProc,BlockList,49,123,0.958333333,417.7826087,1,,,1698,,0.857142857,458.5,TrialProc,TrialList,flankerCL.jpg,1,1,Keyboard,3,10,438999,160,1,380,439379,6,1,49,Cong
FC,3,1,B,"<?xml version=""1.0""?>\n<Clock xmlns:dt=""urn:schemas-microsoft-com:datatypes""><Description dt:dt=""string"">E-Prime Primary Realtime Clock</Description><StartTime><Timestamp dt:dt=""int"">0</Timestamp><DateUtc dt:dt=""string"">2021-08-22T13:07:16Z</DateUtc></StartTime><FrequencyChanges><FrequencyChange><Frequency dt:dt=""r8"">10000000</Frequency><Timestamp dt:dt=""r8"">13578792482891</Timestamp><Current dt:dt=""r8"">0</Current><DateUtc dt:dt=""string"">2021-08-22T13:07:16Z</DateUtc></FrequencyChange></FrequencyChanges></Clock>\n",S,SL003_FCS6BB,6,1.0.0.262,1,143.973,-1891543596,Full,3.0.3.80,3.0.3.80,8/22/21,8/22/21 13:07,8:07:16,3.0.3.82,Keyboard,B,Keyboard,-999999,15,11708,0,1,1,1,1,BlockProc,BlockList,50,211,,,4,0.769230769,503.75,1302,,0.86,457.7674419,TrialProc,TrialList,flankerIR.jpg,1,4,Keyboard,3,10,440867,160,4,427,441294,7,1,50,Incon
FC,3,1,B,"<?xml version=""1.0""?>\n<Clock xmlns:dt=""urn:schemas-microsoft-com:datatypes""><Description dt:dt=""string"">E-Prime Primary Realtime Clock</Description><StartTime><Timestamp dt:dt=""int"">0</Timestamp><DateUtc dt:dt=""string"">2021-08-22T13:07:16Z</DateUtc></StartTime><FrequencyChanges><FrequencyChange><Frequency dt:dt=""r8"">10000000</Frequency><Timestamp dt:dt=""r8"">13578792482891</Timestamp><Current dt:dt=""r8"">0</Current><DateUtc dt:dt=""string"">2021-08-22T13:07:16Z</DateUtc></FrequencyChange></FrequencyChanges></Clock>\n",S,SL003_FCS6BB,6,1.0.0.262,1,143.973,-1891543596,Full,3.0.3.80,3.0.3.80,8/22/21,8/22/21 13:07,8:07:16,3.0.3.82,Keyboard,B,Keyboard,-999999,15,11708,0,1,1,1,1,BlockProc,BlockList,51,223,,,1,0.777777778,504.3809524,1698,,0.862745098,459.1136364,TrialProc,TrialList,flankerIL.jpg,1,1,Keyboard,3,10,442339,160,1,517,442856,12,1,51,Incon
FC,3,1,B,"<?xml version=""1.0""?>\n<Clock xmlns:dt=""urn:schemas-microsoft-com:datatypes""><Description dt:dt=""string"">E-Prime Primary Realtime Clock</Description><StartTime><Timestamp dt:dt=""int"">0</Timestamp><DateUtc dt:dt=""string"">2021-08-22T13:07:16Z</DateUtc></StartTime><FrequencyChanges><FrequencyChange><Frequency dt:dt=""r8"">10000000</Frequency><Timestamp dt:dt=""r8"">13578792482891</Timestamp><Current dt:dt=""r8"">0</Current><DateUtc dt:dt=""string"">2021-08-22T13:07:16Z</DateUtc></FrequencyChange></FrequencyChanges></Clock>\n",S,SL003_FCS6BB,6,1.0.0.262,1,143.973,-1891543596,Full,3.0.3.80,3.0.3.80,8/22/21,8/22/21 13:07,8:07:16,3.0.3.82,Keyboard,B,Keyboard,-999999,15,11708,0,1,1,1,1,BlockProc,BlockList,52,123,0.96,423.5416667,1,,,1698,,0.865384615,461.2666667,TrialProc,TrialList,flankerCL.jpg,1,1,Keyboard,3,10,444207,160,1,556,444763,6,1,52,Cong
FC,3,1,B,"<?xml version=""1.0""?>\n<Clock xmlns:dt=""urn:schemas-microsoft-com:datatypes""><Description dt:dt=""string"">E-Prime Primary Realtime Clock</Description><StartTime><Timestamp dt:dt=""int"">0</Timestamp><DateUtc dt:dt=""string"">2021-08-22T13:07:16Z</DateUtc></StartTime><FrequencyChanges><FrequencyChange><Frequency dt:dt=""r8"">10000000</Frequency><Timestamp dt:dt=""r8"">13578792482891</Timestamp><Current dt:dt=""r8"">0</Current><DateUtc dt:dt=""string"">2021-08-22T13:07:16Z</DateUtc></FrequencyChange></FrequencyChanges></Clock>\n",S,SL003_FCS6BB,6,1.0.0.262,1,143.973,-1891543596,Full,3.0.3.80,3.0.3.80,8/22/21,8/22/21 13:07,8:07:16,3.0.3.82,Keyboard,B,Keyboard,-999999,15,11708,0,1,1,1,1,BlockProc,BlockList,53,123,0.961538462,428.92,1,,,1698,,0.867924528,463.3695652,TrialProc,TrialList,flankerCL.jpg,1,1,Keyboard,3,10,446075,160,1,558,446633,6,1,53,Cong
FC,3,1,B,"<?xml version=""1.0""?>\n<Clock xmlns:dt=""urn:schemas-microsoft-com:datatypes""><Description dt:dt=""string"">E-Prime Primary Realtime Clock</Description><StartTime><Timestamp dt:dt=""int"">0</Timestamp><DateUtc dt:dt=""string"">2021-08-22T13:07:16Z</DateUtc></StartTime><FrequencyChanges><FrequencyChange><Frequency dt:dt=""r8"">10000000</Frequency><Timestamp dt:dt=""r8"">13578792482891</Timestamp><Current dt:dt=""r8"">0</Current><DateUtc dt:dt=""string"">2021-08-22T13:07:16Z</DateUtc></FrequencyChange></FrequencyChanges></Clock>\n",S,SL003_FCS6BB,6,1.0.0.262,1,143.973,-1891543596,Full,3.0.3.80,3.0.3.80,8/22/21,8/22/21 13:07,8:07:16,3.0.3.82,Keyboard,B,Keyboard,-999999,15,11708,0,1,1,1,1,BlockProc,BlockList,54,113,0.962962963,441.1153846,4,,,1698,,0.87037037,469.3829787,TrialProc,TrialList,flankerCR.jpg,1,4,Keyboard,3,10,447943,160,4,746,448689,3,1,54,Cong
FC,3,1,B,"<?xml version=""1.0""?>\n<Clock xmlns:dt=""urn:schemas-microsoft-com:datatypes""><Description dt:dt=""string"">E-Prime Primary Realtime Clock</Description><StartTime><Timestamp dt:dt=""int"">0</Timestamp><DateUtc dt:dt=""string"">2021-08-22T13:07:16Z</DateUtc></StartTime><FrequencyChanges><FrequencyChange><Frequency dt:dt=""r8"">10000000</Frequency><Timestamp dt:dt=""r8"">13578792482891</Timestamp><Current dt:dt=""r8"">0</Current><DateUtc dt:dt=""string"">2021-08-22T13:07:16Z</DateUtc></FrequencyChange></FrequencyChanges></Clock>\n",S,SL003_FCS6BB,6,1.0.0.262,1,143.973,-1891543596,Full,3.0.3.80,3.0.3.80,8/22/21,8/22/21 13:07,8:07:16,3.0.3.82,Keyboard,B,Keyboard,-999999,15,11708,0,1,1,1,1,BlockProc,BlockList,55,211,,,4,0.785714286,500.7272727,1302,,0.872727273,468.4375,TrialProc,TrialList,flankerIR.jpg,1,4,Keyboard,3,10,449811,160,4,424,450235,7,1,55,Incon
FC,3,1,B,"<?xml version=""1.0""?>\n<Clock xmlns:dt=""urn:schemas-microsoft-com:datatypes""><Description dt:dt=""string"">E-Prime Primary Realtime Clock</Description><StartTime><Timestamp dt:dt=""int"">0</Timestamp><DateUtc dt:dt=""string"">2021-08-22T13:07:16Z</DateUtc></StartTime><FrequencyChanges><FrequencyChange><Frequency dt:dt=""r8"">10000000</Frequency><Timestamp dt:dt=""r8"">13578792482891</Timestamp><Current dt:dt=""r8"">0</Current><DateUtc dt:dt=""string"">2021-08-22T13:07:16Z</DateUtc></FrequencyChange></FrequencyChanges></Clock>\n",S,SL003_FCS6BB,6,1.0.0.262,1,143.973,-1891543596,Full,3.0.3.80,3.0.3.80,8/22/21,8/22/21 13:07,8:07:16,3.0.3.82,Keyboard,B,Keyboard,-999999,15,11708,0,1,1,1,1,BlockProc,BlockList,56,223,,,1,0.793103448,500.5652174,1698,,0.875,469.0204082,TrialProc,TrialList,flankerIL.jpg,1,1,Keyboard,2,11,451284,159,1,497,451781,12,1,56,Incon
FC,3,1,B,"<?xml version=""1.0""?>\n<Clock xmlns:dt=""urn:schemas-microsoft-com:datatypes""><Description dt:dt=""string"">E-Prime Primary Realtime Clock</Description><StartTime><Timestamp dt:dt=""int"">0</Timestamp><DateUtc dt:dt=""string"">2021-08-22T13:07:16Z</DateUtc></StartTime><FrequencyChanges><FrequencyChange><Frequency dt:dt=""r8"">10000000</Frequency><Timestamp dt:dt=""r8"">13578792482891</Timestamp><Current dt:dt=""r8"">0</Current><DateUtc dt:dt=""string"">2021-08-22T13:07:16Z</DateUtc></FrequencyChange></FrequencyChanges></Clock>\n",S,SL003_FCS6BB,6,1.0.0.262,1,143.973,-1891543596,Full,3.0.3.80,3.0.3.80,8/22/21,8/22/21 13:07,8:07:16,3.0.3.82,Keyboard,B,Keyboard,-999999,15,11708,0,1,1,1,1,BlockProc,BlockList,57,123,0.964285714,441.5925926,1,,,1698,,0.877192982,468.72,TrialProc,TrialList,flankerCL.jpg,1,1,Keyboard,2,11,453152,159,1,454,453606,6,1,57,Cong
FC,3,1,B,"<?xml version=""1.0""?>\n<Clock xmlns:dt=""urn:schemas-microsoft-com:datatypes""><Description dt:dt=""string"">E-Prime Primary Realtime Clock</Description><StartTime><Timestamp dt:dt=""int"">0</Timestamp><DateUtc dt:dt=""string"">2021-08-22T13:07:16Z</DateUtc></StartTime><FrequencyChanges><FrequencyChange><Frequency dt:dt=""r8"">10000000</Frequency><Timestamp dt:dt=""r8"">13578792482891</Timestamp><Current dt:dt=""r8"">0</Current><DateUtc dt:dt=""string"">2021-08-22T13:07:16Z</DateUtc></FrequencyChange></FrequencyChanges></Clock>\n",S,SL003_FCS6BB,6,1.0.0.262,1,143.973,-1891543596,Full,3.0.3.80,3.0.3.80,8/22/21,8/22/21 13:07,8:07:16,3.0.3.82,Keyboard,B,Keyboard,-999999,15,11708,0,1,1,1,1,BlockProc,BlockList,58,221,,,1,0.8,497.375,1302,,0.879310345,467.8431373,TrialProc,TrialList,flankerIL.jpg,1,1,Keyboard,2,11,455020,159,1,424,455444,10,1,58,Incon
FC,3,1,B,"<?xml version=""1.0""?>\n<Clock xmlns:dt=""urn:schemas-microsoft-com:datatypes""><Description dt:dt=""string"">E-Prime Primary Realtime Clock</Description><StartTime><Timestamp dt:dt=""int"">0</Timestamp><DateUtc dt:dt=""string"">2021-08-22T13:07:16Z</DateUtc></StartTime><FrequencyChanges><FrequencyChange><Frequency dt:dt=""r8"">10000000</Frequency><Timestamp dt:dt=""r8"">13578792482891</Timestamp><Current dt:dt=""r8"">0</Current><DateUtc dt:dt=""string"">2021-08-22T13:07:16Z</DateUtc></FrequencyChange></FrequencyChanges></Clock>\n",S,SL003_FCS6BB,6,1.0.0.262,1,143.973,-1891543596,Full,3.0.3.80,3.0.3.80,8/22/21,8/22/21 13:07,8:07:16,3.0.3.82,Keyboard,B,Keyboard,-999999,15,11708,0,1,1,1,1,BlockProc,BlockList,59,222,,,1,0.806451613,491.32,1500,,0.881355932,465.5,TrialProc,TrialList,flankerIL.jpg,1,1,Keyboard,2,11,456492,159,1,346,456838,11,1,59,Incon
FC,3,1,B,"<?xml version=""1.0""?>\n<Clock xmlns:dt=""urn:schemas-microsoft-com:datatypes""><Description dt:dt=""string"">E-Prime Primary Realtime Clock</Description><StartTime><Timestamp dt:dt=""int"">0</Timestamp><DateUtc dt:dt=""string"">2021-08-22T13:07:16Z</DateUtc></StartTime><FrequencyChanges><FrequencyChange><Frequency dt:dt=""r8"">10000000</Frequency><Timestamp dt:dt=""r8"">13578792482891</Timestamp><Current dt:dt=""r8"">0</Current><DateUtc dt:dt=""string"">2021-08-22T13:07:16Z</DateUtc></FrequencyChange></FrequencyChanges></Clock>\n",S,SL003_FCS6BB,6,1.0.0.262,1,143.973,-1891543596,Full,3.0.3.80,3.0.3.80,8/22/21,8/22/21 13:07,8:07:16,3.0.3.82,Keyboard,B,Keyboard,-999999,15,11708,0,1,1,1,1,BlockProc,BlockList,60,121,0.965517241,436.5,1,,,1302,,0.883333333,462.3584906,TrialProc,TrialList,flankerCL.jpg,1,1,Keyboard,2,7,458158,160,1,299,458457,4,1,60,Cong
FC,3,1,B,"<?xml version=""1.0""?>\n<Clock xmlns:dt=""urn:schemas-microsoft-com:datatypes""><Description dt:dt=""string"">E-Prime Primary Realtime Clock</Description><StartTime><Timestamp dt:dt=""int"">0</Timestamp><DateUtc dt:dt=""string"">2021-08-22T13:07:16Z</DateUtc></StartTime><FrequencyChanges><FrequencyChange><Frequency dt:dt=""r8"">10000000</Frequency><Timestamp dt:dt=""r8"">13578792482891</Timestamp><Current dt:dt=""r8"">0</Current><DateUtc dt:dt=""string"">2021-08-22T13:07:16Z</DateUtc></FrequencyChange></FrequencyChanges></Clock>\n",S,SL003_FCS6BB,6,1.0.0.262,1,143.973,-1891543596,Full,3.0.3.80,3.0.3.80,8/22/21,8/22/21 13:07,8:07:16,3.0.3.82,Keyboard,B,Keyboard,-999999,15,11708,0,1,1,1,1,BlockProc,BlockList,61,111,0.966666667,439.3103448,4,,,1302,,0.885245902,463.3888889,TrialProc,TrialList,flankerCR.jpg,1,4,Keyboard,3,10,459630,160,4,518,460148,1,1,61,Cong
FC,3,1,B,"<?xml version=""1.0""?>\n<Clock xmlns:dt=""urn:schemas-microsoft-com:datatypes""><Description dt:dt=""string"">E-Prime Primary Realtime Clock</Description><StartTime><Timestamp dt:dt=""int"">0</Timestamp><DateUtc dt:dt=""string"">2021-08-22T13:07:16Z</DateUtc></StartTime><FrequencyChanges><FrequencyChange><Frequency dt:dt=""r8"">10000000</Frequency><Timestamp dt:dt=""r8"">13578792482891</Timestamp><Current dt:dt=""r8"">0</Current><DateUtc dt:dt=""string"">2021-08-22T13:07:16Z</DateUtc></FrequencyChange></FrequencyChanges></Clock>\n",S,SL003_FCS6BB,6,1.0.0.262,1,143.973,-1891543596,Full,3.0.3.80,3.0.3.80,8/22/21,8/22/21 13:07,8:07:16,3.0.3.82,Keyboard,B,Keyboard,-999999,15,11708,0,1,1,1,1,BlockProc,BlockList,62,111,0.935483871,,4,,,1302,2,0.870967742,,TrialProc,TrialList,flankerCR.jpg,0,4,Keyboard,2,11,461103,159,,0,0,1,1,62,Cong
FC,3,1,B,"<?xml version=""1.0""?>\n<Clock xmlns:dt=""urn:schemas-microsoft-com:datatypes""><Description dt:dt=""string"">E-Prime Primary Realtime Clock</Description><StartTime><Timestamp dt:dt=""int"">0</Timestamp><DateUtc dt:dt=""string"">2021-08-22T13:07:16Z</DateUtc></StartTime><FrequencyChanges><FrequencyChange><Frequency dt:dt=""r8"">10000000</Frequency><Timestamp dt:dt=""r8"">13578792482891</Timestamp><Current dt:dt=""r8"">0</Current><DateUtc dt:dt=""string"">2021-08-22T13:07:16Z</DateUtc></FrequencyChange></FrequencyChanges></Clock>\n",S,SL003_FCS6BB,6,1.0.0.262,1,143.973,-1891543596,Full,3.0.3.80,3.0.3.80,8/22/21,8/22/21 13:07,8:07:16,3.0.3.82,Keyboard,B,Keyboard,-999999,15,11708,0,1,1,1,1,BlockProc,BlockList,63,111,0.9375,448.7666667,4,,,1302,,0.873015873,468.1090909,TrialProc,TrialList,flankerCR.jpg,1,4,Keyboard,2,11,462575,153,4,723,463298,1,1,63,Cong
FC,3,1,B,"<?xml version=""1.0""?>\n<Clock xmlns:dt=""urn:schemas-microsoft-com:datatypes""><Description dt:dt=""string"">E-Prime Primary Realtime Clock</Description><StartTime><Timestamp dt:dt=""int"">0</Timestamp><DateUtc dt:dt=""string"">2021-08-22T13:07:16Z</DateUtc></StartTime><FrequencyChanges><FrequencyChange><Frequency dt:dt=""r8"">10000000</Frequency><Timestamp dt:dt=""r8"">13578792482891</Timestamp><Current dt:dt=""r8"">0</Current><DateUtc dt:dt=""string"">2021-08-22T13:07:16Z</DateUtc></FrequencyChange></FrequencyChanges></Clock>\n",S,SL003_FCS6BB,6,1.0.0.262,1,143.973,-1891543596,Full,3.0.3.80,3.0.3.80,8/22/21,8/22/21 13:07,8:07:16,3.0.3.82,Keyboard,B,Keyboard,-999999,15,11708,0,1,1,1,1,BlockProc,BlockList,64,222,,,1,0.8125,504.5,1500,,0.875,474.6428571,TrialProc,TrialList,flankerIL.jpg,1,1,Keyboard,2,10,464040,160,1,834,464874,11,1,64,Incon
FC,3,1,B,"<?xml version=""1.0""?>\n<Clock xmlns:dt=""urn:schemas-microsoft-com:datatypes""><Description dt:dt=""string"">E-Prime Primary Realtime Clock</Description><StartTime><Timestamp dt:dt=""int"">0</Timestamp><DateUtc dt:dt=""string"">2021-08-22T13:07:16Z</DateUtc></StartTime><FrequencyChanges><FrequencyChange><Frequency dt:dt=""r8"">10000000</Frequency><Timestamp dt:dt=""r8"">13578792482891</Timestamp><Current dt:dt=""r8"">0</Current><DateUtc dt:dt=""string"">2021-08-22T13:07:16Z</DateUtc></FrequencyChange></FrequencyChanges></Clock>\n",S,SL003_FCS6BB,6,1.0.0.262,1,143.973,-1891543596,Full,3.0.3.80,3.0.3.80,8/22/21,8/22/21 13:07,8:07:16,3.0.3.82,Keyboard,B,Keyboard,-999999,15,11708,0,1,1,1,1,BlockProc,BlockList,65,111,0.939393939,453.5806452,4,,,1302,,0.876923077,476.8070175,TrialProc,TrialList,flankerCR.jpg,1,4,Keyboard,2,7,465707,159,4,598,466305,1,1,65,Cong
FC,3,1,B,"<?xml version=""1.0""?>\n<Clock xmlns:dt=""urn:schemas-microsoft-com:datatypes""><Description dt:dt=""string"">E-Prime Primary Realtime Clock</Description><StartTime><Timestamp dt:dt=""int"">0</Timestamp><DateUtc dt:dt=""string"">2021-08-22T13:07:16Z</DateUtc></StartTime><FrequencyChanges><FrequencyChange><Frequency dt:dt=""r8"">10000000</Frequency><Timestamp dt:dt=""r8"">13578792482891</Timestamp><Current dt:dt=""r8"">0</Current><DateUtc dt:dt=""string"">2021-08-22T13:07:16Z</DateUtc></FrequencyChange></FrequencyChanges></Clock>\n",S,SL003_FCS6BB,6,1.0.0.262,1,143.973,-1891543596,Full,3.0.3.80,3.0.3.80,8/22/21,8/22/21 13:07,8:07:16,3.0.3.82,Keyboard,B,Keyboard,-999999,15,11708,0,1,1,1,1,BlockProc,BlockList,66,222,,,1,0.787878788,,1500,,0.863636364,,TrialProc,TrialList,flankerIL.jpg,0,1,Keyboard,2,11,467179,160,4,467,467646,11,1,66,Incon
FC,3,1,B,"<?xml version=""1.0""?>\n<Clock xmlns:dt=""urn:schemas-microsoft-com:datatypes""><Description dt:dt=""string"">E-Prime Primary Realtime Clock</Description><StartTime><Timestamp dt:dt=""int"">0</Timestamp><DateUtc dt:dt=""string"">2021-08-22T13:07:16Z</DateUtc></StartTime><FrequencyChanges><FrequencyChange><Frequency dt:dt=""r8"">10000000</Frequency><Timestamp dt:dt=""r8"">13578792482891</Timestamp><Current dt:dt=""r8"">0</Current><DateUtc dt:dt=""string"">2021-08-22T13:07:16Z</DateUtc></FrequencyChange></FrequencyChanges></Clock>\n",S,SL003_FCS6BB,6,1.0.0.262,1,143.973,-1891543596,Full,3.0.3.80,3.0.3.80,8/22/21,8/22/21 13:07,8:07:16,3.0.3.82,Keyboard,B,Keyboard,-999999,15,11708,0,1,1,1,1,BlockProc,BlockList,67,111,0.941176471,454.28125,4,,,1302,,0.865671642,476.7931034,TrialProc,TrialList,flankerCR.jpg,1,4,Keyboard,3,6,468845,160,4,476,469321,1,1,67,Cong
FC,3,1,B,"<?xml version=""1.0""?>\n<Clock xmlns:dt=""urn:schemas-microsoft-com:datatypes""><Description dt:dt=""string"">E-Prime Primary Realtime Clock</Description><StartTime><Timestamp dt:dt=""int"">0</Timestamp><DateUtc dt:dt=""string"">2021-08-22T13:07:16Z</DateUtc></StartTime><FrequencyChanges><FrequencyChange><Frequency dt:dt=""r8"">10000000</Frequency><Timestamp dt:dt=""r8"">13578792482891</Timestamp><Current dt:dt=""r8"">0</Current><DateUtc dt:dt=""string"">2021-08-22T13:07:16Z</DateUtc></FrequencyChange></FrequencyChanges></Clock>\n",S,SL003_FCS6BB,6,1.0.0.262,1,143.973,-1891543596,Full,3.0.3.80,3.0.3.80,8/22/21,8/22/21 13:07,8:07:16,3.0.3.82,Keyboard,B,Keyboard,-999999,15,11708,0,1,1,1,1,BlockProc,BlockList,68,122,0.942857143,454.3030303,1,,,1500,,0.867647059,476.4237288,TrialProc,TrialList,flankerCL.jpg,1,1,Keyboard,2,11,470318,159,1,455,470773,5,1,68,Cong
FC,3,1,B,"<?xml version=""1.0""?>\n<Clock xmlns:dt=""urn:schemas-microsoft-com:datatypes""><Description dt:dt=""string"">E-Prime Primary Realtime Clock</Description><StartTime><Timestamp dt:dt=""int"">0</Timestamp><DateUtc dt:dt=""string"">2021-08-22T13:07:16Z</DateUtc></StartTime><FrequencyChanges><FrequencyChange><Frequency dt:dt=""r8"">10000000</Frequency><Timestamp dt:dt=""r8"">13578792482891</Timestamp><Current dt:dt=""r8"">0</Current><DateUtc dt:dt=""string"">2021-08-22T13:07:16Z</DateUtc></FrequencyChange></FrequencyChanges></Clock>\n",S,SL003_FCS6BB,6,1.0.0.262,1,143.973,-1891543596,Full,3.0.3.80,3.0.3.80,8/22/21,8/22/21 13:07,8:07:16,3.0.3.82,Keyboard,B,Keyboard,-999999,15,11708,0,1,1,1,1,BlockProc,BlockList,69,121,0.916666667,,1,,,1302,3,0.855072464,,TrialProc,TrialList,flankerCL.jpg,0,1,Keyboard,2,7,471984,160,,0,0,4,1,69,Cong
FC,3,1,B,"<?xml version=""1.0""?>\n<Clock xmlns:dt=""urn:schemas-microsoft-com:datatypes""><Description dt:dt=""string"">E-Prime Primary Realtime Clock</Description><StartTime><Timestamp dt:dt=""int"">0</Timestamp><DateUtc dt:dt=""string"">2021-08-22T13:07:16Z</DateUtc></StartTime><FrequencyChanges><FrequencyChange><Frequency dt:dt=""r8"">10000000</Frequency><Timestamp dt:dt=""r8"">13578792482891</Timestamp><Current dt:dt=""r8"">0</Current><DateUtc dt:dt=""string"">2021-08-22T13:07:16Z</DateUtc></FrequencyChange></FrequencyChanges></Clock>\n",S,SL003_FCS6BB,6,1.0.0.262,1,143.973,-1891543596,Full,3.0.3.80,3.0.3.80,8/22/21,8/22/21 13:07,8:07:16,3.0.3.82,Keyboard,B,Keyboard,-999999,15,11708,0,1,1,1,1,BlockProc,BlockList,70,112,0.918918919,457.7647059,4,,,1500,,0.857142857,478.0166667,TrialProc,TrialList,flankerCR.jpg,1,4,Keyboard,3,10,473456,160,4,572,474028,2,1,70,Cong
FC,3,1,B,"<?xml version=""1.0""?>\n<Clock xmlns:dt=""urn:schemas-microsoft-com:datatypes""><Description dt:dt=""string"">E-Prime Primary Realtime Clock</Description><StartTime><Timestamp dt:dt=""int"">0</Timestamp><DateUtc dt:dt=""string"">2021-08-22T13:07:16Z</DateUtc></StartTime><FrequencyChanges><FrequencyChange><Frequency dt:dt=""r8"">10000000</Frequency><Timestamp dt:dt=""r8"">13578792482891</Timestamp><Current dt:dt=""r8"">0</Current><DateUtc dt:dt=""string"">2021-08-22T13:07:16Z</DateUtc></FrequencyChange></FrequencyChanges></Clock>\n",S,SL003_FCS6BB,6,1.0.0.262,1,143.973,-1891543596,Full,3.0.3.80,3.0.3.80,8/22/21,8/22/21 13:07,8:07:16,3.0.3.82,Keyboard,B,Keyboard,-999999,15,11708,0,1,1,1,1,BlockProc,BlockList,71,121,0.921052632,457.5714286,1,,,1302,,0.85915493,477.5737705,TrialProc,TrialList,flankerCL.jpg,1,1,Keyboard,2,7,475123,160,1,451,475574,4,1,71,Cong
FC,3,1,B,"<?xml version=""1.0""?>\n<Clock xmlns:dt=""urn:schemas-microsoft-com:datatypes""><Description dt:dt=""string"">E-Prime Primary Realtime Clock</Description><StartTime><Timestamp dt:dt=""int"">0</Timestamp><DateUtc dt:dt=""string"">2021-08-22T13:07:16Z</DateUtc></StartTime><FrequencyChanges><FrequencyChange><Frequency dt:dt=""r8"">10000000</Frequency><Timestamp dt:dt=""r8"">13578792482891</Timestamp><Current dt:dt=""r8"">0</Current><DateUtc dt:dt=""string"">2021-08-22T13:07:16Z</DateUtc></FrequencyChange></FrequencyChanges></Clock>\n",S,SL003_FCS6BB,6,1.0.0.262,1,143.973,-1891543596,Full,3.0.3.80,3.0.3.80,8/22/21,8/22/21 13:07,8:07:16,3.0.3.82,Keyboard,B,Keyboard,-999999,15,11708,0,1,1,1,1,BlockProc,BlockList,72,212,,,4,0.764705882,,1500,,0.847222222,,TrialProc,TrialList,flankerIR.jpg,0,4,Keyboard,2,10,476595,160,1,602,477197,8,1,72,Incon
FC,3,1,B,"<?xml version=""1.0""?>\n<Clock xmlns:dt=""urn:schemas-microsoft-com:datatypes""><Description dt:dt=""string"">E-Prime Primary Realtime Clock</Description><StartTime><Timestamp dt:dt=""int"">0</Timestamp><DateUtc dt:dt=""string"">2021-08-22T13:07:16Z</DateUtc></StartTime><FrequencyChanges><FrequencyChange><Frequency dt:dt=""r8"">10000000</Frequency><Timestamp dt:dt=""r8"">13578792482891</Timestamp><Current dt:dt=""r8"">0</Current><DateUtc dt:dt=""string"">2021-08-22T13:07:16Z</DateUtc></FrequencyChange></FrequencyChanges></Clock>\n",S,SL003_FCS6BB,6,1.0.0.262,1,143.973,-1891543596,Full,3.0.3.80,3.0.3.80,8/22/21,8/22/21 13:07,8:07:16,3.0.3.82,Keyboard,B,Keyboard,-999999,15,11708,0,1,1,1,1,BlockProc,BlockList,73,123,0.923076923,455.6944444,1,,,1698,,0.849315068,476.1612903,TrialProc,TrialList,flankerCL.jpg,1,1,Keyboard,2,7,478262,159,1,390,478652,6,1,73,Cong
FC,3,1,B,"<?xml version=""1.0""?>\n<Clock xmlns:dt=""urn:schemas-microsoft-com:datatypes""><Description dt:dt=""string"">E-Prime Primary Realtime Clock</Description><StartTime><Timestamp dt:dt=""int"">0</Timestamp><DateUtc dt:dt=""string"">2021-08-22T13:07:16Z</DateUtc></StartTime><FrequencyChanges><FrequencyChange><Frequency dt:dt=""r8"">10000000</Frequency><Timestamp dt:dt=""r8"">13578792482891</Timestamp><Current dt:dt=""r8"">0</Current><DateUtc dt:dt=""string"">2021-08-22T13:07:16Z</DateUtc></FrequencyChange></FrequencyChanges></Clock>\n",S,SL003_FCS6BB,6,1.0.0.262,1,143.973,-1891543596,Full,3.0.3.80,3.0.3.80,8/22/21,8/22/21 13:07,8:07:16,3.0.3.82,Keyboard,B,Keyboard,-999999,15,11708,0,1,1,1,1,BlockProc,BlockList,74,113,0.925,454.6486486,4,,,1698,,0.851351351,475.2222222,TrialProc,TrialList,flankerCR.jpg,1,4,Keyboard,2,11,480130,159,4,417,480547,3,1,74,Cong
FC,3,1,B,"<?xml version=""1.0""?>\n<Clock xmlns:dt=""urn:schemas-microsoft-com:datatypes""><Description dt:dt=""string"">E-Prime Primary Realtime Clock</Description><StartTime><Timestamp dt:dt=""int"">0</Timestamp><DateUtc dt:dt=""string"">2021-08-22T13:07:16Z</DateUtc></StartTime><FrequencyChanges><FrequencyChange><Frequency dt:dt=""r8"">10000000</Frequency><Timestamp dt:dt=""r8"">13578792482891</Timestamp><Current dt:dt=""r8"">0</Current><DateUtc dt:dt=""string"">2021-08-22T13:07:16Z</DateUtc></FrequencyChange></FrequencyChanges></Clock>\n",S,SL003_FCS6BB,6,1.0.0.262,1,143.973,-1891543596,Full,3.0.3.80,3.0.3.80,8/22/21,8/22/21 13:07,8:07:16,3.0.3.82,Keyboard,B,Keyboard,-999999,15,11708,0,1,1,1,1,BlockProc,BlockList,75,112,0.926829268,450.4736842,4,,,1500,,0.853333333,472.421875,TrialProc,TrialList,flankerCR.jpg,1,4,Keyboard,2,11,481998,159,4,296,482294,2,1,75,Cong
FC,3,1,B,"<?xml version=""1.0""?>\n<Clock xmlns:dt=""urn:schemas-microsoft-com:datatypes""><Description dt:dt=""string"">E-Prime Primary Realtime Clock</Description><StartTime><Timestamp dt:dt=""int"">0</Timestamp><DateUtc dt:dt=""string"">2021-08-22T13:07:16Z</DateUtc></StartTime><FrequencyChanges><FrequencyChange><Frequency dt:dt=""r8"">10000000</Frequency><Timestamp dt:dt=""r8"">13578792482891</Timestamp><Current dt:dt=""r8"">0</Current><DateUtc dt:dt=""string"">2021-08-22T13:07:16Z</DateUtc></FrequencyChange></FrequencyChanges></Clock>\n",S,SL003_FCS6BB,6,1.0.0.262,1,143.973,-1891543596,Full,3.0.3.80,3.0.3.80,8/22/21,8/22/21 13:07,8:07:16,3.0.3.82,Keyboard,B,Keyboard,-999999,15,11708,0,1,1,1,1,BlockProc,BlockList,76,123,0.928571429,452.2307692,1,,,1698,,0.855263158,473.1384615,TrialProc,TrialList,flankerCL.jpg,1,1,Keyboard,3,7,483664,160,1,519,484183,6,1,76,Cong
FC,3,1,B,"<?xml version=""1.0""?>\n<Clock xmlns:dt=""urn:schemas-microsoft-com:datatypes""><Description dt:dt=""string"">E-Prime Primary Realtime Clock</Description><StartTime><Timestamp dt:dt=""int"">0</Timestamp><DateUtc dt:dt=""string"">2021-08-22T13:07:16Z</DateUtc></StartTime><FrequencyChanges><FrequencyChange><Frequency dt:dt=""r8"">10000000</Frequency><Timestamp dt:dt=""r8"">13578792482891</Timestamp><Current dt:dt=""r8"">0</Current><DateUtc dt:dt=""string"">2021-08-22T13:07:16Z</DateUtc></FrequencyChange></FrequencyChanges></Clock>\n",S,SL003_FCS6BB,6,1.0.0.262,1,143.973,-1891543596,Full,3.0.3.80,3.0.3.80,8/22/21,8/22/21 13:07,8:07:16,3.0.3.82,Keyboard,B,Keyboard,-999999,15,11708,0,1,1,1,1,BlockProc,BlockList,77,122,0.930232558,451.525,1,,,1500,,0.857142857,472.3939394,TrialProc,TrialList,flankerCL.jpg,1,1,Keyboard,3,10,485532,153,1,424,485956,5,1,77,Cong
FC,3,1,B,"<?xml version=""1.0""?>\n<Clock xmlns:dt=""urn:schemas-microsoft-com:datatypes""><Description dt:dt=""string"">E-Prime Primary Realtime Clock</Description><StartTime><Timestamp dt:dt=""int"">0</Timestamp><DateUtc dt:dt=""string"">2021-08-22T13:07:16Z</DateUtc></StartTime><FrequencyChanges><FrequencyChange><Frequency dt:dt=""r8"">10000000</Frequency><Timestamp dt:dt=""r8"">13578792482891</Timestamp><Current dt:dt=""r8"">0</Current><DateUtc dt:dt=""string"">2021-08-22T13:07:16Z</DateUtc></FrequencyChange></FrequencyChanges></Clock>\n",S,SL003_FCS6BB,6,1.0.0.262,1,143.973,-1891543596,Full,3.0.3.80,3.0.3.80,8/22/21,8/22/21 13:07,8:07:16,3.0.3.82,Keyboard,B,Keyboard,-999999,15,11708,0,1,1,1,1,BlockProc,BlockList,78,212,,,4,0.742857143,,1500,,0.846153846,,TrialProc,TrialList,flankerIR.jpg,0,4,Keyboard,2,7,487192,160,1,377,487569,8,1,78,Incon
FC,3,1,B,"<?xml version=""1.0""?>\n<Clock xmlns:dt=""urn:schemas-microsoft-com:datatypes""><Description dt:dt=""string"">E-Prime Primary Realtime Clock</Description><StartTime><Timestamp dt:dt=""int"">0</Timestamp><DateUtc dt:dt=""string"">2021-08-22T13:07:16Z</DateUtc></StartTime><FrequencyChanges><FrequencyChange><Frequency dt:dt=""r8"">10000000</Frequency><Timestamp dt:dt=""r8"">13578792482891</Timestamp><Current dt:dt=""r8"">0</Current><DateUtc dt:dt=""string"">2021-08-22T13:07:16Z</DateUtc></FrequencyChange></FrequencyChanges></Clock>\n",S,SL003_FCS6BB,6,1.0.0.262,1,143.973,-1891543596,Full,3.0.3.80,3.0.3.80,8/22/21,8/22/21 13:07,8:07:16,3.0.3.82,Keyboard,B,Keyboard,-999999,15,11708,0,1,1,1,1,BlockProc,BlockList,79,211,,,4,0.75,505.4814815,1302,,0.848101266,473.2686567,TrialProc,TrialList,flankerIR.jpg,1,4,Keyboard,2,7,488859,159,4,531,489390,7,1,79,Incon
FC,3,1,B,"<?xml version=""1.0""?>\n<Clock xmlns:dt=""urn:schemas-microsoft-com:datatypes""><Description dt:dt=""string"">E-Prime Primary Realtime Clock</Description><StartTime><Timestamp dt:dt=""int"">0</Timestamp><DateUtc dt:dt=""string"">2021-08-22T13:07:16Z</DateUtc></StartTime><FrequencyChanges><FrequencyChange><Frequency dt:dt=""r8"">10000000</Frequency><Timestamp dt:dt=""r8"">13578792482891</Timestamp><Current dt:dt=""r8"">0</Current><DateUtc dt:dt=""string"">2021-08-22T13:07:16Z</DateUtc></FrequencyChange></FrequencyChanges></Clock>\n",S,SL003_FCS6BB,6,1.0.0.262,1,143.973,-1891543596,Full,3.0.3.80,3.0.3.80,8/22/21,8/22/21 13:07,8:07:16,3.0.3.82,Keyboard,B,Keyboard,-999999,15,11708,0,1,1,1,1,BlockProc,BlockList,80,211,,,4,0.756756757,514.5,1302,,0.85,477.4558824,TrialProc,TrialList,flankerIR.jpg,1,4,Keyboard,2,11,490331,160,4,758,491089,7,1,80,Incon
FC,3,1,B,"<?xml version=""1.0""?>\n<Clock xmlns:dt=""urn:schemas-microsoft-com:datatypes""><Description dt:dt=""string"">E-Prime Primary Realtime Clock</Description><StartTime><Timestamp dt:dt=""int"">0</Timestamp><DateUtc dt:dt=""string"">2021-08-22T13:07:16Z</DateUtc></StartTime><FrequencyChanges><FrequencyChange><Frequency dt:dt=""r8"">10000000</Frequency><Timestamp dt:dt=""r8"">13578792482891</Timestamp><Current dt:dt=""r8"">0</Current><DateUtc dt:dt=""string"">2021-08-22T13:07:16Z</DateUtc></FrequencyChange></FrequencyChanges></Clock>\n",S,SL003_FCS6BB,6,1.0.0.262,1,143.973,-1891543596,Full,3.0.3.80,3.0.3.80,8/22/21,8/22/21 13:07,8:07:16,3.0.3.82,Keyboard,B,Keyboard,-999999,15,11708,0,1,1,1,1,BlockProc,BlockList,81,212,,,4,0.736842105,,1500,4,0.839506173,,TrialProc,TrialList,flankerIR.jpg,0,4,Keyboard,2,10,491803,160,,0,0,8,1,81,Incon
FC,3,1,B,"<?xml version=""1.0""?>\n<Clock xmlns:dt=""urn:schemas-microsoft-com:datatypes""><Description dt:dt=""string"">E-Prime Primary Realtime Clock</Description><StartTime><Timestamp dt:dt=""int"">0</Timestamp><DateUtc dt:dt=""string"">2021-08-22T13:07:16Z</DateUtc></StartTime><FrequencyChanges><FrequencyChange><Frequency dt:dt=""r8"">10000000</Frequency><Timestamp dt:dt=""r8"">13578792482891</Timestamp><Current dt:dt=""r8"">0</Current><DateUtc dt:dt=""string"">2021-08-22T13:07:16Z</DateUtc></FrequencyChange></FrequencyChanges></Clock>\n",S,SL003_FCS6BB,6,1.0.0.262,1,143.973,-1891543596,Full,3.0.3.80,3.0.3.80,8/22/21,8/22/21 13:07,8:07:16,3.0.3.82,Keyboard,B,Keyboard,-999999,15,11708,0,1,1,1,1,BlockProc,BlockList,82,223,,,1,0.743589744,514.6896552,1698,,0.841463415,478.0724638,TrialProc,TrialList,flankerIL.jpg,1,1,Keyboard,2,7,493470,159,1,520,493990,12,1,82,Incon
FC,3,1,B,"<?xml version=""1.0""?>\n<Clock xmlns:dt=""urn:schemas-microsoft-com:datatypes""><Description dt:dt=""string"">E-Prime Primary Realtime Clock</Description><StartTime><Timestamp dt:dt=""int"">0</Timestamp><DateUtc dt:dt=""string"">2021-08-22T13:07:16Z</DateUtc></StartTime><FrequencyChanges><FrequencyChange><Frequency dt:dt=""r8"">10000000</Frequency><Timestamp dt:dt=""r8"">13578792482891</Timestamp><Current dt:dt=""r8"">0</Current><DateUtc dt:dt=""string"">2021-08-22T13:07:16Z</DateUtc></FrequencyChange></FrequencyChanges></Clock>\n",S,SL003_FCS6BB,6,1.0.0.262,1,143.973,-1891543596,Full,3.0.3.80,3.0.3.80,8/22/21,8/22/21 13:07,8:07:16,3.0.3.82,Keyboard,B,Keyboard,-999999,15,11708,0,1,1,1,1,BlockProc,BlockList,83,223,,,1,0.75,510.9333333,1698,,0.843373494,476.9857143,TrialProc,TrialList,flankerIL.jpg,1,1,Keyboard,2,11,495338,159,1,402,495740,12,1,83,Incon
FC,3,1,B,"<?xml version=""1.0""?>\n<Clock xmlns:dt=""urn:schemas-microsoft-com:datatypes""><Description dt:dt=""string"">E-Prime Primary Realtime Clock</Description><StartTime><Timestamp dt:dt=""int"">0</Timestamp><DateUtc dt:dt=""string"">2021-08-22T13:07:16Z</DateUtc></StartTime><FrequencyChanges><FrequencyChange><Frequency dt:dt=""r8"">10000000</Frequency><Timestamp dt:dt=""r8"">13578792482891</Timestamp><Current dt:dt=""r8"">0</Current><DateUtc dt:dt=""string"">2021-08-22T13:07:16Z</DateUtc></FrequencyChange></FrequencyChanges></Clock>\n",S,SL003_FCS6BB,6,1.0.0.262,1,143.973,-1891543596,Full,3.0.3.80,3.0.3.80,8/22/21,8/22/21 13:07,8:07:16,3.0.3.82,Keyboard,B,Keyboard,-999999,15,11708,0,1,1,1,1,BlockProc,BlockList,84,223,,,1,0.756097561,509.0645161,1698,,0.845238095,476.6478873,TrialProc,TrialList,flankerIL.jpg,1,1,Keyboard,2,11,497206,152,1,453,497659,12,1,84,Incon
FC,3,1,B,"<?xml version=""1.0""?>\n<Clock xmlns:dt=""urn:schemas-microsoft-com:datatypes""><Description dt:dt=""string"">E-Prime Primary Realtime Clock</Description><StartTime><Timestamp dt:dt=""int"">0</Timestamp><DateUtc dt:dt=""string"">2021-08-22T13:07:16Z</DateUtc></StartTime><FrequencyChanges><FrequencyChange><Frequency dt:dt=""r8"">10000000</Frequency><Timestamp dt:dt=""r8"">13578792482891</Timestamp><Current dt:dt=""r8"">0</Current><DateUtc dt:dt=""string"">2021-08-22T13:07:16Z</DateUtc></FrequencyChange></FrequencyChanges></Clock>\n",S,SL003_FCS6BB,6,1.0.0.262,1,143.973,-1891543596,Full,3.0.3.80,3.0.3.80,8/22/21,8/22/21 13:07,8:07:16,3.0.3.82,Keyboard,B,Keyboard,-999999,15,11708,0,1,1,1,1,BlockProc,BlockList,85,221,,,1,0.761904762,521.59375,1302,,0.847058824,482.6666667,TrialProc,TrialList,flankerIL.jpg,1,1,Keyboard,2,11,499067,159,1,910,499977,10,1,85,Incon
FC,3,1,B,"<?xml version=""1.0""?>\n<Clock xmlns:dt=""urn:schemas-microsoft-com:datatypes""><Description dt:dt=""string"">E-Prime Primary Realtime Clock</Description><StartTime><Timestamp dt:dt=""int"">0</Timestamp><DateUtc dt:dt=""string"">2021-08-22T13:07:16Z</DateUtc></StartTime><FrequencyChanges><FrequencyChange><Frequency dt:dt=""r8"">10000000</Frequency><Timestamp dt:dt=""r8"">13578792482891</Timestamp><Current dt:dt=""r8"">0</Current><DateUtc dt:dt=""string"">2021-08-22T13:07:16Z</DateUtc></FrequencyChange></FrequencyChanges></Clock>\n",S,SL003_FCS6BB,6,1.0.0.262,1,143.973,-1891543596,Full,3.0.3.80,3.0.3.80,8/22/21,8/22/21 13:07,8:07:16,3.0.3.82,Keyboard,B,Keyboard,-999999,15,11708,0,1,1,1,1,BlockProc,BlockList,86,213,,,4,0.744186047,,1698,,0.837209302,,TrialProc,TrialList,flankerIR.jpg,0,4,Keyboard,2,11,500539,160,1,844,501383,9,1,86,Incon
FC,3,1,B,"<?xml version=""1.0""?>\n<Clock xmlns:dt=""urn:schemas-microsoft-com:datatypes""><Description dt:dt=""string"">E-Prime Primary Realtime Clock</Description><StartTime><Timestamp dt:dt=""int"">0</Timestamp><DateUtc dt:dt=""string"">2021-08-22T13:07:16Z</DateUtc></StartTime><FrequencyChanges><FrequencyChange><Frequency dt:dt=""r8"">10000000</Frequency><Timestamp dt:dt=""r8"">13578792482891</Timestamp><Current dt:dt=""r8"">0</Current><DateUtc dt:dt=""string"">2021-08-22T13:07:16Z</DateUtc></FrequencyChange></FrequencyChanges></Clock>\n",S,SL003_FCS6BB,6,1.0.0.262,1,143.973,-1891543596,Full,3.0.3.80,3.0.3.80,8/22/21,8/22/21 13:07,8:07:16,3.0.3.82,Keyboard,B,Keyboard,-999999,15,11708,0,1,1,1,1,BlockProc,BlockList,87,222,,,1,0.75,519.9393939,1500,,0.83908046,482.4520548,TrialProc,TrialList,flankerIL.jpg,1,1,Keyboard,2,10,502407,160,1,467,502874,11,1,87,Incon
FC,3,1,B,"<?xml version=""1.0""?>\n<Clock xmlns:dt=""urn:schemas-microsoft-com:datatypes""><Description dt:dt=""string"">E-Prime Primary Realtime Clock</Description><StartTime><Timestamp dt:dt=""int"">0</Timestamp><DateUtc dt:dt=""string"">2021-08-22T13:07:16Z</DateUtc></StartTime><FrequencyChanges><FrequencyChange><Frequency dt:dt=""r8"">10000000</Frequency><Timestamp dt:dt=""r8"">13578792482891</Timestamp><Current dt:dt=""r8"">0</Current><DateUtc dt:dt=""string"">2021-08-22T13:07:16Z</DateUtc></FrequencyChange></FrequencyChanges></Clock>\n",S,SL003_FCS6BB,6,1.0.0.262,1,143.973,-1891543596,Full,3.0.3.80,3.0.3.80,8/22/21,8/22/21 13:07,8:07:16,3.0.3.82,Keyboard,B,Keyboard,-999999,15,11708,0,1,1,1,1,BlockProc,BlockList,88,122,0.931818182,448.6585366,1,,,1500,,0.840909091,480.4459459,TrialProc,TrialList,flankerCL.jpg,1,1,Keyboard,3,6,504073,160,1,334,504407,5,1,88,Cong
FC,3,1,B,"<?xml version=""1.0""?>\n<Clock xmlns:dt=""urn:schemas-microsoft-com:datatypes""><Description dt:dt=""string"">E-Prime Primary Realtime Clock</Description><StartTime><Timestamp dt:dt=""int"">0</Timestamp><DateUtc dt:dt=""string"">2021-08-22T13:07:16Z</DateUtc></StartTime><FrequencyChanges><FrequencyChange><Frequency dt:dt=""r8"">10000000</Frequency><Timestamp dt:dt=""r8"">13578792482891</Timestamp><Current dt:dt=""r8"">0</Current><DateUtc dt:dt=""string"">2021-08-22T13:07:16Z</DateUtc></FrequencyChange></FrequencyChanges></Clock>\n",S,SL003_FCS6BB,6,1.0.0.262,1,143.973,-1891543596,Full,3.0.3.80,3.0.3.80,8/22/21,8/22/21 13:07,8:07:16,3.0.3.82,Keyboard,B,Keyboard,-999999,15,11708,0,1,1,1,1,BlockProc,BlockList,89,112,0.933333333,449.047619,4,,,1500,,0.842696629,480.24,TrialProc,TrialList,flankerCR.jpg,1,4,Keyboard,2,7,505740,160,4,465,506205,2,1,89,Cong
FC,3,1,B,"<?xml version=""1.0""?>\n<Clock xmlns:dt=""urn:schemas-microsoft-com:datatypes""><Description dt:dt=""string"">E-Prime Primary Realtime Clock</Description><StartTime><Timestamp dt:dt=""int"">0</Timestamp><DateUtc dt:dt=""string"">2021-08-22T13:07:16Z</DateUtc></StartTime><FrequencyChanges><FrequencyChange><Frequency dt:dt=""r8"">10000000</Frequency><Timestamp dt:dt=""r8"">13578792482891</Timestamp><Current dt:dt=""r8"">0</Current><DateUtc dt:dt=""string"">2021-08-22T13:07:16Z</DateUtc></FrequencyChange></FrequencyChanges></Clock>\n",S,SL003_FCS6BB,6,1.0.0.262,1,143.973,-1891543596,Full,3.0.3.80,3.0.3.80,8/22/21,8/22/21 13:07,8:07:16,3.0.3.82,Keyboard,B,Keyboard,-999999,15,11708,0,1,1,1,1,BlockProc,BlockList,90,122,0.913043478,,1,,,1500,5,0.833333333,,TrialProc,TrialList,flankerCL.jpg,0,1,Keyboard,2,7,507407,159,,0,0,5,1,90,Cong
FC,3,1,B,"<?xml version=""1.0""?>\n<Clock xmlns:dt=""urn:schemas-microsoft-com:datatypes""><Description dt:dt=""string"">E-Prime Primary Realtime Clock</Description><StartTime><Timestamp dt:dt=""int"">0</Timestamp><DateUtc dt:dt=""string"">2021-08-22T13:07:16Z</DateUtc></StartTime><FrequencyChanges><FrequencyChange><Frequency dt:dt=""r8"">10000000</Frequency><Timestamp dt:dt=""r8"">13578792482891</Timestamp><Current dt:dt=""r8"">0</Current><DateUtc dt:dt=""string"">2021-08-22T13:07:16Z</DateUtc></FrequencyChange></FrequencyChanges></Clock>\n",S,SL003_FCS6BB,6,1.0.0.262,1,143.973,-1891543596,Full,3.0.3.80,3.0.3.80,8/22/21,8/22/21 13:07,8:07:16,3.0.3.82,Keyboard,B,Keyboard,-999999,15,11708,0,1,1,1,1,BlockProc,BlockList,91,211,,,4,0.755555556,519.5588235,1302,,0.835164835,480.5921053,TrialProc,TrialList,flankerIR.jpg,1,4,Keyboard,3,7,509073,160,4,507,509580,7,1,91,Incon
FC,3,1,B,"<?xml version=""1.0""?>\n<Clock xmlns:dt=""urn:schemas-microsoft-com:datatypes""><Description dt:dt=""string"">E-Prime Primary Realtime Clock</Description><StartTime><Timestamp dt:dt=""int"">0</Timestamp><DateUtc dt:dt=""string"">2021-08-22T13:07:16Z</DateUtc></StartTime><FrequencyChanges><FrequencyChange><Frequency dt:dt=""r8"">10000000</Frequency><Timestamp dt:dt=""r8"">13578792482891</Timestamp><Current dt:dt=""r8"">0</Current><DateUtc dt:dt=""string"">2021-08-22T13:07:16Z</DateUtc></FrequencyChange></FrequencyChanges></Clock>\n",S,SL003_FCS6BB,6,1.0.0.262,1,143.973,-1891543596,Full,3.0.3.80,3.0.3.80,8/22/21,8/22/21 13:07,8:07:16,3.0.3.82,Keyboard,B,Keyboard,-999999,15,11708,0,1,1,1,1,BlockProc,BlockList,92,223,,,1,0.760869565,519.0571429,1698,,0.836956522,480.8701299,TrialProc,TrialList,flankerIL.jpg,1,1,Keyboard,3,10,510545,160,1,502,511047,12,1,92,Incon
FC,3,1,B,"<?xml version=""1.0""?>\n<Clock xmlns:dt=""urn:schemas-microsoft-com:datatypes""><Description dt:dt=""string"">E-Prime Primary Realtime Clock</Description><StartTime><Timestamp dt:dt=""int"">0</Timestamp><DateUtc dt:dt=""string"">2021-08-22T13:07:16Z</DateUtc></StartTime><FrequencyChanges><FrequencyChange><Frequency dt:dt=""r8"">10000000</Frequency><Timestamp dt:dt=""r8"">13578792482891</Timestamp><Current dt:dt=""r8"">0</Current><DateUtc dt:dt=""string"">2021-08-22T13:07:16Z</DateUtc></FrequencyChange></FrequencyChanges></Clock>\n",S,SL003_FCS6BB,6,1.0.0.262,1,143.973,-1891543596,Full,3.0.3.80,3.0.3.80,8/22/21,8/22/21 13:07,8:07:16,3.0.3.82,Keyboard,B,Keyboard,-999999,15,11708,0,1,1,1,1,BlockProc,BlockList,93,111,0.914893617,447.1860465,4,,,1302,,0.838709677,479.4358974,TrialProc,TrialList,flankerCR.jpg,1,4,Keyboard,3,10,512413,160,4,369,512782,1,1,93,Cong
FC,3,1,B,"<?xml version=""1.0""?>\n<Clock xmlns:dt=""urn:schemas-microsoft-com:datatypes""><Description dt:dt=""string"">E-Prime Primary Realtime Clock</Description><StartTime><Timestamp dt:dt=""int"">0</Timestamp><DateUtc dt:dt=""string"">2021-08-22T13:07:16Z</DateUtc></StartTime><FrequencyChanges><FrequencyChange><Frequency dt:dt=""r8"">10000000</Frequency><Timestamp dt:dt=""r8"">13578792482891</Timestamp><Current dt:dt=""r8"">0</Current><DateUtc dt:dt=""string"">2021-08-22T13:07:16Z</DateUtc></FrequencyChange></FrequencyChanges></Clock>\n",S,SL003_FCS6BB,6,1.0.0.262,1,143.973,-1891543596,Full,3.0.3.80,3.0.3.80,8/22/21,8/22/21 13:07,8:07:16,3.0.3.82,Keyboard,B,Keyboard,-999999,15,11708,0,1,1,1,1,BlockProc,BlockList,94,123,0.916666667,448.6136364,1,,,1698,,0.840425532,479.8227848,TrialProc,TrialList,flankerCL.jpg,1,1,Keyboard,2,11,513886,159,1,510,514396,6,1,94,Cong
FC,3,1,B,"<?xml version=""1.0""?>\n<Clock xmlns:dt=""urn:schemas-microsoft-com:datatypes""><Description dt:dt=""string"">E-Prime Primary Realtime Clock</Description><StartTime><Timestamp dt:dt=""int"">0</Timestamp><DateUtc dt:dt=""string"">2021-08-22T13:07:16Z</DateUtc></StartTime><FrequencyChanges><FrequencyChange><Frequency dt:dt=""r8"">10000000</Frequency><Timestamp dt:dt=""r8"">13578792482891</Timestamp><Current dt:dt=""r8"">0</Current><DateUtc dt:dt=""string"">2021-08-22T13:07:16Z</DateUtc></FrequencyChange></FrequencyChanges></Clock>\n",S,SL003_FCS6BB,6,1.0.0.262,1,143.973,-1891543596,Full,3.0.3.80,3.0.3.80,8/22/21,8/22/21 13:07,8:07:16,3.0.3.82,Keyboard,B,Keyboard,-999999,15,11708,0,1,1,1,1,BlockProc,BlockList,95,212,,,4,0.765957447,517.25,1500,,0.842105263,479.5,TrialProc,TrialList,flankerIR.jpg,1,4,Keyboard,2,11,515754,159,4,454,516208,8,1,95,Incon
FC,3,1,B,"<?xml version=""1.0""?>\n<Clock xmlns:dt=""urn:schemas-microsoft-com:datatypes""><Description dt:dt=""string"">E-Prime Primary Realtime Clock</Description><StartTime><Timestamp dt:dt=""int"">0</Timestamp><DateUtc dt:dt=""string"">2021-08-22T13:07:16Z</DateUtc></StartTime><FrequencyChanges><FrequencyChange><Frequency dt:dt=""r8"">10000000</Frequency><Timestamp dt:dt=""r8"">13578792482891</Timestamp><Current dt:dt=""r8"">0</Current><DateUtc dt:dt=""string"">2021-08-22T13:07:16Z</DateUtc></FrequencyChange></FrequencyChanges></Clock>\n",S,SL003_FCS6BB,6,1.0.0.262,1,143.973,-1891543596,Full,3.0.3.80,3.0.3.80,8/22/21,8/22/21 13:07,8:07:16,3.0.3.82,Keyboard,B,Keyboard,-999999,15,11708,0,1,1,1,1,BlockProc,BlockList,96,213,,,4,0.770833333,523.2432432,1698,,0.84375,482.7037037,TrialProc,TrialList,flankerIR.jpg,1,4,Keyboard,2,7,517420,160,4,739,518159,9,1,96,Incon