C:\Users\pindus\Desktop\SITLess_Data\EXP1\COG\PRE\FC\SL003\SL003_FCS6BA.edat3,,,,,,,,,,,,,,,,,,,,,,,,,,,,,,,,,,,,,,,,,,,,,,,,,,,,,,,,,,
ExperimentName,Subject,Session,BlockID,Clock.Information,CogSeq,DataFile.Basename,Day,ExperimentVersion,Group,Participant.RefreshRate,RandomSeed,RuntimeCapabilities,RuntimeVersion,RuntimeVersionExpected,SessionDate,SessionStartDateTimeUtc,SessionTime,StudioVersion,ThankYou.DEVICE,Timing,Welcome.DEVICE,Welcome.DurationError,Welcome.OnsetDelay,Welcome.OnsetTime,Welcome.OnsetToOnsetTime,Block,BlockList,BlockList.Cycle,BlockList.Sample,Procedure[Block],Running[Block],Trial,Condition,CongAcc,CongRT,CorrectAnswer,InconAcc,InconRT,ITI,OverallACC,OverallRT,Procedure[Trial],Running[Trial],Stimulus,Stimulus.ACC,Stimulus.CRESP,Stimulus.DEVICE,Stimulus.DurationError,Stimulus.OnsetDelay,Stimulus.OnsetTime,Stimulus.OnsetToOnsetTime,Stimulus.RESP,Stimulus.RT,Stimulus.RTTime,TrialList,TrialList.Cycle,TrialList.Sample,TrialType
FC,3,1,A,"<?xml version=""1.0""?>\n<Clock xmlns:dt=""urn:schemas-microsoft-com:datatypes""><Description dt:dt=""string"">E-Prime Primary Realtime Clock</Description><StartTime><Timestamp dt:dt=""int"">0</Timestamp><DateUtc dt:dt=""string"">2021-08-22T13:03:41Z</DateUtc></StartTime><FrequencyChanges><FrequencyChange><Frequency dt:dt=""r8"">10000000</Frequency><Timestamp dt:dt=""r8"">13576646653730</Timestamp><Current dt:dt=""r8"">0</Current><DateUtc dt:dt=""string"">2021-08-22T13:03:41Z</DateUtc></FrequencyChange></FrequencyChanges></Clock>\n",S,SL003_FCS6BA,6,1.0.0.262,1,143.977,257590599,Full,3.0.3.80,3.0.3.80,8/22/21,8/22/21 13:03,8:03:41,3.0.3.82,Keyboard,B,Keyboard,-999999,21,11285,0,1,1,1,1,BlockProc,BlockList,1,212,,,4,1,514,1500,1,514,TrialProc,TrialList,flankerIR.jpg,1,4,Keyboard,2,30,44436,160,4,514,44950,8,1,1,Incon
FC,3,1,A,"<?xml version=""1.0""?>\n<Clock xmlns:dt=""urn:schemas-microsoft-com:datatypes""><Description dt:dt=""string"">E-Prime Primary Realtime Clock</Description><StartTime><Timestamp dt:dt=""int"">0</Timestamp><DateUtc dt:dt=""string"">2021-08-22T13:03:41Z</DateUtc></StartTime><FrequencyChanges><FrequencyChange><Frequency dt:dt=""r8"">10000000</Frequency><Timestamp dt:dt=""r8"">13576646653730</Timestamp><Current dt:dt=""r8"">0</Current><DateUtc dt:dt=""string"">2021-08-22T13:03:41Z</DateUtc></FrequencyChange></FrequencyChanges></Clock>\n",S,SL003_FCS6BA,6,1.0.0.262,1,143.977,257590599,Full,3.0.3.80,3.0.3.80,8/22/21,8/22/21 13:03,8:03:41,3.0.3.82,Keyboard,B,Keyboard,-999999,21,11285,0,1,1,1,1,BlockProc,BlockList,2,221,,,1,1,466.5,1302,1,466.5,TrialProc,TrialList,flankerIL.jpg,1,1,Keyboard,2,7,46103,160,1,419,46522,10,1,2,Incon
FC,3,1,A,"<?xml version=""1.0""?>\n<Clock xmlns:dt=""urn:schemas-microsoft-com:datatypes""><Description dt:dt=""string"">E-Prime Primary Realtime Clock</Description><StartTime><Timestamp dt:dt=""int"">0</Timestamp><DateUtc dt:dt=""string"">2021-08-22T13:03:41Z</DateUtc></StartTime><FrequencyChanges><FrequencyChange><Frequency dt:dt=""r8"">10000000</Frequency><Timestamp dt:dt=""r8"">13576646653730</Timestamp><Current dt:dt=""r8"">0</Current><DateUtc dt:dt=""string"">2021-08-22T13:03:41Z</DateUtc></FrequencyChange></FrequencyChanges></Clock>\n",S,SL003_FCS6BA,6,1.0.0.262,1,143.977,257590599,Full,3.0.3.80,3.0.3.80,8/22/21,8/22/21 13:03,8:03:41,3.0.3.82,Keyboard,B,Keyboard,-999999,21,11285,0,1,1,1,1,BlockProc,BlockList,3,221,,,1,0.666666667,,1302,0.666666667,,TrialProc,TrialList,flankerIL.jpg,0,1,Keyboard,2,10,47575,153,4,297,47872,10,1,3,Incon
FC,3,1,A,"<?xml version=""1.0""?>\n<Clock xmlns:dt=""urn:schemas-microsoft-com:datatypes""><Description dt:dt=""string"">E-Prime Primary Realtime Clock</Description><StartTime><Timestamp dt:dt=""int"">0</Timestamp><DateUtc dt:dt=""string"">2021-08-22T13:03:41Z</DateUtc></StartTime><FrequencyChanges><FrequencyChange><Frequency dt:dt=""r8"">10000000</Frequency><Timestamp dt:dt=""r8"">13576646653730</Timestamp><Current dt:dt=""r8"">0</Current><DateUtc dt:dt=""string"">2021-08-22T13:03:41Z</DateUtc></FrequencyChange></FrequencyChanges></Clock>\n",S,SL003_FCS6BA,6,1.0.0.262,1,143.977,257590599,Full,3.0.3.80,3.0.3.80,8/22/21,8/22/21 13:03,8:03:41,3.0.3.82,Keyboard,B,Keyboard,-999999,21,11285,0,1,1,1,1,BlockProc,BlockList,4,121,1,532,1,,,1302,0.75,488.3333333,TrialProc,TrialList,flankerCL.jpg,1,1,Keyboard,3,10,49040,160,1,532,49572,4,1,4,Cong
FC,3,1,A,"<?xml version=""1.0""?>\n<Clock xmlns:dt=""urn:schemas-microsoft-com:datatypes""><Description dt:dt=""string"">E-Prime Primary Realtime Clock</Description><StartTime><Timestamp dt:dt=""int"">0</Timestamp><DateUtc dt:dt=""string"">2021-08-22T13:03:41Z</DateUtc></StartTime><FrequencyChanges><FrequencyChange><Frequency dt:dt=""r8"">10000000</Frequency><Timestamp dt:dt=""r8"">13576646653730</Timestamp><Current dt:dt=""r8"">0</Current><DateUtc dt:dt=""string"">2021-08-22T13:03:41Z</DateUtc></FrequencyChange></FrequencyChanges></Clock>\n",S,SL003_FCS6BA,6,1.0.0.262,1,143.977,257590599,Full,3.0.3.80,3.0.3.80,8/22/21,8/22/21 13:03,8:03:41,3.0.3.82,Keyboard,B,Keyboard,-999999,21,11285,0,1,1,1,1,BlockProc,BlockList,5,223,,,1,0.75,458,1698,0.8,476.5,TrialProc,TrialList,flankerIL.jpg,1,1,Keyboard,3,10,50512,160,1,441,50953,12,1,5,Incon
FC,3,1,A,"<?xml version=""1.0""?>\n<Clock xmlns:dt=""urn:schemas-microsoft-com:datatypes""><Description dt:dt=""string"">E-Prime Primary Realtime Clock</Description><StartTime><Timestamp dt:dt=""int"">0</Timestamp><DateUtc dt:dt=""string"">2021-08-22T13:03:41Z</DateUtc></StartTime><FrequencyChanges><FrequencyChange><Frequency dt:dt=""r8"">10000000</Frequency><Timestamp dt:dt=""r8"">13576646653730</Timestamp><Current dt:dt=""r8"">0</Current><DateUtc dt:dt=""string"">2021-08-22T13:03:41Z</DateUtc></FrequencyChange></FrequencyChanges></Clock>\n",S,SL003_FCS6BA,6,1.0.0.262,1,143.977,257590599,Full,3.0.3.80,3.0.3.80,8/22/21,8/22/21 13:03,8:03:41,3.0.3.82,Keyboard,B,Keyboard,-999999,21,11285,0,1,1,1,1,BlockProc,BlockList,6,222,,,1,0.6,,1500,0.666666667,,TrialProc,TrialList,flankerIL.jpg,0,1,Keyboard,3,10,52380,160,4,407,52787,11,1,6,Incon
FC,3,1,A,"<?xml version=""1.0""?>\n<Clock xmlns:dt=""urn:schemas-microsoft-com:datatypes""><Description dt:dt=""string"">E-Prime Primary Realtime Clock</Description><StartTime><Timestamp dt:dt=""int"">0</Timestamp><DateUtc dt:dt=""string"">2021-08-22T13:03:41Z</DateUtc></StartTime><FrequencyChanges><FrequencyChange><Frequency dt:dt=""r8"">10000000</Frequency><Timestamp dt:dt=""r8"">13576646653730</Timestamp><Current dt:dt=""r8"">0</Current><DateUtc dt:dt=""string"">2021-08-22T13:03:41Z</DateUtc></FrequencyChange></FrequencyChanges></Clock>\n",S,SL003_FCS6BA,6,1.0.0.262,1,143.977,257590599,Full,3.0.3.80,3.0.3.80,8/22/21,8/22/21 13:03,8:03:41,3.0.3.82,Keyboard,B,Keyboard,-999999,21,11285,0,1,1,1,1,BlockProc,BlockList,7,222,,,1,0.666666667,442,1500,0.714285714,460,TrialProc,TrialList,flankerIL.jpg,1,1,Keyboard,2,7,54047,160,1,394,54441,11,1,7,Incon
FC,3,1,A,"<?xml version=""1.0""?>\n<Clock xmlns:dt=""urn:schemas-microsoft-com:datatypes""><Description dt:dt=""string"">E-Prime Primary Realtime Clock</Description><StartTime><Timestamp dt:dt=""int"">0</Timestamp><DateUtc dt:dt=""string"">2021-08-22T13:03:41Z</DateUtc></StartTime><FrequencyChanges><FrequencyChange><Frequency dt:dt=""r8"">10000000</Frequency><Timestamp dt:dt=""r8"">13576646653730</Timestamp><Current dt:dt=""r8"">0</Current><DateUtc dt:dt=""string"">2021-08-22T13:03:41Z</DateUtc></FrequencyChange></FrequencyChanges></Clock>\n",S,SL003_FCS6BA,6,1.0.0.262,1,143.977,257590599,Full,3.0.3.80,3.0.3.80,8/22/21,8/22/21 13:03,8:03:41,3.0.3.82,Keyboard,B,Keyboard,-999999,21,11285,0,1,1,1,1,BlockProc,BlockList,8,222,,,1,0.714285714,421.2,1500,0.75,439.6666667,TrialProc,TrialList,flankerIL.jpg,1,1,Keyboard,2,7,55714,159,1,338,56052,11,1,8,Incon
FC,3,1,A,"<?xml version=""1.0""?>\n<Clock xmlns:dt=""urn:schemas-microsoft-com:datatypes""><Description dt:dt=""string"">E-Prime Primary Realtime Clock</Description><StartTime><Timestamp dt:dt=""int"">0</Timestamp><DateUtc dt:dt=""string"">2021-08-22T13:03:41Z</DateUtc></StartTime><FrequencyChanges><FrequencyChange><Frequency dt:dt=""r8"">10000000</Frequency><Timestamp dt:dt=""r8"">13576646653730</Timestamp><Current dt:dt=""r8"">0</Current><DateUtc dt:dt=""string"">2021-08-22T13:03:41Z</DateUtc></FrequencyChange></FrequencyChanges></Clock>\n",S,SL003_FCS6BA,6,1.0.0.262,1,143.977,257590599,Full,3.0.3.80,3.0.3.80,8/22/21,8/22/21 13:03,8:03:41,3.0.3.82,Keyboard,B,Keyboard,-999999,21,11285,0,1,1,1,1,BlockProc,BlockList,9,113,1,467.5,4,,,1698,0.777777778,434.4285714,TrialProc,TrialList,flankerCR.jpg,1,4,Keyboard,2,7,57380,160,4,403,57783,3,1,9,Cong
FC,3,1,A,"<?xml version=""1.0""?>\n<Clock xmlns:dt=""urn:schemas-microsoft-com:datatypes""><Description dt:dt=""string"">E-Prime Primary Realtime Clock</Description><StartTime><Timestamp dt:dt=""int"">0</Timestamp><DateUtc dt:dt=""string"">2021-08-22T13:03:41Z</DateUtc></StartTime><FrequencyChanges><FrequencyChange><Frequency dt:dt=""r8"">10000000</Frequency><Timestamp dt:dt=""r8"">13576646653730</Timestamp><Current dt:dt=""r8"">0</Current><DateUtc dt:dt=""string"">2021-08-22T13:03:41Z</DateUtc></FrequencyChange></FrequencyChanges></Clock>\n",S,SL003_FCS6BA,6,1.0.0.262,1,143.977,257590599,Full,3.0.3.80,3.0.3.80,8/22/21,8/22/21 13:03,8:03:41,3.0.3.82,Keyboard,B,Keyboard,-999999,21,11285,0,1,1,1,1,BlockProc,BlockList,10,122,1,425.3333333,1,,,1500,0.8,422.75,TrialProc,TrialList,flankerCL.jpg,1,1,Keyboard,2,10,59248,160,1,341,59589,5,1,10,Cong
FC,3,1,A,"<?xml version=""1.0""?>\n<Clock xmlns:dt=""urn:schemas-microsoft-com:datatypes""><Description dt:dt=""string"">E-Prime Primary Realtime Clock</Description><StartTime><Timestamp dt:dt=""int"">0</Timestamp><DateUtc dt:dt=""string"">2021-08-22T13:03:41Z</DateUtc></StartTime><FrequencyChanges><FrequencyChange><Frequency dt:dt=""r8"">10000000</Frequency><Timestamp dt:dt=""r8"">13576646653730</Timestamp><Current dt:dt=""r8"">0</Current><DateUtc dt:dt=""string"">2021-08-22T13:03:41Z</DateUtc></FrequencyChange></FrequencyChanges></Clock>\n",S,SL003_FCS6BA,6,1.0.0.262,1,143.977,257590599,Full,3.0.3.80,3.0.3.80,8/22/21,8/22/21 13:03,8:03:41,3.0.3.82,Keyboard,B,Keyboard,-999999,21,11285,0,1,1,1,1,BlockProc,BlockList,11,213,,,4,0.75,417,1698,0.818181818,419.7777778,TrialProc,TrialList,flankerIR.jpg,1,4,Keyboard,2,7,60915,160,4,396,61311,9,1,11,Incon
FC,3,1,A,"<?xml version=""1.0""?>\n<Clock xmlns:dt=""urn:schemas-microsoft-com:datatypes""><Description dt:dt=""string"">E-Prime Primary Realtime Clock</Description><StartTime><Timestamp dt:dt=""int"">0</Timestamp><DateUtc dt:dt=""string"">2021-08-22T13:03:41Z</DateUtc></StartTime><FrequencyChanges><FrequencyChange><Frequency dt:dt=""r8"">10000000</Frequency><Timestamp dt:dt=""r8"">13576646653730</Timestamp><Current dt:dt=""r8"">0</Current><DateUtc dt:dt=""string"">2021-08-22T13:03:41Z</DateUtc></FrequencyChange></FrequencyChanges></Clock>\n",S,SL003_FCS6BA,6,1.0.0.262,1,143.977,257590599,Full,3.0.3.80,3.0.3.80,8/22/21,8/22/21 13:03,8:03:41,3.0.3.82,Keyboard,B,Keyboard,-999999,21,11285,0,1,1,1,1,BlockProc,BlockList,12,121,1,399.5,1,,,1302,0.833333333,410,TrialProc,TrialList,flankerCL.jpg,1,1,Keyboard,2,10,62783,160,1,322,63105,4,1,12,Cong
FC,3,1,A,"<?xml version=""1.0""?>\n<Clock xmlns:dt=""urn:schemas-microsoft-com:datatypes""><Description dt:dt=""string"">E-Prime Primary Realtime Clock</Description><StartTime><Timestamp dt:dt=""int"">0</Timestamp><DateUtc dt:dt=""string"">2021-08-22T13:03:41Z</DateUtc></StartTime><FrequencyChanges><FrequencyChange><Frequency dt:dt=""r8"">10000000</Frequency><Timestamp dt:dt=""r8"">13576646653730</Timestamp><Current dt:dt=""r8"">0</Current><DateUtc dt:dt=""string"">2021-08-22T13:03:41Z</DateUtc></FrequencyChange></FrequencyChanges></Clock>\n",S,SL003_FCS6BA,6,1.0.0.262,1,143.977,257590599,Full,3.0.3.80,3.0.3.80,8/22/21,8/22/21 13:03,8:03:41,3.0.3.82,Keyboard,B,Keyboard,-999999,21,11285,0,1,1,1,1,BlockProc,BlockList,13,221,,,1,0.777777778,423.1428571,1302,0.846153846,414.5454545,TrialProc,TrialList,flankerIL.jpg,1,1,Keyboard,2,10,64255,160,1,460,64715,10,1,13,Incon
FC,3,1,A,"<?xml version=""1.0""?>\n<Clock xmlns:dt=""urn:schemas-microsoft-com:datatypes""><Description dt:dt=""string"">E-Prime Primary Realtime Clock</Description><StartTime><Timestamp dt:dt=""int"">0</Timestamp><DateUtc dt:dt=""string"">2021-08-22T13:03:41Z</DateUtc></StartTime><FrequencyChanges><FrequencyChange><Frequency dt:dt=""r8"">10000000</Frequency><Timestamp dt:dt=""r8"">13576646653730</Timestamp><Current dt:dt=""r8"">0</Current><DateUtc dt:dt=""string"">2021-08-22T13:03:41Z</DateUtc></FrequencyChange></FrequencyChanges></Clock>\n",S,SL003_FCS6BA,6,1.0.0.262,1,143.977,257590599,Full,3.0.3.80,3.0.3.80,8/22/21,8/22/21 13:03,8:03:41,3.0.3.82,Keyboard,B,Keyboard,-999999,21,11285,0,1,1,1,1,BlockProc,BlockList,14,112,1,401.2,4,,,1500,0.857142857,414,TrialProc,TrialList,flankerCR.jpg,1,4,Keyboard,3,10,65727,160,4,408,66135,2,1,14,Cong
FC,3,1,A,"<?xml version=""1.0""?>\n<Clock xmlns:dt=""urn:schemas-microsoft-com:datatypes""><Description dt:dt=""string"">E-Prime Primary Realtime Clock</Description><StartTime><Timestamp dt:dt=""int"">0</Timestamp><DateUtc dt:dt=""string"">2021-08-22T13:03:41Z</DateUtc></StartTime><FrequencyChanges><FrequencyChange><Frequency dt:dt=""r8"">10000000</Frequency><Timestamp dt:dt=""r8"">13576646653730</Timestamp><Current dt:dt=""r8"">0</Current><DateUtc dt:dt=""string"">2021-08-22T13:03:41Z</DateUtc></FrequencyChange></FrequencyChanges></Clock>\n",S,SL003_FCS6BA,6,1.0.0.262,1,143.977,257590599,Full,3.0.3.80,3.0.3.80,8/22/21,8/22/21 13:03,8:03:41,3.0.3.82,Keyboard,B,Keyboard,-999999,21,11285,0,1,1,1,1,BlockProc,BlockList,15,211,,,4,0.8,423.5,1302,0.866666667,414.9230769,TrialProc,TrialList,flankerIR.jpg,1,4,Keyboard,2,7,67394,160,4,426,67820,7,1,15,Incon
FC,3,1,A,"<?xml version=""1.0""?>\n<Clock xmlns:dt=""urn:schemas-microsoft-com:datatypes""><Description dt:dt=""string"">E-Prime Primary Realtime Clock</Description><StartTime><Timestamp dt:dt=""int"">0</Timestamp><DateUtc dt:dt=""string"">2021-08-22T13:03:41Z</DateUtc></StartTime><FrequencyChanges><FrequencyChange><Frequency dt:dt=""r8"">10000000</Frequency><Timestamp dt:dt=""r8"">13576646653730</Timestamp><Current dt:dt=""r8"">0</Current><DateUtc dt:dt=""string"">2021-08-22T13:03:41Z</DateUtc></FrequencyChange></FrequencyChanges></Clock>\n",S,SL003_FCS6BA,6,1.0.0.262,1,143.977,257590599,Full,3.0.3.80,3.0.3.80,8/22/21,8/22/21 13:03,8:03:41,3.0.3.82,Keyboard,B,Keyboard,-999999,21,11285,0,1,1,1,1,BlockProc,BlockList,16,112,1,394.3333333,4,,,1500,0.875,411,TrialProc,TrialList,flankerCR.jpg,1,4,Keyboard,2,10,68866,160,4,360,69226,2,1,16,Cong
FC,3,1,A,"<?xml version=""1.0""?>\n<Clock xmlns:dt=""urn:schemas-microsoft-com:datatypes""><Description dt:dt=""string"">E-Prime Primary Realtime Clock</Description><StartTime><Timestamp dt:dt=""int"">0</Timestamp><DateUtc dt:dt=""string"">2021-08-22T13:03:41Z</DateUtc></StartTime><FrequencyChanges><FrequencyChange><Frequency dt:dt=""r8"">10000000</Frequency><Timestamp dt:dt=""r8"">13576646653730</Timestamp><Current dt:dt=""r8"">0</Current><DateUtc dt:dt=""string"">2021-08-22T13:03:41Z</DateUtc></FrequencyChange></FrequencyChanges></Clock>\n",S,SL003_FCS6BA,6,1.0.0.262,1,143.977,257590599,Full,3.0.3.80,3.0.3.80,8/22/21,8/22/21 13:03,8:03:41,3.0.3.82,Keyboard,B,Keyboard,-999999,21,11285,0,1,1,1,1,BlockProc,BlockList,17,112,1,380.1428571,4,,,1500,0.882352941,403.2666667,TrialProc,TrialList,flankerCR.jpg,1,4,Keyboard,2,7,70533,159,4,295,70828,2,1,17,Cong
FC,3,1,A,"<?xml version=""1.0""?>\n<Clock xmlns:dt=""urn:schemas-microsoft-com:datatypes""><Description dt:dt=""string"">E-Prime Primary Realtime Clock</Description><StartTime><Timestamp dt:dt=""int"">0</Timestamp><DateUtc dt:dt=""string"">2021-08-22T13:03:41Z</DateUtc></StartTime><FrequencyChanges><FrequencyChange><Frequency dt:dt=""r8"">10000000</Frequency><Timestamp dt:dt=""r8"">13576646653730</Timestamp><Current dt:dt=""r8"">0</Current><DateUtc dt:dt=""string"">2021-08-22T13:03:41Z</DateUtc></FrequencyChange></FrequencyChanges></Clock>\n",S,SL003_FCS6BA,6,1.0.0.262,1,143.977,257590599,Full,3.0.3.80,3.0.3.80,8/22/21,8/22/21 13:03,8:03:41,3.0.3.82,Keyboard,B,Keyboard,-999999,21,11285,0,1,1,1,1,BlockProc,BlockList,18,113,1,372.625,4,,,1698,0.888888889,398.0625,TrialProc,TrialList,flankerCR.jpg,1,4,Keyboard,2,7,72199,160,4,320,72519,3,1,18,Cong
FC,3,1,A,"<?xml version=""1.0""?>\n<Clock xmlns:dt=""urn:schemas-microsoft-com:datatypes""><Description dt:dt=""string"">E-Prime Primary Realtime Clock</Description><StartTime><Timestamp dt:dt=""int"">0</Timestamp><DateUtc dt:dt=""string"">2021-08-22T13:03:41Z</DateUtc></StartTime><FrequencyChanges><FrequencyChange><Frequency dt:dt=""r8"">10000000</Frequency><Timestamp dt:dt=""r8"">13576646653730</Timestamp><Current dt:dt=""r8"">0</Current><DateUtc dt:dt=""string"">2021-08-22T13:03:41Z</DateUtc></FrequencyChange></FrequencyChanges></Clock>\n",S,SL003_FCS6BA,6,1.0.0.262,1,143.977,257590599,Full,3.0.3.80,3.0.3.80,8/22/21,8/22/21 13:03,8:03:41,3.0.3.82,Keyboard,B,Keyboard,-999999,21,11285,0,1,1,1,1,BlockProc,BlockList,19,211,,,4,0.727272727,,1302,0.842105263,,TrialProc,TrialList,flankerIR.jpg,0,4,Keyboard,2,10,74067,160,1,405,74472,7,1,19,Incon
FC,3,1,A,"<?xml version=""1.0""?>\n<Clock xmlns:dt=""urn:schemas-microsoft-com:datatypes""><Description dt:dt=""string"">E-Prime Primary Realtime Clock</Description><StartTime><Timestamp dt:dt=""int"">0</Timestamp><DateUtc dt:dt=""string"">2021-08-22T13:03:41Z</DateUtc></StartTime><FrequencyChanges><FrequencyChange><Frequency dt:dt=""r8"">10000000</Frequency><Timestamp dt:dt=""r8"">13576646653730</Timestamp><Current dt:dt=""r8"">0</Current><DateUtc dt:dt=""string"">2021-08-22T13:03:41Z</DateUtc></FrequencyChange></FrequencyChanges></Clock>\n",S,SL003_FCS6BA,6,1.0.0.262,1,143.977,257590599,Full,3.0.3.80,3.0.3.80,8/22/21,8/22/21 13:03,8:03:41,3.0.3.82,Keyboard,B,Keyboard,-999999,21,11285,0,1,1,1,1,BlockProc,BlockList,20,223,,,1,0.75,425.5555556,1698,0.85,400.6470588,TrialProc,TrialList,flankerIL.jpg,1,1,Keyboard,3,10,75539,160,1,442,75981,12,1,20,Incon
FC,3,1,A,"<?xml version=""1.0""?>\n<Clock xmlns:dt=""urn:schemas-microsoft-com:datatypes""><Description dt:dt=""string"">E-Prime Primary Realtime Clock</Description><StartTime><Timestamp dt:dt=""int"">0</Timestamp><DateUtc dt:dt=""string"">2021-08-22T13:03:41Z</DateUtc></StartTime><FrequencyChanges><FrequencyChange><Frequency dt:dt=""r8"">10000000</Frequency><Timestamp dt:dt=""r8"">13576646653730</Timestamp><Current dt:dt=""r8"">0</Current><DateUtc dt:dt=""string"">2021-08-22T13:03:41Z</DateUtc></FrequencyChange></FrequencyChanges></Clock>\n",S,SL003_FCS6BA,6,1.0.0.262,1,143.977,257590599,Full,3.0.3.80,3.0.3.80,8/22/21,8/22/21 13:03,8:03:41,3.0.3.82,Keyboard,B,Keyboard,-999999,21,11285,0,1,1,1,1,BlockProc,BlockList,21,211,,,4,0.769230769,431.3,1302,0.857142857,405.2222222,TrialProc,TrialList,flankerIR.jpg,1,4,Keyboard,3,10,77407,160,4,483,77890,7,1,21,Incon
FC,3,1,A,"<?xml version=""1.0""?>\n<Clock xmlns:dt=""urn:schemas-microsoft-com:datatypes""><Description dt:dt=""string"">E-Prime Primary Realtime Clock</Description><StartTime><Timestamp dt:dt=""int"">0</Timestamp><DateUtc dt:dt=""string"">2021-08-22T13:03:41Z</DateUtc></StartTime><FrequencyChanges><FrequencyChange><Frequency dt:dt=""r8"">10000000</Frequency><Timestamp dt:dt=""r8"">13576646653730</Timestamp><Current dt:dt=""r8"">0</Current><DateUtc dt:dt=""string"">2021-08-22T13:03:41Z</DateUtc></FrequencyChange></FrequencyChanges></Clock>\n",S,SL003_FCS6BA,6,1.0.0.262,1,143.977,257590599,Full,3.0.3.80,3.0.3.80,8/22/21,8/22/21 13:03,8:03:41,3.0.3.82,Keyboard,B,Keyboard,-999999,21,11285,0,1,1,1,1,BlockProc,BlockList,22,211,,,4,0.785714286,428.9090909,1302,0.863636364,405.2105263,TrialProc,TrialList,flankerIR.jpg,1,4,Keyboard,2,11,78880,152,4,405,79285,7,1,22,Incon
FC,3,1,A,"<?xml version=""1.0""?>\n<Clock xmlns:dt=""urn:schemas-microsoft-com:datatypes""><Description dt:dt=""string"">E-Prime Primary Realtime Clock</Description><StartTime><Timestamp dt:dt=""int"">0</Timestamp><DateUtc dt:dt=""string"">2021-08-22T13:03:41Z</DateUtc></StartTime><FrequencyChanges><FrequencyChange><Frequency dt:dt=""r8"">10000000</Frequency><Timestamp dt:dt=""r8"">13576646653730</Timestamp><Current dt:dt=""r8"">0</Current><DateUtc dt:dt=""string"">2021-08-22T13:03:41Z</DateUtc></FrequencyChange></FrequencyChanges></Clock>\n",S,SL003_FCS6BA,6,1.0.0.262,1,143.977,257590599,Full,3.0.3.80,3.0.3.80,8/22/21,8/22/21 13:03,8:03:41,3.0.3.82,Keyboard,B,Keyboard,-999999,21,11285,0,1,1,1,1,BlockProc,BlockList,23,111,1,371.8888889,4,,,1302,0.869565217,403.25,TrialProc,TrialList,flankerCR.jpg,1,4,Keyboard,2,11,80345,160,4,366,80711,1,1,23,Cong
FC,3,1,A,"<?xml version=""1.0""?>\n<Clock xmlns:dt=""urn:schemas-microsoft-com:datatypes""><Description dt:dt=""string"">E-Prime Primary Realtime Clock</Description><StartTime><Timestamp dt:dt=""int"">0</Timestamp><DateUtc dt:dt=""string"">2021-08-22T13:03:41Z</DateUtc></StartTime><FrequencyChanges><FrequencyChange><Frequency dt:dt=""r8"">10000000</Frequency><Timestamp dt:dt=""r8"">13576646653730</Timestamp><Current dt:dt=""r8"">0</Current><DateUtc dt:dt=""string"">2021-08-22T13:03:41Z</DateUtc></FrequencyChange></FrequencyChanges></Clock>\n",S,SL003_FCS6BA,6,1.0.0.262,1,143.977,257590599,Full,3.0.3.80,3.0.3.80,8/22/21,8/22/21 13:03,8:03:41,3.0.3.82,Keyboard,B,Keyboard,-999999,21,11285,0,1,1,1,1,BlockProc,BlockList,24,123,1,384.2,1,,,1698,0.875,407.6190476,TrialProc,TrialList,flankerCL.jpg,1,1,Keyboard,2,10,81817,160,1,495,82312,6,1,24,Cong
FC,3,1,A,"<?xml version=""1.0""?>\n<Clock xmlns:dt=""urn:schemas-microsoft-com:datatypes""><Description dt:dt=""string"">E-Prime Primary Realtime Clock</Description><StartTime><Timestamp dt:dt=""int"">0</Timestamp><DateUtc dt:dt=""string"">2021-08-22T13:03:41Z</DateUtc></StartTime><FrequencyChanges><FrequencyChange><Frequency dt:dt=""r8"">10000000</Frequency><Timestamp dt:dt=""r8"">13576646653730</Timestamp><Current dt:dt=""r8"">0</Current><DateUtc dt:dt=""string"">2021-08-22T13:03:41Z</DateUtc></FrequencyChange></FrequencyChanges></Clock>\n",S,SL003_FCS6BA,6,1.0.0.262,1,143.977,257590599,Full,3.0.3.80,3.0.3.80,8/22/21,8/22/21 13:03,8:03:41,3.0.3.82,Keyboard,B,Keyboard,-999999,21,11285,0,1,1,1,1,BlockProc,BlockList,25,211,,,4,0.8,438.6666667,1302,0.88,413.9090909,TrialProc,TrialList,flankerIR.jpg,1,4,Keyboard,2,10,83685,160,4,546,84231,7,1,25,Incon
FC,3,1,A,"<?xml version=""1.0""?>\n<Clock xmlns:dt=""urn:schemas-microsoft-com:datatypes""><Description dt:dt=""string"">E-Prime Primary Realtime Clock</Description><StartTime><Timestamp dt:dt=""int"">0</Timestamp><DateUtc dt:dt=""string"">2021-08-22T13:03:41Z</DateUtc></StartTime><FrequencyChanges><FrequencyChange><Frequency dt:dt=""r8"">10000000</Frequency><Timestamp dt:dt=""r8"">13576646653730</Timestamp><Current dt:dt=""r8"">0</Current><DateUtc dt:dt=""string"">2021-08-22T13:03:41Z</DateUtc></FrequencyChange></FrequencyChanges></Clock>\n",S,SL003_FCS6BA,6,1.0.0.262,1,143.977,257590599,Full,3.0.3.80,3.0.3.80,8/22/21,8/22/21 13:03,8:03:41,3.0.3.82,Keyboard,B,Keyboard,-999999,21,11285,0,1,1,1,1,BlockProc,BlockList,26,222,,,1,0.8125,447.3846154,1500,0.884615385,419.9130435,TrialProc,TrialList,flankerIL.jpg,1,1,Keyboard,2,10,85157,160,1,552,85709,11,1,26,Incon
FC,3,1,A,"<?xml version=""1.0""?>\n<Clock xmlns:dt=""urn:schemas-microsoft-com:datatypes""><Description dt:dt=""string"">E-Prime Primary Realtime Clock</Description><StartTime><Timestamp dt:dt=""int"">0</Timestamp><DateUtc dt:dt=""string"">2021-08-22T13:03:41Z</DateUtc></StartTime><FrequencyChanges><FrequencyChange><Frequency dt:dt=""r8"">10000000</Frequency><Timestamp dt:dt=""r8"">13576646653730</Timestamp><Current dt:dt=""r8"">0</Current><DateUtc dt:dt=""string"">2021-08-22T13:03:41Z</DateUtc></FrequencyChange></FrequencyChanges></Clock>\n",S,SL003_FCS6BA,6,1.0.0.262,1,143.977,257590599,Full,3.0.3.80,3.0.3.80,8/22/21,8/22/21 13:03,8:03:41,3.0.3.82,Keyboard,B,Keyboard,-999999,21,11285,0,1,1,1,1,BlockProc,BlockList,27,121,1,382.3636364,1,,,1302,0.888888889,417.5833333,TrialProc,TrialList,flankerCL.jpg,1,1,Keyboard,2,7,86824,159,1,364,87188,4,1,27,Cong
FC,3,1,A,"<?xml version=""1.0""?>\n<Clock xmlns:dt=""urn:schemas-microsoft-com:datatypes""><Description dt:dt=""string"">E-Prime Primary Realtime Clock</Description><StartTime><Timestamp dt:dt=""int"">0</Timestamp><DateUtc dt:dt=""string"">2021-08-22T13:03:41Z</DateUtc></StartTime><FrequencyChanges><FrequencyChange><Frequency dt:dt=""r8"">10000000</Frequency><Timestamp dt:dt=""r8"">13576646653730</Timestamp><Current dt:dt=""r8"">0</Current><DateUtc dt:dt=""string"">2021-08-22T13:03:41Z</DateUtc></FrequencyChange></FrequencyChanges></Clock>\n",S,SL003_FCS6BA,6,1.0.0.262,1,143.977,257590599,Full,3.0.3.80,3.0.3.80,8/22/21,8/22/21 13:03,8:03:41,3.0.3.82,Keyboard,B,Keyboard,-999999,21,11285,0,1,1,1,1,BlockProc,BlockList,28,212,,,4,0.823529412,453.9285714,1500,0.892857143,422.44,TrialProc,TrialList,flankerIR.jpg,1,4,Keyboard,2,11,88296,160,4,539,88835,8,1,28,Incon
FC,3,1,A,"<?xml version=""1.0""?>\n<Clock xmlns:dt=""urn:schemas-microsoft-com:datatypes""><Description dt:dt=""string"">E-Prime Primary Realtime Clock</Description><StartTime><Timestamp dt:dt=""int"">0</Timestamp><DateUtc dt:dt=""string"">2021-08-22T13:03:41Z</DateUtc></StartTime><FrequencyChanges><FrequencyChange><Frequency dt:dt=""r8"">10000000</Frequency><Timestamp dt:dt=""r8"">13576646653730</Timestamp><Current dt:dt=""r8"">0</Current><DateUtc dt:dt=""string"">2021-08-22T13:03:41Z</DateUtc></FrequencyChange></FrequencyChanges></Clock>\n",S,SL003_FCS6BA,6,1.0.0.262,1,143.977,257590599,Full,3.0.3.80,3.0.3.80,8/22/21,8/22/21 13:03,8:03:41,3.0.3.82,Keyboard,B,Keyboard,-999999,21,11285,0,1,1,1,1,BlockProc,BlockList,29,212,,,4,0.833333333,447.7333333,1500,0.896551724,420.0769231,TrialProc,TrialList,flankerIR.jpg,1,4,Keyboard,2,7,89963,152,4,361,90324,8,1,29,Incon
FC,3,1,A,"<?xml version=""1.0""?>\n<Clock xmlns:dt=""urn:schemas-microsoft-com:datatypes""><Description dt:dt=""string"">E-Prime Primary Realtime Clock</Description><StartTime><Timestamp dt:dt=""int"">0</Timestamp><DateUtc dt:dt=""string"">2021-08-22T13:03:41Z</DateUtc></StartTime><FrequencyChanges><FrequencyChange><Frequency dt:dt=""r8"">10000000</Frequency><Timestamp dt:dt=""r8"">13576646653730</Timestamp><Current dt:dt=""r8"">0</Current><DateUtc dt:dt=""string"">2021-08-22T13:03:41Z</DateUtc></FrequencyChange></FrequencyChanges></Clock>\n",S,SL003_FCS6BA,6,1.0.0.262,1,143.977,257590599,Full,3.0.3.80,3.0.3.80,8/22/21,8/22/21 13:03,8:03:41,3.0.3.82,Keyboard,B,Keyboard,-999999,21,11285,0,1,1,1,1,BlockProc,BlockList,30,223,,,1,0.789473684,,1698,0.866666667,,TrialProc,TrialList,flankerIL.jpg,0,1,Keyboard,3,7,91622,160,4,278,91900,12,1,30,Incon
FC,3,1,A,"<?xml version=""1.0""?>\n<Clock xmlns:dt=""urn:schemas-microsoft-com:datatypes""><Description dt:dt=""string"">E-Prime Primary Realtime Clock</Description><StartTime><Timestamp dt:dt=""int"">0</Timestamp><DateUtc dt:dt=""string"">2021-08-22T13:03:41Z</DateUtc></StartTime><FrequencyChanges><FrequencyChange><Frequency dt:dt=""r8"">10000000</Frequency><Timestamp dt:dt=""r8"">13576646653730</Timestamp><Current dt:dt=""r8"">0</Current><DateUtc dt:dt=""string"">2021-08-22T13:03:41Z</DateUtc></FrequencyChange></FrequencyChanges></Clock>\n",S,SL003_FCS6BA,6,1.0.0.262,1,143.977,257590599,Full,3.0.3.80,3.0.3.80,8/22/21,8/22/21 13:03,8:03:41,3.0.3.82,Keyboard,B,Keyboard,-999999,21,11285,0,1,1,1,1,BlockProc,BlockList,31,113,1,378.5833333,4,,,1698,0.870967742,417,TrialProc,TrialList,flankerCR.jpg,1,4,Keyboard,2,10,93490,160,4,337,93827,3,1,31,Cong
FC,3,1,A,"<?xml version=""1.0""?>\n<Clock xmlns:dt=""urn:schemas-microsoft-com:datatypes""><Description dt:dt=""string"">E-Prime Primary Realtime Clock</Description><StartTime><Timestamp dt:dt=""int"">0</Timestamp><DateUtc dt:dt=""string"">2021-08-22T13:03:41Z</DateUtc></StartTime><FrequencyChanges><FrequencyChange><Frequency dt:dt=""r8"">10000000</Frequency><Timestamp dt:dt=""r8"">13576646653730</Timestamp><Current dt:dt=""r8"">0</Current><DateUtc dt:dt=""string"">2021-08-22T13:03:41Z</DateUtc></FrequencyChange></FrequencyChanges></Clock>\n",S,SL003_FCS6BA,6,1.0.0.262,1,143.977,257590599,Full,3.0.3.80,3.0.3.80,8/22/21,8/22/21 13:03,8:03:41,3.0.3.82,Keyboard,B,Keyboard,-999999,21,11285,0,1,1,1,1,BlockProc,BlockList,32,221,,,1,0.8,450.5625,1302,0.875,419.7142857,TrialProc,TrialList,flankerIL.jpg,1,1,Keyboard,2,10,95358,160,1,493,95851,10,1,32,Incon
FC,3,1,A,"<?xml version=""1.0""?>\n<Clock xmlns:dt=""urn:schemas-microsoft-com:datatypes""><Description dt:dt=""string"">E-Prime Primary Realtime Clock</Description><StartTime><Timestamp dt:dt=""int"">0</Timestamp><DateUtc dt:dt=""string"">2021-08-22T13:03:41Z</DateUtc></StartTime><FrequencyChanges><FrequencyChange><Frequency dt:dt=""r8"">10000000</Frequency><Timestamp dt:dt=""r8"">13576646653730</Timestamp><Current dt:dt=""r8"">0</Current><DateUtc dt:dt=""string"">2021-08-22T13:03:41Z</DateUtc></FrequencyChange></FrequencyChanges></Clock>\n",S,SL003_FCS6BA,6,1.0.0.262,1,143.977,257590599,Full,3.0.3.80,3.0.3.80,8/22/21,8/22/21 13:03,8:03:41,3.0.3.82,Keyboard,B,Keyboard,-999999,21,11285,0,1,1,1,1,BlockProc,BlockList,33,222,,,1,0.80952381,450.6470588,1500,0.878787879,420.8275862,TrialProc,TrialList,flankerIL.jpg,1,1,Keyboard,3,10,96830,160,1,452,97282,11,1,33,Incon
FC,3,1,A,"<?xml version=""1.0""?>\n<Clock xmlns:dt=""urn:schemas-microsoft-com:datatypes""><Description dt:dt=""string"">E-Prime Primary Realtime Clock</Description><StartTime><Timestamp dt:dt=""int"">0</Timestamp><DateUtc dt:dt=""string"">2021-08-22T13:03:41Z</DateUtc></StartTime><FrequencyChanges><FrequencyChange><Frequency dt:dt=""r8"">10000000</Frequency><Timestamp dt:dt=""r8"">13576646653730</Timestamp><Current dt:dt=""r8"">0</Current><DateUtc dt:dt=""string"">2021-08-22T13:03:41Z</DateUtc></FrequencyChange></FrequencyChanges></Clock>\n",S,SL003_FCS6BA,6,1.0.0.262,1,143.977,257590599,Full,3.0.3.80,3.0.3.80,8/22/21,8/22/21 13:03,8:03:41,3.0.3.82,Keyboard,B,Keyboard,-999999,21,11285,0,1,1,1,1,BlockProc,BlockList,34,223,,,1,0.818181818,452.2222222,1698,0.882352941,422.7666667,TrialProc,TrialList,flankerIL.jpg,1,1,Keyboard,2,7,98497,160,1,479,98976,12,1,34,Incon
FC,3,1,A,"<?xml version=""1.0""?>\n<Clock xmlns:dt=""urn:schemas-microsoft-com:datatypes""><Description dt:dt=""string"">E-Prime Primary Realtime Clock</Description><StartTime><Timestamp dt:dt=""int"">0</Timestamp><DateUtc dt:dt=""string"">2021-08-22T13:03:41Z</DateUtc></StartTime><FrequencyChanges><FrequencyChange><Frequency dt:dt=""r8"">10000000</Frequency><Timestamp dt:dt=""r8"">13576646653730</Timestamp><Current dt:dt=""r8"">0</Current><DateUtc dt:dt=""string"">2021-08-22T13:03:41Z</DateUtc></FrequencyChange></FrequencyChanges></Clock>\n",S,SL003_FCS6BA,6,1.0.0.262,1,143.977,257590599,Full,3.0.3.80,3.0.3.80,8/22/21,8/22/21 13:03,8:03:41,3.0.3.82,Keyboard,B,Keyboard,-999999,21,11285,0,1,1,1,1,BlockProc,BlockList,35,213,,,4,0.826086957,453.0526316,1698,0.885714286,424.2258065,TrialProc,TrialList,flankerIR.jpg,1,4,Keyboard,2,10,100365,160,4,468,100833,9,1,35,Incon
FC,3,1,A,"<?xml version=""1.0""?>\n<Clock xmlns:dt=""urn:schemas-microsoft-com:datatypes""><Description dt:dt=""string"">E-Prime Primary Realtime Clock</Description><StartTime><Timestamp dt:dt=""int"">0</Timestamp><DateUtc dt:dt=""string"">2021-08-22T13:03:41Z</DateUtc></StartTime><FrequencyChanges><FrequencyChange><Frequency dt:dt=""r8"">10000000</Frequency><Timestamp dt:dt=""r8"">13576646653730</Timestamp><Current dt:dt=""r8"">0</Current><DateUtc dt:dt=""string"">2021-08-22T13:03:41Z</DateUtc></FrequencyChange></FrequencyChanges></Clock>\n",S,SL003_FCS6BA,6,1.0.0.262,1,143.977,257590599,Full,3.0.3.80,3.0.3.80,8/22/21,8/22/21 13:03,8:03:41,3.0.3.82,Keyboard,B,Keyboard,-999999,21,11285,0,1,1,1,1,BlockProc,BlockList,36,213,,,4,0.833333333,452.4,1698,0.888888889,424.71875,TrialProc,TrialList,flankerIR.jpg,1,4,Keyboard,2,10,102233,160,4,440,102673,9,1,36,Incon
FC,3,1,A,"<?xml version=""1.0""?>\n<Clock xmlns:dt=""urn:schemas-microsoft-com:datatypes""><Description dt:dt=""string"">E-Prime Primary Realtime Clock</Description><StartTime><Timestamp dt:dt=""int"">0</Timestamp><DateUtc dt:dt=""string"">2021-08-22T13:03:41Z</DateUtc></StartTime><FrequencyChanges><FrequencyChange><Frequency dt:dt=""r8"">10000000</Frequency><Timestamp dt:dt=""r8"">13576646653730</Timestamp><Current dt:dt=""r8"">0</Current><DateUtc dt:dt=""string"">2021-08-22T13:03:41Z</DateUtc></FrequencyChange></FrequencyChanges></Clock>\n",S,SL003_FCS6BA,6,1.0.0.262,1,143.977,257590599,Full,3.0.3.80,3.0.3.80,8/22/21,8/22/21 13:03,8:03:41,3.0.3.82,Keyboard,B,Keyboard,-999999,21,11285,0,1,1,1,1,BlockProc,BlockList,37,111,1,377.1538462,4,,,1302,0.891891892,422.7575758,TrialProc,TrialList,flankerCR.jpg,1,4,Keyboard,2,10,104101,160,4,360,104461,1,1,37,Cong
FC,3,1,A,"<?xml version=""1.0""?>\n<Clock xmlns:dt=""urn:schemas-microsoft-com:datatypes""><Description dt:dt=""string"">E-Prime Primary Realtime Clock</Description><StartTime><Timestamp dt:dt=""int"">0</Timestamp><DateUtc dt:dt=""string"">2021-08-22T13:03:41Z</DateUtc></StartTime><FrequencyChanges><FrequencyChange><Frequency dt:dt=""r8"">10000000</Frequency><Timestamp dt:dt=""r8"">13576646653730</Timestamp><Current dt:dt=""r8"">0</Current><DateUtc dt:dt=""string"">2021-08-22T13:03:41Z</DateUtc></FrequencyChange></FrequencyChanges></Clock>\n",S,SL003_FCS6BA,6,1.0.0.262,1,143.977,257590599,Full,3.0.3.80,3.0.3.80,8/22/21,8/22/21 13:03,8:03:41,3.0.3.82,Keyboard,B,Keyboard,-999999,21,11285,0,1,1,1,1,BlockProc,BlockList,38,211,,,4,0.8,,1302,0.868421053,,TrialProc,TrialList,flankerIR.jpg,0,4,Keyboard,2,10,105573,160,1,987,106560,7,1,38,Incon
FC,3,1,A,"<?xml version=""1.0""?>\n<Clock xmlns:dt=""urn:schemas-microsoft-com:datatypes""><Description dt:dt=""string"">E-Prime Primary Realtime Clock</Description><StartTime><Timestamp dt:dt=""int"">0</Timestamp><DateUtc dt:dt=""string"">2021-08-22T13:03:41Z</DateUtc></StartTime><FrequencyChanges><FrequencyChange><Frequency dt:dt=""r8"">10000000</Frequency><Timestamp dt:dt=""r8"">13576646653730</Timestamp><Current dt:dt=""r8"">0</Current><DateUtc dt:dt=""string"">2021-08-22T13:03:41Z</DateUtc></FrequencyChange></FrequencyChanges></Clock>\n",S,SL003_FCS6BA,6,1.0.0.262,1,143.977,257590599,Full,3.0.3.80,3.0.3.80,8/22/21,8/22/21 13:03,8:03:41,3.0.3.82,Keyboard,B,Keyboard,-999999,21,11285,0,1,1,1,1,BlockProc,BlockList,39,122,1,382.8571429,1,,,1500,0.871794872,423.7647059,TrialProc,TrialList,flankerCL.jpg,1,1,Keyboard,2,10,107045,160,1,457,107502,5,1,39,Cong
FC,3,1,A,"<?xml version=""1.0""?>\n<Clock xmlns:dt=""urn:schemas-microsoft-com:datatypes""><Description dt:dt=""string"">E-Prime Primary Realtime Clock</Description><StartTime><Timestamp dt:dt=""int"">0</Timestamp><DateUtc dt:dt=""string"">2021-08-22T13:03:41Z</DateUtc></StartTime><FrequencyChanges><FrequencyChange><Frequency dt:dt=""r8"">10000000</Frequency><Timestamp dt:dt=""r8"">13576646653730</Timestamp><Current dt:dt=""r8"">0</Current><DateUtc dt:dt=""string"">2021-08-22T13:03:41Z</DateUtc></FrequencyChange></FrequencyChanges></Clock>\n",S,SL003_FCS6BA,6,1.0.0.262,1,143.977,257590599,Full,3.0.3.80,3.0.3.80,8/22/21,8/22/21 13:03,8:03:41,3.0.3.82,Keyboard,B,Keyboard,-999999,21,11285,0,1,1,1,1,BlockProc,BlockList,40,112,1,381.2666667,4,,,1500,0.875,421.9142857,TrialProc,TrialList,flankerCR.jpg,1,4,Keyboard,2,7,108712,160,4,359,109071,2,1,40,Cong
FC,3,1,A,"<?xml version=""1.0""?>\n<Clock xmlns:dt=""urn:schemas-microsoft-com:datatypes""><Description dt:dt=""string"">E-Prime Primary Realtime Clock</Description><StartTime><Timestamp dt:dt=""int"">0</Timestamp><DateUtc dt:dt=""string"">2021-08-22T13:03:41Z</DateUtc></StartTime><FrequencyChanges><FrequencyChange><Frequency dt:dt=""r8"">10000000</Frequency><Timestamp dt:dt=""r8"">13576646653730</Timestamp><Current dt:dt=""r8"">0</Current><DateUtc dt:dt=""string"">2021-08-22T13:03:41Z</DateUtc></FrequencyChange></FrequencyChanges></Clock>\n",S,SL003_FCS6BA,6,1.0.0.262,1,143.977,257590599,Full,3.0.3.80,3.0.3.80,8/22/21,8/22/21 13:03,8:03:41,3.0.3.82,Keyboard,B,Keyboard,-999999,21,11285,0,1,1,1,1,BlockProc,BlockList,41,111,1,376.1875,4,,,1302,0.87804878,418.5277778,TrialProc,TrialList,flankerCR.jpg,1,4,Keyboard,3,6,110378,160,4,300,110678,1,1,41,Cong
FC,3,1,A,"<?xml version=""1.0""?>\n<Clock xmlns:dt=""urn:schemas-microsoft-com:datatypes""><Description dt:dt=""string"">E-Prime Primary Realtime Clock</Description><StartTime><Timestamp dt:dt=""int"">0</Timestamp><DateUtc dt:dt=""string"">2021-08-22T13:03:41Z</DateUtc></StartTime><FrequencyChanges><FrequencyChange><Frequency dt:dt=""r8"">10000000</Frequency><Timestamp dt:dt=""r8"">13576646653730</Timestamp><Current dt:dt=""r8"">0</Current><DateUtc dt:dt=""string"">2021-08-22T13:03:41Z</DateUtc></FrequencyChange></FrequencyChanges></Clock>\n",S,SL003_FCS6BA,6,1.0.0.262,1,143.977,257590599,Full,3.0.3.80,3.0.3.80,8/22/21,8/22/21 13:03,8:03:41,3.0.3.82,Keyboard,B,Keyboard,-999999,21,11285,0,1,1,1,1,BlockProc,BlockList,42,121,1,397.5882353,1,,,1302,0.880952381,427.2162162,TrialProc,TrialList,flankerCL.jpg,1,1,Keyboard,2,11,111851,159,1,740,112591,4,1,42,Cong
FC,3,1,A,"<?xml version=""1.0""?>\n<Clock xmlns:dt=""urn:schemas-microsoft-com:datatypes""><Description dt:dt=""string"">E-Prime Primary Realtime Clock</Description><StartTime><Timestamp dt:dt=""int"">0</Timestamp><DateUtc dt:dt=""string"">2021-08-22T13:03:41Z</DateUtc></StartTime><FrequencyChanges><FrequencyChange><Frequency dt:dt=""r8"">10000000</Frequency><Timestamp dt:dt=""r8"">13576646653730</Timestamp><Current dt:dt=""r8"">0</Current><DateUtc dt:dt=""string"">2021-08-22T13:03:41Z</DateUtc></FrequencyChange></FrequencyChanges></Clock>\n",S,SL003_FCS6BA,6,1.0.0.262,1,143.977,257590599,Full,3.0.3.80,3.0.3.80,8/22/21,8/22/21 13:03,8:03:41,3.0.3.82,Keyboard,B,Keyboard,-999999,21,11285,0,1,1,1,1,BlockProc,BlockList,43,223,,,1,0.807692308,454.9047619,1698,0.88372093,429.2631579,TrialProc,TrialList,flankerIL.jpg,1,1,Keyboard,2,11,113323,160,1,505,113828,12,1,43,Incon
FC,3,1,A,"<?xml version=""1.0""?>\n<Clock xmlns:dt=""urn:schemas-microsoft-com:datatypes""><Description dt:dt=""string"">E-Prime Primary Realtime Clock</Description><StartTime><Timestamp dt:dt=""int"">0</Timestamp><DateUtc dt:dt=""string"">2021-08-22T13:03:41Z</DateUtc></StartTime><FrequencyChanges><FrequencyChange><Frequency dt:dt=""r8"">10000000</Frequency><Timestamp dt:dt=""r8"">13576646653730</Timestamp><Current dt:dt=""r8"">0</Current><DateUtc dt:dt=""string"">2021-08-22T13:03:41Z</DateUtc></FrequencyChange></FrequencyChanges></Clock>\n",S,SL003_FCS6BA,6,1.0.0.262,1,143.977,257590599,Full,3.0.3.80,3.0.3.80,8/22/21,8/22/21 13:03,8:03:41,3.0.3.82,Keyboard,B,Keyboard,-999999,21,11285,0,1,1,1,1,BlockProc,BlockList,44,121,1,395.2777778,1,,,1302,0.886363636,427.3846154,TrialProc,TrialList,flankerCL.jpg,1,1,Keyboard,2,10,115191,160,1,356,115547,4,1,44,Cong
FC,3,1,A,"<?xml version=""1.0""?>\n<Clock xmlns:dt=""urn:schemas-microsoft-com:datatypes""><Description dt:dt=""string"">E-Prime Primary Realtime Clock</Description><StartTime><Timestamp dt:dt=""int"">0</Timestamp><DateUtc dt:dt=""string"">2021-08-22T13:03:41Z</DateUtc></StartTime><FrequencyChanges><FrequencyChange><Frequency dt:dt=""r8"">10000000</Frequency><Timestamp dt:dt=""r8"">13576646653730</Timestamp><Current dt:dt=""r8"">0</Current><DateUtc dt:dt=""string"">2021-08-22T13:03:41Z</DateUtc></FrequencyChange></FrequencyChanges></Clock>\n",S,SL003_FCS6BA,6,1.0.0.262,1,143.977,257590599,Full,3.0.3.80,3.0.3.80,8/22/21,8/22/21 13:03,8:03:41,3.0.3.82,Keyboard,B,Keyboard,-999999,21,11285,0,1,1,1,1,BlockProc,BlockList,45,123,1,388.8947368,1,,,1698,0.888888889,423.55,TrialProc,TrialList,flankerCL.jpg,1,1,Keyboard,2,10,116663,160,1,274,116937,6,1,45,Cong
FC,3,1,A,"<?xml version=""1.0""?>\n<Clock xmlns:dt=""urn:schemas-microsoft-com:datatypes""><Description dt:dt=""string"">E-Prime Primary Realtime Clock</Description><StartTime><Timestamp dt:dt=""int"">0</Timestamp><DateUtc dt:dt=""string"">2021-08-22T13:03:41Z</DateUtc></StartTime><FrequencyChanges><FrequencyChange><Frequency dt:dt=""r8"">10000000</Frequency><Timestamp dt:dt=""r8"">13576646653730</Timestamp><Current dt:dt=""r8"">0</Current><DateUtc dt:dt=""string"">2021-08-22T13:03:41Z</DateUtc></FrequencyChange></FrequencyChanges></Clock>\n",S,SL003_FCS6BA,6,1.0.0.262,1,143.977,257590599,Full,3.0.3.80,3.0.3.80,8/22/21,8/22/21 13:03,8:03:41,3.0.3.82,Keyboard,B,Keyboard,-999999,21,11285,0,1,1,1,1,BlockProc,BlockList,46,111,1,387.35,4,,,1302,0.891304348,421.9512195,TrialProc,TrialList,flankerCR.jpg,1,4,Keyboard,2,10,118531,160,4,358,118889,1,1,46,Cong
FC,3,1,A,"<?xml version=""1.0""?>\n<Clock xmlns:dt=""urn:schemas-microsoft-com:datatypes""><Description dt:dt=""string"">E-Prime Primary Realtime Clock</Description><StartTime><Timestamp dt:dt=""int"">0</Timestamp><DateUtc dt:dt=""string"">2021-08-22T13:03:41Z</DateUtc></StartTime><FrequencyChanges><FrequencyChange><Frequency dt:dt=""r8"">10000000</Frequency><Timestamp dt:dt=""r8"">13576646653730</Timestamp><Current dt:dt=""r8"">0</Current><DateUtc dt:dt=""string"">2021-08-22T13:03:41Z</DateUtc></FrequencyChange></FrequencyChanges></Clock>\n",S,SL003_FCS6BA,6,1.0.0.262,1,143.977,257590599,Full,3.0.3.80,3.0.3.80,8/22/21,8/22/21 13:03,8:03:41,3.0.3.82,Keyboard,B,Keyboard,-999999,21,11285,0,1,1,1,1,BlockProc,BlockList,47,122,1,394.0952381,1,,,1500,0.893617021,424.5,TrialProc,TrialList,flankerCL.jpg,1,1,Keyboard,2,10,120003,160,1,529,120532,5,1,47,Cong
FC,3,1,A,"<?xml version=""1.0""?>\n<Clock xmlns:dt=""urn:schemas-microsoft-com:datatypes""><Description dt:dt=""string"">E-Prime Primary Realtime Clock</Description><StartTime><Timestamp dt:dt=""int"">0</Timestamp><DateUtc dt:dt=""string"">2021-08-22T13:03:41Z</DateUtc></StartTime><FrequencyChanges><FrequencyChange><Frequency dt:dt=""r8"">10000000</Frequency><Timestamp dt:dt=""r8"">13576646653730</Timestamp><Current dt:dt=""r8"">0</Current><DateUtc dt:dt=""string"">2021-08-22T13:03:41Z</DateUtc></FrequencyChange></FrequencyChanges></Clock>\n",S,SL003_FCS6BA,6,1.0.0.262,1,143.977,257590599,Full,3.0.3.80,3.0.3.80,8/22/21,8/22/21 13:03,8:03:41,3.0.3.82,Keyboard,B,Keyboard,-999999,21,11285,0,1,1,1,1,BlockProc,BlockList,48,223,,,1,0.814814815,459.0454545,1698,0.895833333,427.3255814,TrialProc,TrialList,flankerIL.jpg,1,1,Keyboard,2,7,121670,159,1,546,122216,12,1,48,Incon
FC,3,1,A,"<?xml version=""1.0""?>\n<Clock xmlns:dt=""urn:schemas-microsoft-com:datatypes""><Description dt:dt=""string"">E-Prime Primary Realtime Clock</Description><StartTime><Timestamp dt:dt=""int"">0</Timestamp><DateUtc dt:dt=""string"">2021-08-22T13:03:41Z</DateUtc></StartTime><FrequencyChanges><FrequencyChange><Frequency dt:dt=""r8"">10000000</Frequency><Timestamp dt:dt=""r8"">13576646653730</Timestamp><Current dt:dt=""r8"">0</Current><DateUtc dt:dt=""string"">2021-08-22T13:03:41Z</DateUtc></FrequencyChange></FrequencyChanges></Clock>\n",S,SL003_FCS6BA,6,1.0.0.262,1,143.977,257590599,Full,3.0.3.80,3.0.3.80,8/22/21,8/22/21 13:03,8:03:41,3.0.3.82,Keyboard,B,Keyboard,-999999,21,11285,0,1,1,1,1,BlockProc,BlockList,49,223,,,1,0.821428571,461.173913,1698,0.897959184,429.1590909,TrialProc,TrialList,flankerIL.jpg,1,1,Keyboard,2,11,123538,159,1,508,124046,12,1,49,Incon
FC,3,1,A,"<?xml version=""1.0""?>\n<Clock xmlns:dt=""urn:schemas-microsoft-com:datatypes""><Description dt:dt=""string"">E-Prime Primary Realtime Clock</Description><StartTime><Timestamp dt:dt=""int"">0</Timestamp><DateUtc dt:dt=""string"">2021-08-22T13:03:41Z</DateUtc></StartTime><FrequencyChanges><FrequencyChange><Frequency dt:dt=""r8"">10000000</Frequency><Timestamp dt:dt=""r8"">13576646653730</Timestamp><Current dt:dt=""r8"">0</Current><DateUtc dt:dt=""string"">2021-08-22T13:03:41Z</DateUtc></FrequencyChange></FrequencyChanges></Clock>\n",S,SL003_FCS6BA,6,1.0.0.262,1,143.977,257590599,Full,3.0.3.80,3.0.3.80,8/22/21,8/22/21 13:03,8:03:41,3.0.3.82,Keyboard,B,Keyboard,-999999,21,11285,0,1,1,1,1,BlockProc,BlockList,50,111,1,394.2272727,4,,,1302,0.9,428.4444444,TrialProc,TrialList,flankerCR.jpg,1,4,Keyboard,2,11,125406,159,4,397,125803,1,1,50,Cong
FC,3,1,A,"<?xml version=""1.0""?>\n<Clock xmlns:dt=""urn:schemas-microsoft-com:datatypes""><Description dt:dt=""string"">E-Prime Primary Realtime Clock</Description><StartTime><Timestamp dt:dt=""int"">0</Timestamp><DateUtc dt:dt=""string"">2021-08-22T13:03:41Z</DateUtc></StartTime><FrequencyChanges><FrequencyChange><Frequency dt:dt=""r8"">10000000</Frequency><Timestamp dt:dt=""r8"">13576646653730</Timestamp><Current dt:dt=""r8"">0</Current><DateUtc dt:dt=""string"">2021-08-22T13:03:41Z</DateUtc></FrequencyChange></FrequencyChanges></Clock>\n",S,SL003_FCS6BA,6,1.0.0.262,1,143.977,257590599,Full,3.0.3.80,3.0.3.80,8/22/21,8/22/21 13:03,8:03:41,3.0.3.82,Keyboard,B,Keyboard,-999999,21,11285,0,1,1,1,1,BlockProc,BlockList,51,123,1,410.6521739,1,,,1698,0.901960784,435.9130435,TrialProc,TrialList,flankerCL.jpg,1,1,Keyboard,2,11,126878,160,1,772,127650,6,1,51,Cong
FC,3,1,A,"<?xml version=""1.0""?>\n<Clock xmlns:dt=""urn:schemas-microsoft-com:datatypes""><Description dt:dt=""string"">E-Prime Primary Realtime Clock</Description><StartTime><Timestamp dt:dt=""int"">0</Timestamp><DateUtc dt:dt=""string"">2021-08-22T13:03:41Z</DateUtc></StartTime><FrequencyChanges><FrequencyChange><Frequency dt:dt=""r8"">10000000</Frequency><Timestamp dt:dt=""r8"">13576646653730</Timestamp><Current dt:dt=""r8"">0</Current><DateUtc dt:dt=""string"">2021-08-22T13:03:41Z</DateUtc></FrequencyChange></FrequencyChanges></Clock>\n",S,SL003_FCS6BA,6,1.0.0.262,1,143.977,257590599,Full,3.0.3.80,3.0.3.80,8/22/21,8/22/21 13:03,8:03:41,3.0.3.82,Keyboard,B,Keyboard,-999999,21,11285,0,1,1,1,1,BlockProc,BlockList,52,121,1,408.5416667,1,,,1302,0.903846154,434.2978723,TrialProc,TrialList,flankerCL.jpg,1,1,Keyboard,2,10,128746,153,1,360,129106,4,1,52,Cong
FC,3,1,A,"<?xml version=""1.0""?>\n<Clock xmlns:dt=""urn:schemas-microsoft-com:datatypes""><Description dt:dt=""string"">E-Prime Primary Realtime Clock</Description><StartTime><Timestamp dt:dt=""int"">0</Timestamp><DateUtc dt:dt=""string"">2021-08-22T13:03:41Z</DateUtc></StartTime><FrequencyChanges><FrequencyChange><Frequency dt:dt=""r8"">10000000</Frequency><Timestamp dt:dt=""r8"">13576646653730</Timestamp><Current dt:dt=""r8"">0</Current><DateUtc dt:dt=""string"">2021-08-22T13:03:41Z</DateUtc></FrequencyChange></FrequencyChanges></Clock>\n",S,SL003_FCS6BA,6,1.0.0.262,1,143.977,257590599,Full,3.0.3.80,3.0.3.80,8/22/21,8/22/21 13:03,8:03:41,3.0.3.82,Keyboard,B,Keyboard,-999999,21,11285,0,1,1,1,1,BlockProc,BlockList,53,221,,,1,0.827586207,461.9583333,1302,0.905660377,435.25,TrialProc,TrialList,flankerIL.jpg,1,1,Keyboard,2,10,130211,160,1,480,130691,10,1,53,Incon
FC,3,1,A,"<?xml version=""1.0""?>\n<Clock xmlns:dt=""urn:schemas-microsoft-com:datatypes""><Description dt:dt=""string"">E-Prime Primary Realtime Clock</Description><StartTime><Timestamp dt:dt=""int"">0</Timestamp><DateUtc dt:dt=""string"">2021-08-22T13:03:41Z</DateUtc></StartTime><FrequencyChanges><FrequencyChange><Frequency dt:dt=""r8"">10000000</Frequency><Timestamp dt:dt=""r8"">13576646653730</Timestamp><Current dt:dt=""r8"">0</Current><DateUtc dt:dt=""string"">2021-08-22T13:03:41Z</DateUtc></FrequencyChange></FrequencyChanges></Clock>\n",S,SL003_FCS6BA,6,1.0.0.262,1,143.977,257590599,Full,3.0.3.80,3.0.3.80,8/22/21,8/22/21 13:03,8:03:41,3.0.3.82,Keyboard,B,Keyboard,-999999,21,11285,0,1,1,1,1,BlockProc,BlockList,54,113,1,408.36,4,,,1698,0.907407407,434.6122449,TrialProc,TrialList,flankerCR.jpg,1,4,Keyboard,2,10,131683,160,4,404,132087,3,1,54,Cong
FC,3,1,A,"<?xml version=""1.0""?>\n<Clock xmlns:dt=""urn:schemas-microsoft-com:datatypes""><Description dt:dt=""string"">E-Prime Primary Realtime Clock</Description><StartTime><Timestamp dt:dt=""int"">0</Timestamp><DateUtc dt:dt=""string"">2021-08-22T13:03:41Z</DateUtc></StartTime><FrequencyChanges><FrequencyChange><Frequency dt:dt=""r8"">10000000</Frequency><Timestamp dt:dt=""r8"">13576646653730</Timestamp><Current dt:dt=""r8"">0</Current><DateUtc dt:dt=""string"">2021-08-22T13:03:41Z</DateUtc></FrequencyChange></FrequencyChanges></Clock>\n",S,SL003_FCS6BA,6,1.0.0.262,1,143.977,257590599,Full,3.0.3.80,3.0.3.80,8/22/21,8/22/21 13:03,8:03:41,3.0.3.82,Keyboard,B,Keyboard,-999999,21,11285,0,1,1,1,1,BlockProc,BlockList,55,213,,,4,0.8,,1698,0.890909091,,TrialProc,TrialList,flankerIR.jpg,0,4,Keyboard,3,10,133551,153,1,695,134246,9,1,55,Incon
FC,3,1,A,"<?xml version=""1.0""?>\n<Clock xmlns:dt=""urn:schemas-microsoft-com:datatypes""><Description dt:dt=""string"">E-Prime Primary Realtime Clock</Description><StartTime><Timestamp dt:dt=""int"">0</Timestamp><DateUtc dt:dt=""string"">2021-08-22T13:03:41Z</DateUtc></StartTime><FrequencyChanges><FrequencyChange><Frequency dt:dt=""r8"">10000000</Frequency><Timestamp dt:dt=""r8"">13576646653730</Timestamp><Current dt:dt=""r8"">0</Current><DateUtc dt:dt=""string"">2021-08-22T13:03:41Z</DateUtc></FrequencyChange></FrequencyChanges></Clock>\n",S,SL003_FCS6BA,6,1.0.0.262,1,143.977,257590599,Full,3.0.3.80,3.0.3.80,8/22/21,8/22/21 13:03,8:03:41,3.0.3.82,Keyboard,B,Keyboard,-999999,21,11285,0,1,1,1,1,BlockProc,BlockList,56,123,1,404.9615385,1,,,1698,0.892857143,432.32,TrialProc,TrialList,flankerCL.jpg,1,1,Keyboard,2,10,135412,160,1,320,135732,6,1,56,Cong
FC,3,1,A,"<?xml version=""1.0""?>\n<Clock xmlns:dt=""urn:schemas-microsoft-com:datatypes""><Description dt:dt=""string"">E-Prime Primary Realtime Clock</Description><StartTime><Timestamp dt:dt=""int"">0</Timestamp><DateUtc dt:dt=""string"">2021-08-22T13:03:41Z</DateUtc></StartTime><FrequencyChanges><FrequencyChange><Frequency dt:dt=""r8"">10000000</Frequency><Timestamp dt:dt=""r8"">13576646653730</Timestamp><Current dt:dt=""r8"">0</Current><DateUtc dt:dt=""string"">2021-08-22T13:03:41Z</DateUtc></FrequencyChange></FrequencyChanges></Clock>\n",S,SL003_FCS6BA,6,1.0.0.262,1,143.977,257590599,Full,3.0.3.80,3.0.3.80,8/22/21,8/22/21 13:03,8:03:41,3.0.3.82,Keyboard,B,Keyboard,-999999,21,11285,0,1,1,1,1,BlockProc,BlockList,57,123,1,401.4814815,1,,,1698,0.894736842,429.9411765,TrialProc,TrialList,flankerCL.jpg,1,1,Keyboard,3,10,137280,160,1,311,137591,6,1,57,Cong
FC,3,1,A,"<?xml version=""1.0""?>\n<Clock xmlns:dt=""urn:schemas-microsoft-com:datatypes""><Description dt:dt=""string"">E-Prime Primary Realtime Clock</Description><StartTime><Timestamp dt:dt=""int"">0</Timestamp><DateUtc dt:dt=""string"">2021-08-22T13:03:41Z</DateUtc></StartTime><FrequencyChanges><FrequencyChange><Frequency dt:dt=""r8"">10000000</Frequency><Timestamp dt:dt=""r8"">13576646653730</Timestamp><Current dt:dt=""r8"">0</Current><DateUtc dt:dt=""string"">2021-08-22T13:03:41Z</DateUtc></FrequencyChange></FrequencyChanges></Clock>\n",S,SL003_FCS6BA,6,1.0.0.262,1,143.977,257590599,Full,3.0.3.80,3.0.3.80,8/22/21,8/22/21 13:03,8:03:41,3.0.3.82,Keyboard,B,Keyboard,-999999,21,11285,0,1,1,1,1,BlockProc,BlockList,58,213,,,4,0.806451613,466.44,1698,0.896551724,432.7115385,TrialProc,TrialList,flankerIR.jpg,1,4,Keyboard,2,10,139148,160,4,574,139722,9,1,58,Incon
FC,3,1,A,"<?xml version=""1.0""?>\n<Clock xmlns:dt=""urn:schemas-microsoft-com:datatypes""><Description dt:dt=""string"">E-Prime Primary Realtime Clock</Description><StartTime><Timestamp dt:dt=""int"">0</Timestamp><DateUtc dt:dt=""string"">2021-08-22T13:03:41Z</DateUtc></StartTime><FrequencyChanges><FrequencyChange><Frequency dt:dt=""r8"">10000000</Frequency><Timestamp dt:dt=""r8"">13576646653730</Timestamp><Current dt:dt=""r8"">0</Current><DateUtc dt:dt=""string"">2021-08-22T13:03:41Z</DateUtc></FrequencyChange></FrequencyChanges></Clock>\n",S,SL003_FCS6BA,6,1.0.0.262,1,143.977,257590599,Full,3.0.3.80,3.0.3.80,8/22/21,8/22/21 13:03,8:03:41,3.0.3.82,Keyboard,B,Keyboard,-999999,21,11285,0,1,1,1,1,BlockProc,BlockList,59,121,1,403.0714286,1,,,1302,0.898305085,432.9622642,TrialProc,TrialList,flankerCL.jpg,1,1,Keyboard,2,10,141016,160,1,446,141462,4,1,59,Cong
FC,3,1,A,"<?xml version=""1.0""?>\n<Clock xmlns:dt=""urn:schemas-microsoft-com:datatypes""><Description dt:dt=""string"">E-Prime Primary Realtime Clock</Description><StartTime><Timestamp dt:dt=""int"">0</Timestamp><DateUtc dt:dt=""string"">2021-08-22T13:03:41Z</DateUtc></StartTime><FrequencyChanges><FrequencyChange><Frequency dt:dt=""r8"">10000000</Frequency><Timestamp dt:dt=""r8"">13576646653730</Timestamp><Current dt:dt=""r8"">0</Current><DateUtc dt:dt=""string"">2021-08-22T13:03:41Z</DateUtc></FrequencyChange></FrequencyChanges></Clock>\n",S,SL003_FCS6BA,6,1.0.0.262,1,143.977,257590599,Full,3.0.3.80,3.0.3.80,8/22/21,8/22/21 13:03,8:03:41,3.0.3.82,Keyboard,B,Keyboard,-999999,21,11285,0,1,1,1,1,BlockProc,BlockList,60,112,1,405.0689655,4,,,1500,0.9,433.4814815,TrialProc,TrialList,flankerCR.jpg,1,4,Keyboard,3,10,142488,160,4,461,142949,2,1,60,Cong
FC,3,1,A,"<?xml version=""1.0""?>\n<Clock xmlns:dt=""urn:schemas-microsoft-com:datatypes""><Description dt:dt=""string"">E-Prime Primary Realtime Clock</Description><StartTime><Timestamp dt:dt=""int"">0</Timestamp><DateUtc dt:dt=""string"">2021-08-22T13:03:41Z</DateUtc></StartTime><FrequencyChanges><FrequencyChange><Frequency dt:dt=""r8"">10000000</Frequency><Timestamp dt:dt=""r8"">13576646653730</Timestamp><Current dt:dt=""r8"">0</Current><DateUtc dt:dt=""string"">2021-08-22T13:03:41Z</DateUtc></FrequencyChange></FrequencyChanges></Clock>\n",S,SL003_FCS6BA,6,1.0.0.262,1,143.977,257590599,Full,3.0.3.80,3.0.3.80,8/22/21,8/22/21 13:03,8:03:41,3.0.3.82,Keyboard,B,Keyboard,-999999,21,11285,0,1,1,1,1,BlockProc,BlockList,61,111,0.966666667,,4,,,1302,0.885245902,,TrialProc,TrialList,flankerCR.jpg,0,4,Keyboard,2,7,144155,160,1,326,144481,1,1,61,Cong
FC,3,1,A,"<?xml version=""1.0""?>\n<Clock xmlns:dt=""urn:schemas-microsoft-com:datatypes""><Description dt:dt=""string"">E-Prime Primary Realtime Clock</Description><StartTime><Timestamp dt:dt=""int"">0</Timestamp><DateUtc dt:dt=""string"">2021-08-22T13:03:41Z</DateUtc></StartTime><FrequencyChanges><FrequencyChange><Frequency dt:dt=""r8"">10000000</Frequency><Timestamp dt:dt=""r8"">13576646653730</Timestamp><Current dt:dt=""r8"">0</Current><DateUtc dt:dt=""string"">2021-08-22T13:03:41Z</DateUtc></FrequencyChange></FrequencyChanges></Clock>\n",S,SL003_FCS6BA,6,1.0.0.262,1,143.977,257590599,Full,3.0.3.80,3.0.3.80,8/22/21,8/22/21 13:03,8:03:41,3.0.3.82,Keyboard,B,Keyboard,-999999,21,11285,0,1,1,1,1,BlockProc,BlockList,62,222,,,1,0.8125,467.4615385,1500,0.887096774,434.5636364,TrialProc,TrialList,flankerIL.jpg,1,1,Keyboard,3,10,145627,160,1,493,146120,11,1,62,Incon
FC,3,1,A,"<?xml version=""1.0""?>\n<Clock xmlns:dt=""urn:schemas-microsoft-com:datatypes""><Description dt:dt=""string"">E-Prime Primary Realtime Clock</Description><StartTime><Timestamp dt:dt=""int"">0</Timestamp><DateUtc dt:dt=""string"">2021-08-22T13:03:41Z</DateUtc></StartTime><FrequencyChanges><FrequencyChange><Frequency dt:dt=""r8"">10000000</Frequency><Timestamp dt:dt=""r8"">13576646653730</Timestamp><Current dt:dt=""r8"">0</Current><DateUtc dt:dt=""string"">2021-08-22T13:03:41Z</DateUtc></FrequencyChange></FrequencyChanges></Clock>\n",S,SL003_FCS6BA,6,1.0.0.262,1,143.977,257590599,Full,3.0.3.80,3.0.3.80,8/22/21,8/22/21 13:03,8:03:41,3.0.3.82,Keyboard,B,Keyboard,-999999,21,11285,0,1,1,1,1,BlockProc,BlockList,63,213,,,4,0.818181818,467.8148148,1698,0.888888889,435.3214286,TrialProc,TrialList,flankerIR.jpg,1,4,Keyboard,2,7,147294,160,4,477,147771,9,1,63,Incon
FC,3,1,A,"<?xml version=""1.0""?>\n<Clock xmlns:dt=""urn:schemas-microsoft-com:datatypes""><Description dt:dt=""string"">E-Prime Primary Realtime Clock</Description><StartTime><Timestamp dt:dt=""int"">0</Timestamp><DateUtc dt:dt=""string"">2021-08-22T13:03:41Z</DateUtc></StartTime><FrequencyChanges><FrequencyChange><Frequency dt:dt=""r8"">10000000</Frequency><Timestamp dt:dt=""r8"">13576646653730</Timestamp><Current dt:dt=""r8"">0</Current><DateUtc dt:dt=""string"">2021-08-22T13:03:41Z</DateUtc></FrequencyChange></FrequencyChanges></Clock>\n",S,SL003_FCS6BA,6,1.0.0.262,1,143.977,257590599,Full,3.0.3.80,3.0.3.80,8/22/21,8/22/21 13:03,8:03:41,3.0.3.82,Keyboard,B,Keyboard,-999999,21,11285,0,1,1,1,1,BlockProc,BlockList,64,212,,,4,0.823529412,468.8928571,1500,0.890625,436.4210526,TrialProc,TrialList,flankerIR.jpg,1,4,Keyboard,2,10,149162,153,4,498,149660,8,1,64,Incon
FC,3,1,A,"<?xml version=""1.0""?>\n<Clock xmlns:dt=""urn:schemas-microsoft-com:datatypes""><Description dt:dt=""string"">E-Prime Primary Realtime Clock</Description><StartTime><Timestamp dt:dt=""int"">0</Timestamp><DateUtc dt:dt=""string"">2021-08-22T13:03:41Z</DateUtc></StartTime><FrequencyChanges><FrequencyChange><Frequency dt:dt=""r8"">10000000</Frequency><Timestamp dt:dt=""r8"">13576646653730</Timestamp><Current dt:dt=""r8"">0</Current><DateUtc dt:dt=""string"">2021-08-22T13:03:41Z</DateUtc></FrequencyChange></FrequencyChanges></Clock>\n",S,SL003_FCS6BA,6,1.0.0.262,1,143.977,257590599,Full,3.0.3.80,3.0.3.80,8/22/21,8/22/21 13:03,8:03:41,3.0.3.82,Keyboard,B,Keyboard,-999999,21,11285,0,1,1,1,1,BlockProc,BlockList,65,113,0.967741935,404.9333333,4,,,1698,0.892307692,435.8103448,TrialProc,TrialList,flankerCR.jpg,1,4,Keyboard,2,7,150822,159,4,401,151223,3,1,65,Cong
FC,3,1,A,"<?xml version=""1.0""?>\n<Clock xmlns:dt=""urn:schemas-microsoft-com:datatypes""><Description dt:dt=""string"">E-Prime Primary Realtime Clock</Description><StartTime><Timestamp dt:dt=""int"">0</Timestamp><DateUtc dt:dt=""string"">2021-08-22T13:03:41Z</DateUtc></StartTime><FrequencyChanges><FrequencyChange><Frequency dt:dt=""r8"">10000000</Frequency><Timestamp dt:dt=""r8"">13576646653730</Timestamp><Current dt:dt=""r8"">0</Current><DateUtc dt:dt=""string"">2021-08-22T13:03:41Z</DateUtc></FrequencyChange></FrequencyChanges></Clock>\n",S,SL003_FCS6BA,6,1.0.0.262,1,143.977,257590599,Full,3.0.3.80,3.0.3.80,8/22/21,8/22/21 13:03,8:03:41,3.0.3.82,Keyboard,B,Keyboard,-999999,21,11285,0,1,1,1,1,BlockProc,BlockList,66,222,,,1,0.8,,1500,0.878787879,,TrialProc,TrialList,flankerIL.jpg,0,1,Keyboard,2,11,152690,159,4,625,153315,11,1,66,Incon
FC,3,1,A,"<?xml version=""1.0""?>\n<Clock xmlns:dt=""urn:schemas-microsoft-com:datatypes""><Description dt:dt=""string"">E-Prime Primary Realtime Clock</Description><StartTime><Timestamp dt:dt=""int"">0</Timestamp><DateUtc dt:dt=""string"">2021-08-22T13:03:41Z</DateUtc></StartTime><FrequencyChanges><FrequencyChange><Frequency dt:dt=""r8"">10000000</Frequency><Timestamp dt:dt=""r8"">13576646653730</Timestamp><Current dt:dt=""r8"">0</Current><DateUtc dt:dt=""string"">2021-08-22T13:03:41Z</DateUtc></FrequencyChange></FrequencyChanges></Clock>\n",S,SL003_FCS6BA,6,1.0.0.262,1,143.977,257590599,Full,3.0.3.80,3.0.3.80,8/22/21,8/22/21 13:03,8:03:41,3.0.3.82,Keyboard,B,Keyboard,-999999,21,11285,0,1,1,1,1,BlockProc,BlockList,67,223,,,1,0.805555556,469.0689655,1698,0.880597015,436.4576271,TrialProc,TrialList,flankerIL.jpg,1,1,Keyboard,2,7,154356,160,1,474,154830,12,1,67,Incon
FC,3,1,A,"<?xml version=""1.0""?>\n<Clock xmlns:dt=""urn:schemas-microsoft-com:datatypes""><Description dt:dt=""string"">E-Prime Primary Realtime Clock</Description><StartTime><Timestamp dt:dt=""int"">0</Timestamp><DateUtc dt:dt=""string"">2021-08-22T13:03:41Z</DateUtc></StartTime><FrequencyChanges><FrequencyChange><Frequency dt:dt=""r8"">10000000</Frequency><Timestamp dt:dt=""r8"">13576646653730</Timestamp><Current dt:dt=""r8"">0</Current><DateUtc dt:dt=""string"">2021-08-22T13:03:41Z</DateUtc></FrequencyChange></FrequencyChanges></Clock>\n",S,SL003_FCS6BA,6,1.0.0.262,1,143.977,257590599,Full,3.0.3.80,3.0.3.80,8/22/21,8/22/21 13:03,8:03:41,3.0.3.82,Keyboard,B,Keyboard,-999999,21,11285,0,1,1,1,1,BlockProc,BlockList,68,122,0.96875,402.6774194,1,,,1500,0.882352941,434.7666667,TrialProc,TrialList,flankerCL.jpg,1,1,Keyboard,2,10,156224,160,1,335,156559,5,1,68,Cong
FC,3,1,A,"<?xml version=""1.0""?>\n<Clock xmlns:dt=""urn:schemas-microsoft-com:datatypes""><Description dt:dt=""string"">E-Prime Primary Realtime Clock</Description><StartTime><Timestamp dt:dt=""int"">0</Timestamp><DateUtc dt:dt=""string"">2021-08-22T13:03:41Z</DateUtc></StartTime><FrequencyChanges><FrequencyChange><Frequency dt:dt=""r8"">10000000</Frequency><Timestamp dt:dt=""r8"">13576646653730</Timestamp><Current dt:dt=""r8"">0</Current><DateUtc dt:dt=""string"">2021-08-22T13:03:41Z</DateUtc></FrequencyChange></FrequencyChanges></Clock>\n",S,SL003_FCS6BA,6,1.0.0.262,1,143.977,257590599,Full,3.0.3.80,3.0.3.80,8/22/21,8/22/21 13:03,8:03:41,3.0.3.82,Keyboard,B,Keyboard,-999999,21,11285,0,1,1,1,1,BlockProc,BlockList,69,112,0.96969697,407.53125,4,,,1500,0.884057971,436.7868852,TrialProc,TrialList,flankerCR.jpg,1,4,Keyboard,2,7,157891,159,4,558,158449,2,1,69,Cong
FC,3,1,A,"<?xml version=""1.0""?>\n<Clock xmlns:dt=""urn:schemas-microsoft-com:datatypes""><Description dt:dt=""string"">E-Prime Primary Realtime Clock</Description><StartTime><Timestamp dt:dt=""int"">0</Timestamp><DateUtc dt:dt=""string"">2021-08-22T13:03:41Z</DateUtc></StartTime><FrequencyChanges><FrequencyChange><Frequency dt:dt=""r8"">10000000</Frequency><Timestamp dt:dt=""r8"">13576646653730</Timestamp><Current dt:dt=""r8"">0</Current><DateUtc dt:dt=""string"">2021-08-22T13:03:41Z</DateUtc></FrequencyChange></FrequencyChanges></Clock>\n",S,SL003_FCS6BA,6,1.0.0.262,1,143.977,257590599,Full,3.0.3.80,3.0.3.80,8/22/21,8/22/21 13:03,8:03:41,3.0.3.82,Keyboard,B,Keyboard,-999999,21,11285,0,1,1,1,1,BlockProc,BlockList,70,113,0.970588235,406.4545455,4,,,1698,0.885714286,435.7419355,TrialProc,TrialList,flankerCR.jpg,1,4,Keyboard,3,7,159557,160,4,372,159929,3,1,70,Cong
FC,3,1,A,"<?xml version=""1.0""?>\n<Clock xmlns:dt=""urn:schemas-microsoft-com:datatypes""><Description dt:dt=""string"">E-Prime Primary Realtime Clock</Description><StartTime><Timestamp dt:dt=""int"">0</Timestamp><DateUtc dt:dt=""string"">2021-08-22T13:03:41Z</DateUtc></StartTime><FrequencyChanges><FrequencyChange><Frequency dt:dt=""r8"">10000000</Frequency><Timestamp dt:dt=""r8"">13576646653730</Timestamp><Current dt:dt=""r8"">0</Current><DateUtc dt:dt=""string"">2021-08-22T13:03:41Z</DateUtc></FrequencyChange></FrequencyChanges></Clock>\n",S,SL003_FCS6BA,6,1.0.0.262,1,143.977,257590599,Full,3.0.3.80,3.0.3.80,8/22/21,8/22/21 13:03,8:03:41,3.0.3.82,Keyboard,B,Keyboard,-999999,21,11285,0,1,1,1,1,BlockProc,BlockList,71,113,0.971428571,403.9117647,4,,,1698,0.887323944,433.9047619,TrialProc,TrialList,flankerCR.jpg,1,4,Keyboard,3,10,161425,160,4,320,161745,3,1,71,Cong
FC,3,1,A,"<?xml version=""1.0""?>\n<Clock xmlns:dt=""urn:schemas-microsoft-com:datatypes""><Description dt:dt=""string"">E-Prime Primary Realtime Clock</Description><StartTime><Timestamp dt:dt=""int"">0</Timestamp><DateUtc dt:dt=""string"">2021-08-22T13:03:41Z</DateUtc></StartTime><FrequencyChanges><FrequencyChange><Frequency dt:dt=""r8"">10000000</Frequency><Timestamp dt:dt=""r8"">13576646653730</Timestamp><Current dt:dt=""r8"">0</Current><DateUtc dt:dt=""string"">2021-08-22T13:03:41Z</DateUtc></FrequencyChange></FrequencyChanges></Clock>\n",S,SL003_FCS6BA,6,1.0.0.262,1,143.977,257590599,Full,3.0.3.80,3.0.3.80,8/22/21,8/22/21 13:03,8:03:41,3.0.3.82,Keyboard,B,Keyboard,-999999,21,11285,0,1,1,1,1,BlockProc,BlockList,72,121,0.972222222,403.5428571,1,,,1302,0.888888889,433.234375,TrialProc,TrialList,flankerCL.jpg,1,1,Keyboard,3,10,163293,160,1,391,163684,4,1,72,Cong
FC,3,1,A,"<?xml version=""1.0""?>\n<Clock xmlns:dt=""urn:schemas-microsoft-com:datatypes""><Description dt:dt=""string"">E-Prime Primary Realtime Clock</Description><StartTime><Timestamp dt:dt=""int"">0</Timestamp><DateUtc dt:dt=""string"">2021-08-22T13:03:41Z</DateUtc></StartTime><FrequencyChanges><FrequencyChange><Frequency dt:dt=""r8"">10000000</Frequency><Timestamp dt:dt=""r8"">13576646653730</Timestamp><Current dt:dt=""r8"">0</Current><DateUtc dt:dt=""string"">2021-08-22T13:03:41Z</DateUtc></FrequencyChange></FrequencyChanges></Clock>\n",S,SL003_FCS6BA,6,1.0.0.262,1,143.977,257590599,Full,3.0.3.80,3.0.3.80,8/22/21,8/22/21 13:03,8:03:41,3.0.3.82,Keyboard,B,Keyboard,-999999,21,11285,0,1,1,1,1,BlockProc,BlockList,73,123,0.972972973,402,1,,,1698,0.890410959,431.9230769,TrialProc,TrialList,flankerCL.jpg,1,1,Keyboard,2,11,164766,159,1,348,165114,6,1,73,Cong
FC,3,1,A,"<?xml version=""1.0""?>\n<Clock xmlns:dt=""urn:schemas-microsoft-com:datatypes""><Description dt:dt=""string"">E-Prime Primary Realtime Clock</Description><StartTime><Timestamp dt:dt=""int"">0</Timestamp><DateUtc dt:dt=""string"">2021-08-22T13:03:41Z</DateUtc></StartTime><FrequencyChanges><FrequencyChange><Frequency dt:dt=""r8"">10000000</Frequency><Timestamp dt:dt=""r8"">13576646653730</Timestamp><Current dt:dt=""r8"">0</Current><DateUtc dt:dt=""string"">2021-08-22T13:03:41Z</DateUtc></FrequencyChange></FrequencyChanges></Clock>\n",S,SL003_FCS6BA,6,1.0.0.262,1,143.977,257590599,Full,3.0.3.80,3.0.3.80,8/22/21,8/22/21 13:03,8:03:41,3.0.3.82,Keyboard,B,Keyboard,-999999,21,11285,0,1,1,1,1,BlockProc,BlockList,74,113,0.973684211,403.1621622,4,,,1698,0.891891892,432.1212121,TrialProc,TrialList,flankerCR.jpg,1,4,Keyboard,3,10,166633,160,4,445,167078,3,1,74,Cong
FC,3,1,A,"<?xml version=""1.0""?>\n<Clock xmlns:dt=""urn:schemas-microsoft-com:datatypes""><Description dt:dt=""string"">E-Prime Primary Realtime Clock</Description><StartTime><Timestamp dt:dt=""int"">0</Timestamp><DateUtc dt:dt=""string"">2021-08-22T13:03:41Z</DateUtc></StartTime><FrequencyChanges><FrequencyChange><Frequency dt:dt=""r8"">10000000</Frequency><Timestamp dt:dt=""r8"">13576646653730</Timestamp><Current dt:dt=""r8"">0</Current><DateUtc dt:dt=""string"">2021-08-22T13:03:41Z</DateUtc></FrequencyChange></FrequencyChanges></Clock>\n",S,SL003_FCS6BA,6,1.0.0.262,1,143.977,257590599,Full,3.0.3.80,3.0.3.80,8/22/21,8/22/21 13:03,8:03:41,3.0.3.82,Keyboard,B,Keyboard,-999999,21,11285,0,1,1,1,1,BlockProc,BlockList,75,122,0.974358974,401.0526316,1,,,1500,0.893333333,430.4925373,TrialProc,TrialList,flankerCL.jpg,1,1,Keyboard,2,11,168502,159,1,323,168825,5,1,75,Cong
FC,3,1,A,"<?xml version=""1.0""?>\n<Clock xmlns:dt=""urn:schemas-microsoft-com:datatypes""><Description dt:dt=""string"">E-Prime Primary Realtime Clock</Description><StartTime><Timestamp dt:dt=""int"">0</Timestamp><DateUtc dt:dt=""string"">2021-08-22T13:03:41Z</DateUtc></StartTime><FrequencyChanges><FrequencyChange><Frequency dt:dt=""r8"">10000000</Frequency><Timestamp dt:dt=""r8"">13576646653730</Timestamp><Current dt:dt=""r8"">0</Current><DateUtc dt:dt=""string"">2021-08-22T13:03:41Z</DateUtc></FrequencyChange></FrequencyChanges></Clock>\n",S,SL003_FCS6BA,6,1.0.0.262,1,143.977,257590599,Full,3.0.3.80,3.0.3.80,8/22/21,8/22/21 13:03,8:03:41,3.0.3.82,Keyboard,B,Keyboard,-999999,21,11285,0,1,1,1,1,BlockProc,BlockList,76,111,0.975,400.6666667,4,,,1302,0.894736842,429.8382353,TrialProc,TrialList,flankerCR.jpg,1,4,Keyboard,2,7,170168,160,4,386,170554,1,1,76,Cong
FC,3,1,A,"<?xml version=""1.0""?>\n<Clock xmlns:dt=""urn:schemas-microsoft-com:datatypes""><Description dt:dt=""string"">E-Prime Primary Realtime Clock</Description><StartTime><Timestamp dt:dt=""int"">0</Timestamp><DateUtc dt:dt=""string"">2021-08-22T13:03:41Z</DateUtc></StartTime><FrequencyChanges><FrequencyChange><Frequency dt:dt=""r8"">10000000</Frequency><Timestamp dt:dt=""r8"">13576646653730</Timestamp><Current dt:dt=""r8"">0</Current><DateUtc dt:dt=""string"">2021-08-22T13:03:41Z</DateUtc></FrequencyChange></FrequencyChanges></Clock>\n",S,SL003_FCS6BA,6,1.0.0.262,1,143.977,257590599,Full,3.0.3.80,3.0.3.80,8/22/21,8/22/21 13:03,8:03:41,3.0.3.82,Keyboard,B,Keyboard,-999999,21,11285,0,1,1,1,1,BlockProc,BlockList,77,222,,,1,0.810810811,471.4333333,1500,0.896103896,431.4347826,TrialProc,TrialList,flankerIL.jpg,1,1,Keyboard,3,10,171640,160,1,540,172180,11,1,77,Incon
FC,3,1,A,"<?xml version=""1.0""?>\n<Clock xmlns:dt=""urn:schemas-microsoft-com:datatypes""><Description dt:dt=""string"">E-Prime Primary Realtime Clock</Description><StartTime><Timestamp dt:dt=""int"">0</Timestamp><DateUtc dt:dt=""string"">2021-08-22T13:03:41Z</DateUtc></StartTime><FrequencyChanges><FrequencyChange><Frequency dt:dt=""r8"">10000000</Frequency><Timestamp dt:dt=""r8"">13576646653730</Timestamp><Current dt:dt=""r8"">0</Current><DateUtc dt:dt=""string"">2021-08-22T13:03:41Z</DateUtc></FrequencyChange></FrequencyChanges></Clock>\n",S,SL003_FCS6BA,6,1.0.0.262,1,143.977,257590599,Full,3.0.3.80,3.0.3.80,8/22/21,8/22/21 13:03,8:03:41,3.0.3.82,Keyboard,B,Keyboard,-999999,21,11285,0,1,1,1,1,BlockProc,BlockList,78,221,,,1,0.815789474,473.2580645,1302,0.897435897,432.8142857,TrialProc,TrialList,flankerIL.jpg,1,1,Keyboard,2,7,173307,160,1,528,173835,10,1,78,Incon
FC,3,1,A,"<?xml version=""1.0""?>\n<Clock xmlns:dt=""urn:schemas-microsoft-com:datatypes""><Description dt:dt=""string"">E-Prime Primary Realtime Clock</Description><StartTime><Timestamp dt:dt=""int"">0</Timestamp><DateUtc dt:dt=""string"">2021-08-22T13:03:41Z</DateUtc></StartTime><FrequencyChanges><FrequencyChange><Frequency dt:dt=""r8"">10000000</Frequency><Timestamp dt:dt=""r8"">13576646653730</Timestamp><Current dt:dt=""r8"">0</Current><DateUtc dt:dt=""string"">2021-08-22T13:03:41Z</DateUtc></FrequencyChange></FrequencyChanges></Clock>\n",S,SL003_FCS6BA,6,1.0.0.262,1,143.977,257590599,Full,3.0.3.80,3.0.3.80,8/22/21,8/22/21 13:03,8:03:41,3.0.3.82,Keyboard,B,Keyboard,-999999,21,11285,0,1,1,1,1,BlockProc,BlockList,79,211,,,4,0.820512821,473.375,1302,0.898734177,433.4366197,TrialProc,TrialList,flankerIR.jpg,1,4,Keyboard,2,10,174779,160,4,477,175256,7,1,79,Incon
FC,3,1,A,"<?xml version=""1.0""?>\n<Clock xmlns:dt=""urn:schemas-microsoft-com:datatypes""><Description dt:dt=""string"">E-Prime Primary Realtime Clock</Description><StartTime><Timestamp dt:dt=""int"">0</Timestamp><DateUtc dt:dt=""string"">2021-08-22T13:03:41Z</DateUtc></StartTime><FrequencyChanges><FrequencyChange><Frequency dt:dt=""r8"">10000000</Frequency><Timestamp dt:dt=""r8"">13576646653730</Timestamp><Current dt:dt=""r8"">0</Current><DateUtc dt:dt=""string"">2021-08-22T13:03:41Z</DateUtc></FrequencyChange></FrequencyChanges></Clock>\n",S,SL003_FCS6BA,6,1.0.0.262,1,143.977,257590599,Full,3.0.3.80,3.0.3.80,8/22/21,8/22/21 13:03,8:03:41,3.0.3.82,Keyboard,B,Keyboard,-999999,21,11285,0,1,1,1,1,BlockProc,BlockList,80,212,,,4,0.825,473.7575758,1500,0.9,434.1666667,TrialProc,TrialList,flankerIR.jpg,1,4,Keyboard,2,10,176251,160,4,486,176737,8,1,80,Incon
FC,3,1,A,"<?xml version=""1.0""?>\n<Clock xmlns:dt=""urn:schemas-microsoft-com:datatypes""><Description dt:dt=""string"">E-Prime Primary Realtime Clock</Description><StartTime><Timestamp dt:dt=""int"">0</Timestamp><DateUtc dt:dt=""string"">2021-08-22T13:03:41Z</DateUtc></StartTime><FrequencyChanges><FrequencyChange><Frequency dt:dt=""r8"">10000000</Frequency><Timestamp dt:dt=""r8"">13576646653730</Timestamp><Current dt:dt=""r8"">0</Current><DateUtc dt:dt=""string"">2021-08-22T13:03:41Z</DateUtc></FrequencyChange></FrequencyChanges></Clock>\n",S,SL003_FCS6BA,6,1.0.0.262,1,143.977,257590599,Full,3.0.3.80,3.0.3.80,8/22/21,8/22/21 13:03,8:03:41,3.0.3.82,Keyboard,B,Keyboard,-999999,21,11285,0,1,1,1,1,BlockProc,BlockList,81,211,,,4,0.829268293,473.6470588,1302,0.901234568,434.6575342,TrialProc,TrialList,flankerIR.jpg,1,4,Keyboard,2,7,177918,160,4,470,178388,7,1,81,Incon
FC,3,1,A,"<?xml version=""1.0""?>\n<Clock xmlns:dt=""urn:schemas-microsoft-com:datatypes""><Description dt:dt=""string"">E-Prime Primary Realtime Clock</Description><StartTime><Timestamp dt:dt=""int"">0</Timestamp><DateUtc dt:dt=""string"">2021-08-22T13:03:41Z</DateUtc></StartTime><FrequencyChanges><FrequencyChange><Frequency dt:dt=""r8"">10000000</Frequency><Timestamp dt:dt=""r8"">13576646653730</Timestamp><Current dt:dt=""r8"">0</Current><DateUtc dt:dt=""string"">2021-08-22T13:03:41Z</DateUtc></FrequencyChange></FrequencyChanges></Clock>\n",S,SL003_FCS6BA,6,1.0.0.262,1,143.977,257590599,Full,3.0.3.80,3.0.3.80,8/22/21,8/22/21 13:03,8:03:41,3.0.3.82,Keyboard,B,Keyboard,-999999,21,11285,0,1,1,1,1,BlockProc,BlockList,82,122,0.975609756,400.675,1,,,1500,0.902439024,434.2027027,TrialProc,TrialList,flankerCL.jpg,1,1,Keyboard,2,10,179390,160,1,401,179791,5,1,82,Cong
FC,3,1,A,"<?xml version=""1.0""?>\n<Clock xmlns:dt=""urn:schemas-microsoft-com:datatypes""><Description dt:dt=""string"">E-Prime Primary Realtime Clock</Description><StartTime><Timestamp dt:dt=""int"">0</Timestamp><DateUtc dt:dt=""string"">2021-08-22T13:03:41Z</DateUtc></StartTime><FrequencyChanges><FrequencyChange><Frequency dt:dt=""r8"">10000000</Frequency><Timestamp dt:dt=""r8"">13576646653730</Timestamp><Current dt:dt=""r8"">0</Current><DateUtc dt:dt=""string"">2021-08-22T13:03:41Z</DateUtc></FrequencyChange></FrequencyChanges></Clock>\n",S,SL003_FCS6BA,6,1.0.0.262,1,143.977,257590599,Full,3.0.3.80,3.0.3.80,8/22/21,8/22/21 13:03,8:03:41,3.0.3.82,Keyboard,B,Keyboard,-999999,21,11285,0,1,1,1,1,BlockProc,BlockList,83,111,0.976190476,402.7073171,4,,,1302,0.903614458,434.8666667,TrialProc,TrialList,flankerCR.jpg,1,4,Keyboard,2,7,181057,159,4,484,181541,1,1,83,Cong
FC,3,1,A,"<?xml version=""1.0""?>\n<Clock xmlns:dt=""urn:schemas-microsoft-com:datatypes""><Description dt:dt=""string"">E-Prime Primary Realtime Clock</Description><StartTime><Timestamp dt:dt=""int"">0</Timestamp><DateUtc dt:dt=""string"">2021-08-22T13:03:41Z</DateUtc></StartTime><FrequencyChanges><FrequencyChange><Frequency dt:dt=""r8"">10000000</Frequency><Timestamp dt:dt=""r8"">13576646653730</Timestamp><Current dt:dt=""r8"">0</Current><DateUtc dt:dt=""string"">2021-08-22T13:03:41Z</DateUtc></FrequencyChange></FrequencyChanges></Clock>\n",S,SL003_FCS6BA,6,1.0.0.262,1,143.977,257590599,Full,3.0.3.80,3.0.3.80,8/22/21,8/22/21 13:03,8:03:41,3.0.3.82,Keyboard,B,Keyboard,-999999,21,11285,0,1,1,1,1,BlockProc,BlockList,84,221,,,1,0.80952381,,1302,0.892857143,,TrialProc,TrialList,flankerIL.jpg,0,1,Keyboard,2,11,182529,160,4,334,182863,10,1,84,Incon
FC,3,1,A,"<?xml version=""1.0""?>\n<Clock xmlns:dt=""urn:schemas-microsoft-com:datatypes""><Description dt:dt=""string"">E-Prime Primary Realtime Clock</Description><StartTime><Timestamp dt:dt=""int"">0</Timestamp><DateUtc dt:dt=""string"">2021-08-22T13:03:41Z</DateUtc></StartTime><FrequencyChanges><FrequencyChange><Frequency dt:dt=""r8"">10000000</Frequency><Timestamp dt:dt=""r8"">13576646653730</Timestamp><Current dt:dt=""r8"">0</Current><DateUtc dt:dt=""string"">2021-08-22T13:03:41Z</DateUtc></FrequencyChange></FrequencyChanges></Clock>\n",S,SL003_FCS6BA,6,1.0.0.262,1,143.977,257590599,Full,3.0.3.80,3.0.3.80,8/22/21,8/22/21 13:03,8:03:41,3.0.3.82,Keyboard,B,Keyboard,-999999,21,11285,0,1,1,1,1,BlockProc,BlockList,85,213,,,4,0.813953488,476,1698,0.894117647,436.4605263,TrialProc,TrialList,flankerIR.jpg,1,4,Keyboard,2,10,184001,153,4,556,184557,9,1,85,Incon
FC,3,1,A,"<?xml version=""1.0""?>\n<Clock xmlns:dt=""urn:schemas-microsoft-com:datatypes""><Description dt:dt=""string"">E-Prime Primary Realtime Clock</Description><StartTime><Timestamp dt:dt=""int"">0</Timestamp><DateUtc dt:dt=""string"">2021-08-22T13:03:41Z</DateUtc></StartTime><FrequencyChanges><FrequencyChange><Frequency dt:dt=""r8"">10000000</Frequency><Timestamp dt:dt=""r8"">13576646653730</Timestamp><Current dt:dt=""r8"">0</Current><DateUtc dt:dt=""string"">2021-08-22T13:03:41Z</DateUtc></FrequencyChange></FrequencyChanges></Clock>\n",S,SL003_FCS6BA,6,1.0.0.262,1,143.977,257590599,Full,3.0.3.80,3.0.3.80,8/22/21,8/22/21 13:03,8:03:41,3.0.3.82,Keyboard,B,Keyboard,-999999,21,11285,0,1,1,1,1,BlockProc,BlockList,86,112,0.976744186,401.9285714,4,,,1500,0.895348837,435.5974026,TrialProc,TrialList,flankerCR.jpg,1,4,Keyboard,2,10,185862,160,4,370,186232,2,1,86,Cong
FC,3,1,A,"<?xml version=""1.0""?>\n<Clock xmlns:dt=""urn:schemas-microsoft-com:datatypes""><Description dt:dt=""string"">E-Prime Primary Realtime Clock</Description><StartTime><Timestamp dt:dt=""int"">0</Timestamp><DateUtc dt:dt=""string"">2021-08-22T13:03:41Z</DateUtc></StartTime><FrequencyChanges><FrequencyChange><Frequency dt:dt=""r8"">10000000</Frequency><Timestamp dt:dt=""r8"">13576646653730</Timestamp><Current dt:dt=""r8"">0</Current><DateUtc dt:dt=""string"">2021-08-22T13:03:41Z</DateUtc></FrequencyChange></FrequencyChanges></Clock>\n",S,SL003_FCS6BA,6,1.0.0.262,1,143.977,257590599,Full,3.0.3.80,3.0.3.80,8/22/21,8/22/21 13:03,8:03:41,3.0.3.82,Keyboard,B,Keyboard,-999999,21,11285,0,1,1,1,1,BlockProc,BlockList,87,122,0.977272727,403.9302326,1,,,1500,0.896551724,436.2692308,TrialProc,TrialList,flankerCL.jpg,1,1,Keyboard,2,7,187529,159,1,488,188017,5,1,87,Cong
FC,3,1,A,"<?xml version=""1.0""?>\n<Clock xmlns:dt=""urn:schemas-microsoft-com:datatypes""><Description dt:dt=""string"">E-Prime Primary Realtime Clock</Description><StartTime><Timestamp dt:dt=""int"">0</Timestamp><DateUtc dt:dt=""string"">2021-08-22T13:03:41Z</DateUtc></StartTime><FrequencyChanges><FrequencyChange><Frequency dt:dt=""r8"">10000000</Frequency><Timestamp dt:dt=""r8"">13576646653730</Timestamp><Current dt:dt=""r8"">0</Current><DateUtc dt:dt=""string"">2021-08-22T13:03:41Z</DateUtc></FrequencyChange></FrequencyChanges></Clock>\n",S,SL003_FCS6BA,6,1.0.0.262,1,143.977,257590599,Full,3.0.3.80,3.0.3.80,8/22/21,8/22/21 13:03,8:03:41,3.0.3.82,Keyboard,B,Keyboard,-999999,21,11285,0,1,1,1,1,BlockProc,BlockList,88,112,0.977777778,408.25,4,,,1500,0.897727273,438.2658228,TrialProc,TrialList,flankerCR.jpg,1,4,Keyboard,2,7,189195,153,4,594,189789,2,1,88,Cong
FC,3,1,A,"<?xml version=""1.0""?>\n<Clock xmlns:dt=""urn:schemas-microsoft-com:datatypes""><Description dt:dt=""string"">E-Prime Primary Realtime Clock</Description><StartTime><Timestamp dt:dt=""int"">0</Timestamp><DateUtc dt:dt=""string"">2021-08-22T13:03:41Z</DateUtc></StartTime><FrequencyChanges><FrequencyChange><Frequency dt:dt=""r8"">10000000</Frequency><Timestamp dt:dt=""r8"">13576646653730</Timestamp><Current dt:dt=""r8"">0</Current><DateUtc dt:dt=""string"">2021-08-22T13:03:41Z</DateUtc></FrequencyChange></FrequencyChanges></Clock>\n",S,SL003_FCS6BA,6,1.0.0.262,1,143.977,257590599,Full,3.0.3.80,3.0.3.80,8/22/21,8/22/21 13:03,8:03:41,3.0.3.82,Keyboard,B,Keyboard,-999999,21,11285,0,1,1,1,1,BlockProc,BlockList,89,123,0.97826087,415.3777778,1,,,1698,0.898876404,441.9,TrialProc,TrialList,flankerCL.jpg,1,1,Keyboard,2,7,190855,160,1,729,191584,6,1,89,Cong
FC,3,1,A,"<?xml version=""1.0""?>\n<Clock xmlns:dt=""urn:schemas-microsoft-com:datatypes""><Description dt:dt=""string"">E-Prime Primary Realtime Clock</Description><StartTime><Timestamp dt:dt=""int"">0</Timestamp><DateUtc dt:dt=""string"">2021-08-22T13:03:41Z</DateUtc></StartTime><FrequencyChanges><FrequencyChange><Frequency dt:dt=""r8"">10000000</Frequency><Timestamp dt:dt=""r8"">13576646653730</Timestamp><Current dt:dt=""r8"">0</Current><DateUtc dt:dt=""string"">2021-08-22T13:03:41Z</DateUtc></FrequencyChange></FrequencyChanges></Clock>\n",S,SL003_FCS6BA,6,1.0.0.262,1,143.977,257590599,Full,3.0.3.80,3.0.3.80,8/22/21,8/22/21 13:03,8:03:41,3.0.3.82,Keyboard,B,Keyboard,-999999,21,11285,0,1,1,1,1,BlockProc,BlockList,90,123,0.978723404,414.9565217,1,,,1698,0.9,441.3333333,TrialProc,TrialList,flankerCL.jpg,1,1,Keyboard,2,10,192723,153,1,396,193119,6,1,90,Cong
FC,3,1,A,"<?xml version=""1.0""?>\n<Clock xmlns:dt=""urn:schemas-microsoft-com:datatypes""><Description dt:dt=""string"">E-Prime Primary Realtime Clock</Description><StartTime><Timestamp dt:dt=""int"">0</Timestamp><DateUtc dt:dt=""string"">2021-08-22T13:03:41Z</DateUtc></StartTime><FrequencyChanges><FrequencyChange><Frequency dt:dt=""r8"">10000000</Frequency><Timestamp dt:dt=""r8"">13576646653730</Timestamp><Current dt:dt=""r8"">0</Current><DateUtc dt:dt=""string"">2021-08-22T13:03:41Z</DateUtc></FrequencyChange></FrequencyChanges></Clock>\n",S,SL003_FCS6BA,6,1.0.0.262,1,143.977,257590599,Full,3.0.3.80,3.0.3.80,8/22/21,8/22/21 13:03,8:03:41,3.0.3.82,Keyboard,B,Keyboard,-999999,21,11285,0,1,1,1,1,BlockProc,BlockList,91,212,,,4,0.795454545,,1500,0.89010989,,TrialProc,TrialList,flankerIR.jpg,0,4,Keyboard,2,10,194584,160,1,267,194851,8,1,91,Incon
FC,3,1,A,"<?xml version=""1.0""?>\n<Clock xmlns:dt=""urn:schemas-microsoft-com:datatypes""><Description dt:dt=""string"">E-Prime Primary Realtime Clock</Description><StartTime><Timestamp dt:dt=""int"">0</Timestamp><DateUtc dt:dt=""string"">2021-08-22T13:03:41Z</DateUtc></StartTime><FrequencyChanges><FrequencyChange><Frequency dt:dt=""r8"">10000000</Frequency><Timestamp dt:dt=""r8"">13576646653730</Timestamp><Current dt:dt=""r8"">0</Current><DateUtc dt:dt=""string"">2021-08-22T13:03:41Z</DateUtc></FrequencyChange></FrequencyChanges></Clock>\n",S,SL003_FCS6BA,6,1.0.0.262,1,143.977,257590599,Full,3.0.3.80,3.0.3.80,8/22/21,8/22/21 13:03,8:03:41,3.0.3.82,Keyboard,B,Keyboard,-999999,21,11285,0,1,1,1,1,BlockProc,BlockList,92,212,,,4,0.8,475.8055556,1500,0.891304348,441.6707317,TrialProc,TrialList,flankerIR.jpg,1,4,Keyboard,2,7,196251,159,4,469,196720,8,1,92,Incon
FC,3,1,A,"<?xml version=""1.0""?>\n<Clock xmlns:dt=""urn:schemas-microsoft-com:datatypes""><Description dt:dt=""string"">E-Prime Primary Realtime Clock</Description><StartTime><Timestamp dt:dt=""int"">0</Timestamp><DateUtc dt:dt=""string"">2021-08-22T13:03:41Z</DateUtc></StartTime><FrequencyChanges><FrequencyChange><Frequency dt:dt=""r8"">10000000</Frequency><Timestamp dt:dt=""r8"">13576646653730</Timestamp><Current dt:dt=""r8"">0</Current><DateUtc dt:dt=""string"">2021-08-22T13:03:41Z</DateUtc></FrequencyChange></FrequencyChanges></Clock>\n",S,SL003_FCS6BA,6,1.0.0.262,1,143.977,257590599,Full,3.0.3.80,3.0.3.80,8/22/21,8/22/21 13:03,8:03:41,3.0.3.82,Keyboard,B,Keyboard,-999999,21,11285,0,1,1,1,1,BlockProc,BlockList,93,213,,,4,0.804347826,475.3783784,1698,0.892473118,441.8915663,TrialProc,TrialList,flankerIR.jpg,1,4,Keyboard,2,7,197917,160,4,460,198377,9,1,93,Incon
FC,3,1,A,"<?xml version=""1.0""?>\n<Clock xmlns:dt=""urn:schemas-microsoft-com:datatypes""><Description dt:dt=""string"">E-Prime Primary Realtime Clock</Description><StartTime><Timestamp dt:dt=""int"">0</Timestamp><DateUtc dt:dt=""string"">2021-08-22T13:03:41Z</DateUtc></StartTime><FrequencyChanges><FrequencyChange><Frequency dt:dt=""r8"">10000000</Frequency><Timestamp dt:dt=""r8"">13576646653730</Timestamp><Current dt:dt=""r8"">0</Current><DateUtc dt:dt=""string"">2021-08-22T13:03:41Z</DateUtc></FrequencyChange></FrequencyChanges></Clock>\n",S,SL003_FCS6BA,6,1.0.0.262,1,143.977,257590599,Full,3.0.3.80,3.0.3.80,8/22/21,8/22/21 13:03,8:03:41,3.0.3.82,Keyboard,B,Keyboard,-999999,21,11285,0,1,1,1,1,BlockProc,BlockList,94,221,,,1,0.808510638,483.5263158,1302,0.893617021,445.9761905,TrialProc,TrialList,flankerIL.jpg,1,1,Keyboard,2,10,199785,160,1,785,200570,10,1,94,Incon
FC,3,1,A,"<?xml version=""1.0""?>\n<Clock xmlns:dt=""urn:schemas-microsoft-com:datatypes""><Description dt:dt=""string"">E-Prime Primary Realtime Clock</Description><StartTime><Timestamp dt:dt=""int"">0</Timestamp><DateUtc dt:dt=""string"">2021-08-22T13:03:41Z</DateUtc></StartTime><FrequencyChanges><FrequencyChange><Frequency dt:dt=""r8"">10000000</Frequency><Timestamp dt:dt=""r8"">13576646653730</Timestamp><Current dt:dt=""r8"">0</Current><DateUtc dt:dt=""string"">2021-08-22T13:03:41Z</DateUtc></FrequencyChange></FrequencyChanges></Clock>\n",S,SL003_FCS6BA,6,1.0.0.262,1,143.977,257590599,Full,3.0.3.80,3.0.3.80,8/22/21,8/22/21 13:03,8:03:41,3.0.3.82,Keyboard,B,Keyboard,-999999,21,11285,0,1,1,1,1,BlockProc,BlockList,95,122,0.979166667,421.6382979,1,,,1500,0.894736842,449.3058824,TrialProc,TrialList,flankerCL.jpg,1,1,Keyboard,2,10,201257,160,1,729,201986,5,1,95,Cong
FC,3,1,A,"<?xml version=""1.0""?>\n<Clock xmlns:dt=""urn:schemas-microsoft-com:datatypes""><Description dt:dt=""string"">E-Prime Primary Realtime Clock</Description><StartTime><Timestamp dt:dt=""int"">0</Timestamp><DateUtc dt:dt=""string"">2021-08-22T13:03:41Z</DateUtc></StartTime><FrequencyChanges><FrequencyChange><Frequency dt:dt=""r8"">10000000</Frequency><Timestamp dt:dt=""r8"">13576646653730</Timestamp><Current dt:dt=""r8"">0</Current><DateUtc dt:dt=""string"">2021-08-22T13:03:41Z</DateUtc></FrequencyChange></FrequencyChanges></Clock>\n",S,SL003_FCS6BA,6,1.0.0.262,1,143.977,257590599,Full,3.0.3.80,3.0.3.80,8/22/21,8/22/21 13:03,8:03:41,3.0.3.82,Keyboard,B,Keyboard,-999999,21,11285,0,1,1,1,1,BlockProc,BlockList,96,212,,,4,0.8125,493.5641026,1500,0.895833333,454.255814,TrialProc,TrialList,flankerIR.jpg,1,4,Keyboard,2,7,202924,160,4,875,203799,8,1,96,Incon