C:\Users\pindus\Desktop\SITLess_Data\EXP2\COG\POST\FC\SL003\SL003_FCS7AA.edat3,,,,,,,,,,,,,,,,,,,,,,,,,,,,,,,,,,,,,,,,,,,,,,,,,,,,,,,,,,
ExperimentName,Subject,Session,BlockID,Clock.Information,CogSeq,DataFile.Basename,Day,ExperimentVersion,Group,Participant.RefreshRate,RandomSeed,RuntimeCapabilities,RuntimeVersion,RuntimeVersionExpected,SessionDate,SessionStartDateTimeUtc,SessionTime,StudioVersion,ThankYou.DEVICE,Timing,Welcome.DEVICE,Welcome.DurationError,Welcome.OnsetDelay,Welcome.OnsetTime,Welcome.OnsetToOnsetTime,Block,BlockList,BlockList.Cycle,BlockList.Sample,Procedure[Block],Running[Block],Trial,Condition,CongAcc,CongRT,CorrectAnswer,InconAcc,InconRT,ITI,OverallACC,OverallRT,Procedure[Trial],Running[Trial],Stimulus,Stimulus.ACC,Stimulus.CRESP,Stimulus.DEVICE,Stimulus.DurationError,Stimulus.OnsetDelay,Stimulus.OnsetTime,Stimulus.OnsetToOnsetTime,Stimulus.RESP,Stimulus.RT,Stimulus.RTTime,TrialList,TrialList.Cycle,TrialList.Sample,TrialType
FC,3,1,A,"<?xml version=""1.0""?>\n<Clock xmlns:dt=""urn:schemas-microsoft-com:datatypes""><Description dt:dt=""string"">E-Prime Primary Realtime Clock</Description><StartTime><Timestamp dt:dt=""int"">0</Timestamp><DateUtc dt:dt=""string"">2021-08-28T17:28:01Z</DateUtc></StartTime><FrequencyChanges><FrequencyChange><Frequency dt:dt=""r8"">10000000</Frequency><Timestamp dt:dt=""r8"">18919191178659</Timestamp><Current dt:dt=""r8"">0</Current><DateUtc dt:dt=""string"">2021-08-28T17:28:01Z</DateUtc></FrequencyChange></FrequencyChanges></Clock>\n",S,SL003_FCS7AA,7,1.0.0.262,1,143.965,-136737869,Full,3.0.3.80,3.0.3.80,8/28/21,8/28/21 17:28,12:28:01,3.0.3.82,Keyboard,A,Keyboard,-999999,16,14001,0,1,1,1,1,BlockProc,BlockList,1,221,,,1,1,570,1302,1,570,TrialProc,TrialList,flankerIL.jpg,1,1,Keyboard,3,29,76901,160,1,570,77471,10,1,1,Incon
FC,3,1,A,"<?xml version=""1.0""?>\n<Clock xmlns:dt=""urn:schemas-microsoft-com:datatypes""><Description dt:dt=""string"">E-Prime Primary Realtime Clock</Description><StartTime><Timestamp dt:dt=""int"">0</Timestamp><DateUtc dt:dt=""string"">2021-08-28T17:28:01Z</DateUtc></StartTime><FrequencyChanges><FrequencyChange><Frequency dt:dt=""r8"">10000000</Frequency><Timestamp dt:dt=""r8"">18919191178659</Timestamp><Current dt:dt=""r8"">0</Current><DateUtc dt:dt=""string"">2021-08-28T17:28:01Z</DateUtc></FrequencyChange></FrequencyChanges></Clock>\n",S,SL003_FCS7AA,7,1.0.0.262,1,143.965,-136737869,Full,3.0.3.80,3.0.3.80,8/28/21,8/28/21 17:28,12:28:01,3.0.3.82,Keyboard,A,Keyboard,-999999,16,14001,0,1,1,1,1,BlockProc,BlockList,2,113,1,360,4,,,1698,1,465,TrialProc,TrialList,flankerCR.jpg,1,4,Keyboard,2,11,78374,159,4,360,78734,3,1,2,Cong
FC,3,1,A,"<?xml version=""1.0""?>\n<Clock xmlns:dt=""urn:schemas-microsoft-com:datatypes""><Description dt:dt=""string"">E-Prime Primary Realtime Clock</Description><StartTime><Timestamp dt:dt=""int"">0</Timestamp><DateUtc dt:dt=""string"">2021-08-28T17:28:01Z</DateUtc></StartTime><FrequencyChanges><FrequencyChange><Frequency dt:dt=""r8"">10000000</Frequency><Timestamp dt:dt=""r8"">18919191178659</Timestamp><Current dt:dt=""r8"">0</Current><DateUtc dt:dt=""string"">2021-08-28T17:28:01Z</DateUtc></FrequencyChange></FrequencyChanges></Clock>\n",S,SL003_FCS7AA,7,1.0.0.262,1,143.965,-136737869,Full,3.0.3.80,3.0.3.80,8/28/21,8/28/21 17:28,12:28:01,3.0.3.82,Keyboard,A,Keyboard,-999999,16,14001,0,1,1,1,1,BlockProc,BlockList,3,222,,,1,1,416,1500,1,397.3333333,TrialProc,TrialList,flankerIL.jpg,1,1,Keyboard,2,11,80242,152,1,262,80504,11,1,3,Incon
FC,3,1,A,"<?xml version=""1.0""?>\n<Clock xmlns:dt=""urn:schemas-microsoft-com:datatypes""><Description dt:dt=""string"">E-Prime Primary Realtime Clock</Description><StartTime><Timestamp dt:dt=""int"">0</Timestamp><DateUtc dt:dt=""string"">2021-08-28T17:28:01Z</DateUtc></StartTime><FrequencyChanges><FrequencyChange><Frequency dt:dt=""r8"">10000000</Frequency><Timestamp dt:dt=""r8"">18919191178659</Timestamp><Current dt:dt=""r8"">0</Current><DateUtc dt:dt=""string"">2021-08-28T17:28:01Z</DateUtc></FrequencyChange></FrequencyChanges></Clock>\n",S,SL003_FCS7AA,7,1.0.0.262,1,143.965,-136737869,Full,3.0.3.80,3.0.3.80,8/28/21,8/28/21 17:28,12:28:01,3.0.3.82,Keyboard,A,Keyboard,-999999,16,14001,0,1,1,1,1,BlockProc,BlockList,4,222,,,1,1,399.6666667,1500,1,389.75,TrialProc,TrialList,flankerIL.jpg,1,1,Keyboard,2,7,81901,160,1,367,82268,11,1,4,Incon
FC,3,1,A,"<?xml version=""1.0""?>\n<Clock xmlns:dt=""urn:schemas-microsoft-com:datatypes""><Description dt:dt=""string"">E-Prime Primary Realtime Clock</Description><StartTime><Timestamp dt:dt=""int"">0</Timestamp><DateUtc dt:dt=""string"">2021-08-28T17:28:01Z</DateUtc></StartTime><FrequencyChanges><FrequencyChange><Frequency dt:dt=""r8"">10000000</Frequency><Timestamp dt:dt=""r8"">18919191178659</Timestamp><Current dt:dt=""r8"">0</Current><DateUtc dt:dt=""string"">2021-08-28T17:28:01Z</DateUtc></FrequencyChange></FrequencyChanges></Clock>\n",S,SL003_FCS7AA,7,1.0.0.262,1,143.965,-136737869,Full,3.0.3.80,3.0.3.80,8/28/21,8/28/21 17:28,12:28:01,3.0.3.82,Keyboard,A,Keyboard,-999999,16,14001,0,1,1,1,1,BlockProc,BlockList,5,113,1,360,4,,,1698,1,383.8,TrialProc,TrialList,flankerCR.jpg,1,4,Keyboard,2,7,83568,160,4,360,83928,3,1,5,Cong
FC,3,1,A,"<?xml version=""1.0""?>\n<Clock xmlns:dt=""urn:schemas-microsoft-com:datatypes""><Description dt:dt=""string"">E-Prime Primary Realtime Clock</Description><StartTime><Timestamp dt:dt=""int"">0</Timestamp><DateUtc dt:dt=""string"">2021-08-28T17:28:01Z</DateUtc></StartTime><FrequencyChanges><FrequencyChange><Frequency dt:dt=""r8"">10000000</Frequency><Timestamp dt:dt=""r8"">18919191178659</Timestamp><Current dt:dt=""r8"">0</Current><DateUtc dt:dt=""string"">2021-08-28T17:28:01Z</DateUtc></FrequencyChange></FrequencyChanges></Clock>\n",S,SL003_FCS7AA,7,1.0.0.262,1,143.965,-136737869,Full,3.0.3.80,3.0.3.80,8/28/21,8/28/21 17:28,12:28:01,3.0.3.82,Keyboard,A,Keyboard,-999999,16,14001,0,1,1,1,1,BlockProc,BlockList,6,212,,,4,1,398.25,1500,1,385.5,TrialProc,TrialList,flankerIR.jpg,1,4,Keyboard,2,10,85436,153,4,394,85830,8,1,6,Incon
FC,3,1,A,"<?xml version=""1.0""?>\n<Clock xmlns:dt=""urn:schemas-microsoft-com:datatypes""><Description dt:dt=""string"">E-Prime Primary Realtime Clock</Description><StartTime><Timestamp dt:dt=""int"">0</Timestamp><DateUtc dt:dt=""string"">2021-08-28T17:28:01Z</DateUtc></StartTime><FrequencyChanges><FrequencyChange><Frequency dt:dt=""r8"">10000000</Frequency><Timestamp dt:dt=""r8"">18919191178659</Timestamp><Current dt:dt=""r8"">0</Current><DateUtc dt:dt=""string"">2021-08-28T17:28:01Z</DateUtc></FrequencyChange></FrequencyChanges></Clock>\n",S,SL003_FCS7AA,7,1.0.0.262,1,143.965,-136737869,Full,3.0.3.80,3.0.3.80,8/28/21,8/28/21 17:28,12:28:01,3.0.3.82,Keyboard,A,Keyboard,-999999,16,14001,0,1,1,1,1,BlockProc,BlockList,7,112,1,367,4,,,1500,1,384.8571429,TrialProc,TrialList,flankerCR.jpg,1,4,Keyboard,2,7,87096,159,4,381,87477,2,1,7,Cong
FC,3,1,A,"<?xml version=""1.0""?>\n<Clock xmlns:dt=""urn:schemas-microsoft-com:datatypes""><Description dt:dt=""string"">E-Prime Primary Realtime Clock</Description><StartTime><Timestamp dt:dt=""int"">0</Timestamp><DateUtc dt:dt=""string"">2021-08-28T17:28:01Z</DateUtc></StartTime><FrequencyChanges><FrequencyChange><Frequency dt:dt=""r8"">10000000</Frequency><Timestamp dt:dt=""r8"">18919191178659</Timestamp><Current dt:dt=""r8"">0</Current><DateUtc dt:dt=""string"">2021-08-28T17:28:01Z</DateUtc></FrequencyChange></FrequencyChanges></Clock>\n",S,SL003_FCS7AA,7,1.0.0.262,1,143.965,-136737869,Full,3.0.3.80,3.0.3.80,8/28/21,8/28/21 17:28,12:28:01,3.0.3.82,Keyboard,A,Keyboard,-999999,16,14001,0,1,1,1,1,BlockProc,BlockList,8,212,,,4,1,425.6,1500,1,403.625,TrialProc,TrialList,flankerIR.jpg,1,4,Keyboard,2,7,88762,160,4,535,89297,8,1,8,Incon
FC,3,1,A,"<?xml version=""1.0""?>\n<Clock xmlns:dt=""urn:schemas-microsoft-com:datatypes""><Description dt:dt=""string"">E-Prime Primary Realtime Clock</Description><StartTime><Timestamp dt:dt=""int"">0</Timestamp><DateUtc dt:dt=""string"">2021-08-28T17:28:01Z</DateUtc></StartTime><FrequencyChanges><FrequencyChange><Frequency dt:dt=""r8"">10000000</Frequency><Timestamp dt:dt=""r8"">18919191178659</Timestamp><Current dt:dt=""r8"">0</Current><DateUtc dt:dt=""string"">2021-08-28T17:28:01Z</DateUtc></FrequencyChange></FrequencyChanges></Clock>\n",S,SL003_FCS7AA,7,1.0.0.262,1,143.965,-136737869,Full,3.0.3.80,3.0.3.80,8/28/21,8/28/21 17:28,12:28:01,3.0.3.82,Keyboard,A,Keyboard,-999999,16,14001,0,1,1,1,1,BlockProc,BlockList,9,111,1,356.75,4,,,1302,1,395,TrialProc,TrialList,flankerCR.jpg,1,4,Keyboard,2,7,90429,153,4,326,90755,1,1,9,Cong
FC,3,1,A,"<?xml version=""1.0""?>\n<Clock xmlns:dt=""urn:schemas-microsoft-com:datatypes""><Description dt:dt=""string"">E-Prime Primary Realtime Clock</Description><StartTime><Timestamp dt:dt=""int"">0</Timestamp><DateUtc dt:dt=""string"">2021-08-28T17:28:01Z</DateUtc></StartTime><FrequencyChanges><FrequencyChange><Frequency dt:dt=""r8"">10000000</Frequency><Timestamp dt:dt=""r8"">18919191178659</Timestamp><Current dt:dt=""r8"">0</Current><DateUtc dt:dt=""string"">2021-08-28T17:28:01Z</DateUtc></FrequencyChange></FrequencyChanges></Clock>\n",S,SL003_FCS7AA,7,1.0.0.262,1,143.965,-136737869,Full,3.0.3.80,3.0.3.80,8/28/21,8/28/21 17:28,12:28:01,3.0.3.82,Keyboard,A,Keyboard,-999999,16,14001,0,1,1,1,1,BlockProc,BlockList,10,122,1,359,1,,,1500,1,392.3,TrialProc,TrialList,flankerCL.jpg,1,1,Keyboard,2,10,91894,160,1,368,92262,5,1,10,Cong
FC,3,1,A,"<?xml version=""1.0""?>\n<Clock xmlns:dt=""urn:schemas-microsoft-com:datatypes""><Description dt:dt=""string"">E-Prime Primary Realtime Clock</Description><StartTime><Timestamp dt:dt=""int"">0</Timestamp><DateUtc dt:dt=""string"">2021-08-28T17:28:01Z</DateUtc></StartTime><FrequencyChanges><FrequencyChange><Frequency dt:dt=""r8"">10000000</Frequency><Timestamp dt:dt=""r8"">18919191178659</Timestamp><Current dt:dt=""r8"">0</Current><DateUtc dt:dt=""string"">2021-08-28T17:28:01Z</DateUtc></FrequencyChange></FrequencyChanges></Clock>\n",S,SL003_FCS7AA,7,1.0.0.262,1,143.965,-136737869,Full,3.0.3.80,3.0.3.80,8/28/21,8/28/21 17:28,12:28:01,3.0.3.82,Keyboard,A,Keyboard,-999999,16,14001,0,1,1,1,1,BlockProc,BlockList,11,111,1,359.3333333,4,,,1302,1,389.4545455,TrialProc,TrialList,flankerCR.jpg,1,4,Keyboard,2,7,93561,159,4,361,93922,1,1,11,Cong
FC,3,1,A,"<?xml version=""1.0""?>\n<Clock xmlns:dt=""urn:schemas-microsoft-com:datatypes""><Description dt:dt=""string"">E-Prime Primary Realtime Clock</Description><StartTime><Timestamp dt:dt=""int"">0</Timestamp><DateUtc dt:dt=""string"">2021-08-28T17:28:01Z</DateUtc></StartTime><FrequencyChanges><FrequencyChange><Frequency dt:dt=""r8"">10000000</Frequency><Timestamp dt:dt=""r8"">18919191178659</Timestamp><Current dt:dt=""r8"">0</Current><DateUtc dt:dt=""string"">2021-08-28T17:28:01Z</DateUtc></FrequencyChange></FrequencyChanges></Clock>\n",S,SL003_FCS7AA,7,1.0.0.262,1,143.965,-136737869,Full,3.0.3.80,3.0.3.80,8/28/21,8/28/21 17:28,12:28:01,3.0.3.82,Keyboard,A,Keyboard,-999999,16,14001,0,1,1,1,1,BlockProc,BlockList,12,212,,,4,1,432.6666667,1500,1,396,TrialProc,TrialList,flankerIR.jpg,1,4,Keyboard,2,11,95033,159,4,468,95501,8,1,12,Incon
FC,3,1,A,"<?xml version=""1.0""?>\n<Clock xmlns:dt=""urn:schemas-microsoft-com:datatypes""><Description dt:dt=""string"">E-Prime Primary Realtime Clock</Description><StartTime><Timestamp dt:dt=""int"">0</Timestamp><DateUtc dt:dt=""string"">2021-08-28T17:28:01Z</DateUtc></StartTime><FrequencyChanges><FrequencyChange><Frequency dt:dt=""r8"">10000000</Frequency><Timestamp dt:dt=""r8"">18919191178659</Timestamp><Current dt:dt=""r8"">0</Current><DateUtc dt:dt=""string"">2021-08-28T17:28:01Z</DateUtc></FrequencyChange></FrequencyChanges></Clock>\n",S,SL003_FCS7AA,7,1.0.0.262,1,143.965,-136737869,Full,3.0.3.80,3.0.3.80,8/28/21,8/28/21 17:28,12:28:01,3.0.3.82,Keyboard,A,Keyboard,-999999,16,14001,0,1,1,1,1,BlockProc,BlockList,13,221,,,1,1,431.8571429,1302,1,398.3846154,TrialProc,TrialList,flankerIL.jpg,1,1,Keyboard,3,7,96699,160,1,427,97126,10,1,13,Incon
FC,3,1,A,"<?xml version=""1.0""?>\n<Clock xmlns:dt=""urn:schemas-microsoft-com:datatypes""><Description dt:dt=""string"">E-Prime Primary Realtime Clock</Description><StartTime><Timestamp dt:dt=""int"">0</Timestamp><DateUtc dt:dt=""string"">2021-08-28T17:28:01Z</DateUtc></StartTime><FrequencyChanges><FrequencyChange><Frequency dt:dt=""r8"">10000000</Frequency><Timestamp dt:dt=""r8"">18919191178659</Timestamp><Current dt:dt=""r8"">0</Current><DateUtc dt:dt=""string"">2021-08-28T17:28:01Z</DateUtc></FrequencyChange></FrequencyChanges></Clock>\n",S,SL003_FCS7AA,7,1.0.0.262,1,143.965,-136737869,Full,3.0.3.80,3.0.3.80,8/28/21,8/28/21 17:28,12:28:01,3.0.3.82,Keyboard,A,Keyboard,-999999,16,14001,0,1,1,1,1,BlockProc,BlockList,14,223,,,1,1,428.625,1698,1,398.9285714,TrialProc,TrialList,flankerIL.jpg,1,1,Keyboard,3,10,98171,160,1,406,98577,12,1,14,Incon
FC,3,1,A,"<?xml version=""1.0""?>\n<Clock xmlns:dt=""urn:schemas-microsoft-com:datatypes""><Description dt:dt=""string"">E-Prime Primary Realtime Clock</Description><StartTime><Timestamp dt:dt=""int"">0</Timestamp><DateUtc dt:dt=""string"">2021-08-28T17:28:01Z</DateUtc></StartTime><FrequencyChanges><FrequencyChange><Frequency dt:dt=""r8"">10000000</Frequency><Timestamp dt:dt=""r8"">18919191178659</Timestamp><Current dt:dt=""r8"">0</Current><DateUtc dt:dt=""string"">2021-08-28T17:28:01Z</DateUtc></FrequencyChange></FrequencyChanges></Clock>\n",S,SL003_FCS7AA,7,1.0.0.262,1,143.965,-136737869,Full,3.0.3.80,3.0.3.80,8/28/21,8/28/21 17:28,12:28:01,3.0.3.82,Keyboard,A,Keyboard,-999999,16,14001,0,1,1,1,1,BlockProc,BlockList,15,121,1,360.2857143,1,,,1302,1,396.7333333,TrialProc,TrialList,flankerCL.jpg,1,1,Keyboard,3,10,100039,160,1,366,100405,4,1,15,Cong
FC,3,1,A,"<?xml version=""1.0""?>\n<Clock xmlns:dt=""urn:schemas-microsoft-com:datatypes""><Description dt:dt=""string"">E-Prime Primary Realtime Clock</Description><StartTime><Timestamp dt:dt=""int"">0</Timestamp><DateUtc dt:dt=""string"">2021-08-28T17:28:01Z</DateUtc></StartTime><FrequencyChanges><FrequencyChange><Frequency dt:dt=""r8"">10000000</Frequency><Timestamp dt:dt=""r8"">18919191178659</Timestamp><Current dt:dt=""r8"">0</Current><DateUtc dt:dt=""string"">2021-08-28T17:28:01Z</DateUtc></FrequencyChange></FrequencyChanges></Clock>\n",S,SL003_FCS7AA,7,1.0.0.262,1,143.965,-136737869,Full,3.0.3.80,3.0.3.80,8/28/21,8/28/21 17:28,12:28:01,3.0.3.82,Keyboard,A,Keyboard,-999999,16,14001,0,1,1,1,1,BlockProc,BlockList,16,123,1,362.5,1,,,1698,1,395.5625,TrialProc,TrialList,flankerCL.jpg,1,1,Keyboard,2,11,101512,159,1,378,101890,6,1,16,Cong
FC,3,1,A,"<?xml version=""1.0""?>\n<Clock xmlns:dt=""urn:schemas-microsoft-com:datatypes""><Description dt:dt=""string"">E-Prime Primary Realtime Clock</Description><StartTime><Timestamp dt:dt=""int"">0</Timestamp><DateUtc dt:dt=""string"">2021-08-28T17:28:01Z</DateUtc></StartTime><FrequencyChanges><FrequencyChange><Frequency dt:dt=""r8"">10000000</Frequency><Timestamp dt:dt=""r8"">18919191178659</Timestamp><Current dt:dt=""r8"">0</Current><DateUtc dt:dt=""string"">2021-08-28T17:28:01Z</DateUtc></FrequencyChange></FrequencyChanges></Clock>\n",S,SL003_FCS7AA,7,1.0.0.262,1,143.965,-136737869,Full,3.0.3.80,3.0.3.80,8/28/21,8/28/21 17:28,12:28:01,3.0.3.82,Keyboard,A,Keyboard,-999999,16,14001,0,1,1,1,1,BlockProc,BlockList,17,123,1,352.3333333,1,,,1698,1,388.2352941,TrialProc,TrialList,flankerCL.jpg,1,1,Keyboard,2,11,103380,159,1,271,103651,6,1,17,Cong
FC,3,1,A,"<?xml version=""1.0""?>\n<Clock xmlns:dt=""urn:schemas-microsoft-com:datatypes""><Description dt:dt=""string"">E-Prime Primary Realtime Clock</Description><StartTime><Timestamp dt:dt=""int"">0</Timestamp><DateUtc dt:dt=""string"">2021-08-28T17:28:01Z</DateUtc></StartTime><FrequencyChanges><FrequencyChange><Frequency dt:dt=""r8"">10000000</Frequency><Timestamp dt:dt=""r8"">18919191178659</Timestamp><Current dt:dt=""r8"">0</Current><DateUtc dt:dt=""string"">2021-08-28T17:28:01Z</DateUtc></FrequencyChange></FrequencyChanges></Clock>\n",S,SL003_FCS7AA,7,1.0.0.262,1,143.965,-136737869,Full,3.0.3.80,3.0.3.80,8/28/21,8/28/21 17:28,12:28:01,3.0.3.82,Keyboard,A,Keyboard,-999999,16,14001,0,1,1,1,1,BlockProc,BlockList,18,211,,,4,0.888888889,,1302,0.944444444,,TrialProc,TrialList,flankerIR.jpg,0,4,Keyboard,2,11,105248,159,1,237,105485,7,1,18,Incon
FC,3,1,A,"<?xml version=""1.0""?>\n<Clock xmlns:dt=""urn:schemas-microsoft-com:datatypes""><Description dt:dt=""string"">E-Prime Primary Realtime Clock</Description><StartTime><Timestamp dt:dt=""int"">0</Timestamp><DateUtc dt:dt=""string"">2021-08-28T17:28:01Z</DateUtc></StartTime><FrequencyChanges><FrequencyChange><Frequency dt:dt=""r8"">10000000</Frequency><Timestamp dt:dt=""r8"">18919191178659</Timestamp><Current dt:dt=""r8"">0</Current><DateUtc dt:dt=""string"">2021-08-28T17:28:01Z</DateUtc></FrequencyChange></FrequencyChanges></Clock>\n",S,SL003_FCS7AA,7,1.0.0.262,1,143.965,-136737869,Full,3.0.3.80,3.0.3.80,8/28/21,8/28/21 17:28,12:28:01,3.0.3.82,Keyboard,A,Keyboard,-999999,16,14001,0,1,1,1,1,BlockProc,BlockList,19,211,,,4,0.9,430.1111111,1302,0.947368421,391.2222222,TrialProc,TrialList,flankerIR.jpg,1,4,Keyboard,2,11,106720,153,4,442,107162,7,1,19,Incon
FC,3,1,A,"<?xml version=""1.0""?>\n<Clock xmlns:dt=""urn:schemas-microsoft-com:datatypes""><Description dt:dt=""string"">E-Prime Primary Realtime Clock</Description><StartTime><Timestamp dt:dt=""int"">0</Timestamp><DateUtc dt:dt=""string"">2021-08-28T17:28:01Z</DateUtc></StartTime><FrequencyChanges><FrequencyChange><Frequency dt:dt=""r8"">10000000</Frequency><Timestamp dt:dt=""r8"">18919191178659</Timestamp><Current dt:dt=""r8"">0</Current><DateUtc dt:dt=""string"">2021-08-28T17:28:01Z</DateUtc></FrequencyChange></FrequencyChanges></Clock>\n",S,SL003_FCS7AA,7,1.0.0.262,1,143.965,-136737869,Full,3.0.3.80,3.0.3.80,8/28/21,8/28/21 17:28,12:28:01,3.0.3.82,Keyboard,A,Keyboard,-999999,16,14001,0,1,1,1,1,BlockProc,BlockList,20,111,1,350.9,4,,,1302,0.95,388.4210526,TrialProc,TrialList,flankerCR.jpg,1,4,Keyboard,2,10,108185,160,4,338,108523,1,1,20,Cong
FC,3,1,A,"<?xml version=""1.0""?>\n<Clock xmlns:dt=""urn:schemas-microsoft-com:datatypes""><Description dt:dt=""string"">E-Prime Primary Realtime Clock</Description><StartTime><Timestamp dt:dt=""int"">0</Timestamp><DateUtc dt:dt=""string"">2021-08-28T17:28:01Z</DateUtc></StartTime><FrequencyChanges><FrequencyChange><Frequency dt:dt=""r8"">10000000</Frequency><Timestamp dt:dt=""r8"">18919191178659</Timestamp><Current dt:dt=""r8"">0</Current><DateUtc dt:dt=""string"">2021-08-28T17:28:01Z</DateUtc></FrequencyChange></FrequencyChanges></Clock>\n",S,SL003_FCS7AA,7,1.0.0.262,1,143.965,-136737869,Full,3.0.3.80,3.0.3.80,8/28/21,8/28/21 17:28,12:28:01,3.0.3.82,Keyboard,A,Keyboard,-999999,16,14001,0,1,1,1,1,BlockProc,BlockList,21,222,,,1,0.909090909,426.9,1500,0.952380952,388.9,TrialProc,TrialList,flankerIL.jpg,1,1,Keyboard,3,10,109657,160,1,398,110055,11,1,21,Incon
FC,3,1,A,"<?xml version=""1.0""?>\n<Clock xmlns:dt=""urn:schemas-microsoft-com:datatypes""><Description dt:dt=""string"">E-Prime Primary Realtime Clock</Description><StartTime><Timestamp dt:dt=""int"">0</Timestamp><DateUtc dt:dt=""string"">2021-08-28T17:28:01Z</DateUtc></StartTime><FrequencyChanges><FrequencyChange><Frequency dt:dt=""r8"">10000000</Frequency><Timestamp dt:dt=""r8"">18919191178659</Timestamp><Current dt:dt=""r8"">0</Current><DateUtc dt:dt=""string"">2021-08-28T17:28:01Z</DateUtc></FrequencyChange></FrequencyChanges></Clock>\n",S,SL003_FCS7AA,7,1.0.0.262,1,143.965,-136737869,Full,3.0.3.80,3.0.3.80,8/28/21,8/28/21 17:28,12:28:01,3.0.3.82,Keyboard,A,Keyboard,-999999,16,14001,0,1,1,1,1,BlockProc,BlockList,22,221,,,1,0.916666667,422.2727273,1302,0.954545455,388.2857143,TrialProc,TrialList,flankerIL.jpg,1,1,Keyboard,2,7,111324,160,1,376,111700,10,1,22,Incon
FC,3,1,A,"<?xml version=""1.0""?>\n<Clock xmlns:dt=""urn:schemas-microsoft-com:datatypes""><Description dt:dt=""string"">E-Prime Primary Realtime Clock</Description><StartTime><Timestamp dt:dt=""int"">0</Timestamp><DateUtc dt:dt=""string"">2021-08-28T17:28:01Z</DateUtc></StartTime><FrequencyChanges><FrequencyChange><Frequency dt:dt=""r8"">10000000</Frequency><Timestamp dt:dt=""r8"">18919191178659</Timestamp><Current dt:dt=""r8"">0</Current><DateUtc dt:dt=""string"">2021-08-28T17:28:01Z</DateUtc></FrequencyChange></FrequencyChanges></Clock>\n",S,SL003_FCS7AA,7,1.0.0.262,1,143.965,-136737869,Full,3.0.3.80,3.0.3.80,8/28/21,8/28/21 17:28,12:28:01,3.0.3.82,Keyboard,A,Keyboard,-999999,16,14001,0,1,1,1,1,BlockProc,BlockList,23,211,,,4,0.923076923,422.0833333,1302,0.956521739,389.7272727,TrialProc,TrialList,flankerIR.jpg,1,4,Keyboard,2,10,112796,160,4,420,113216,7,1,23,Incon
FC,3,1,A,"<?xml version=""1.0""?>\n<Clock xmlns:dt=""urn:schemas-microsoft-com:datatypes""><Description dt:dt=""string"">E-Prime Primary Realtime Clock</Description><StartTime><Timestamp dt:dt=""int"">0</Timestamp><DateUtc dt:dt=""string"">2021-08-28T17:28:01Z</DateUtc></StartTime><FrequencyChanges><FrequencyChange><Frequency dt:dt=""r8"">10000000</Frequency><Timestamp dt:dt=""r8"">18919191178659</Timestamp><Current dt:dt=""r8"">0</Current><DateUtc dt:dt=""string"">2021-08-28T17:28:01Z</DateUtc></FrequencyChange></FrequencyChanges></Clock>\n",S,SL003_FCS7AA,7,1.0.0.262,1,143.965,-136737869,Full,3.0.3.80,3.0.3.80,8/28/21,8/28/21 17:28,12:28:01,3.0.3.82,Keyboard,A,Keyboard,-999999,16,14001,0,1,1,1,1,BlockProc,BlockList,24,122,1,353.6363636,1,,,1500,0.958333333,389.3478261,TrialProc,TrialList,flankerCL.jpg,1,1,Keyboard,2,10,114268,160,1,381,114649,5,1,24,Cong
FC,3,1,A,"<?xml version=""1.0""?>\n<Clock xmlns:dt=""urn:schemas-microsoft-com:datatypes""><Description dt:dt=""string"">E-Prime Primary Realtime Clock</Description><StartTime><Timestamp dt:dt=""int"">0</Timestamp><DateUtc dt:dt=""string"">2021-08-28T17:28:01Z</DateUtc></StartTime><FrequencyChanges><FrequencyChange><Frequency dt:dt=""r8"">10000000</Frequency><Timestamp dt:dt=""r8"">18919191178659</Timestamp><Current dt:dt=""r8"">0</Current><DateUtc dt:dt=""string"">2021-08-28T17:28:01Z</DateUtc></FrequencyChange></FrequencyChanges></Clock>\n",S,SL003_FCS7AA,7,1.0.0.262,1,143.965,-136737869,Full,3.0.3.80,3.0.3.80,8/28/21,8/28/21 17:28,12:28:01,3.0.3.82,Keyboard,A,Keyboard,-999999,16,14001,0,1,1,1,1,BlockProc,BlockList,25,213,,,4,0.928571429,421.9230769,1698,0.96,390.625,TrialProc,TrialList,flankerIR.jpg,1,4,Keyboard,2,7,115935,160,4,420,116355,9,1,25,Incon
FC,3,1,A,"<?xml version=""1.0""?>\n<Clock xmlns:dt=""urn:schemas-microsoft-com:datatypes""><Description dt:dt=""string"">E-Prime Primary Realtime Clock</Description><StartTime><Timestamp dt:dt=""int"">0</Timestamp><DateUtc dt:dt=""string"">2021-08-28T17:28:01Z</DateUtc></StartTime><FrequencyChanges><FrequencyChange><Frequency dt:dt=""r8"">10000000</Frequency><Timestamp dt:dt=""r8"">18919191178659</Timestamp><Current dt:dt=""r8"">0</Current><DateUtc dt:dt=""string"">2021-08-28T17:28:01Z</DateUtc></FrequencyChange></FrequencyChanges></Clock>\n",S,SL003_FCS7AA,7,1.0.0.262,1,143.965,-136737869,Full,3.0.3.80,3.0.3.80,8/28/21,8/28/21 17:28,12:28:01,3.0.3.82,Keyboard,A,Keyboard,-999999,16,14001,0,1,1,1,1,BlockProc,BlockList,26,112,1,350.6666667,4,,,1500,0.961538462,387.72,TrialProc,TrialList,flankerCR.jpg,1,4,Keyboard,2,10,117803,159,4,318,118121,2,1,26,Cong
FC,3,1,A,"<?xml version=""1.0""?>\n<Clock xmlns:dt=""urn:schemas-microsoft-com:datatypes""><Description dt:dt=""string"">E-Prime Primary Realtime Clock</Description><StartTime><Timestamp dt:dt=""int"">0</Timestamp><DateUtc dt:dt=""string"">2021-08-28T17:28:01Z</DateUtc></StartTime><FrequencyChanges><FrequencyChange><Frequency dt:dt=""r8"">10000000</Frequency><Timestamp dt:dt=""r8"">18919191178659</Timestamp><Current dt:dt=""r8"">0</Current><DateUtc dt:dt=""string"">2021-08-28T17:28:01Z</DateUtc></FrequencyChange></FrequencyChanges></Clock>\n",S,SL003_FCS7AA,7,1.0.0.262,1,143.965,-136737869,Full,3.0.3.80,3.0.3.80,8/28/21,8/28/21 17:28,12:28:01,3.0.3.82,Keyboard,A,Keyboard,-999999,16,14001,0,1,1,1,1,BlockProc,BlockList,27,112,1,347.5384615,4,,,1500,0.962962963,384.7307692,TrialProc,TrialList,flankerCR.jpg,1,4,Keyboard,3,7,119469,160,4,310,119779,2,1,27,Cong
FC,3,1,A,"<?xml version=""1.0""?>\n<Clock xmlns:dt=""urn:schemas-microsoft-com:datatypes""><Description dt:dt=""string"">E-Prime Primary Realtime Clock</Description><StartTime><Timestamp dt:dt=""int"">0</Timestamp><DateUtc dt:dt=""string"">2021-08-28T17:28:01Z</DateUtc></StartTime><FrequencyChanges><FrequencyChange><Frequency dt:dt=""r8"">10000000</Frequency><Timestamp dt:dt=""r8"">18919191178659</Timestamp><Current dt:dt=""r8"">0</Current><DateUtc dt:dt=""string"">2021-08-28T17:28:01Z</DateUtc></FrequencyChange></FrequencyChanges></Clock>\n",S,SL003_FCS7AA,7,1.0.0.262,1,143.965,-136737869,Full,3.0.3.80,3.0.3.80,8/28/21,8/28/21 17:28,12:28:01,3.0.3.82,Keyboard,A,Keyboard,-999999,16,14001,0,1,1,1,1,BlockProc,BlockList,28,222,,,1,0.933333333,423.2142857,1500,0.964285714,386.7777778,TrialProc,TrialList,flankerIL.jpg,1,1,Keyboard,2,7,121136,160,1,440,121576,11,1,28,Incon
FC,3,1,A,"<?xml version=""1.0""?>\n<Clock xmlns:dt=""urn:schemas-microsoft-com:datatypes""><Description dt:dt=""string"">E-Prime Primary Realtime Clock</Description><StartTime><Timestamp dt:dt=""int"">0</Timestamp><DateUtc dt:dt=""string"">2021-08-28T17:28:01Z</DateUtc></StartTime><FrequencyChanges><FrequencyChange><Frequency dt:dt=""r8"">10000000</Frequency><Timestamp dt:dt=""r8"">18919191178659</Timestamp><Current dt:dt=""r8"">0</Current><DateUtc dt:dt=""string"">2021-08-28T17:28:01Z</DateUtc></FrequencyChange></FrequencyChanges></Clock>\n",S,SL003_FCS7AA,7,1.0.0.262,1,143.965,-136737869,Full,3.0.3.80,3.0.3.80,8/28/21,8/28/21 17:28,12:28:01,3.0.3.82,Keyboard,A,Keyboard,-999999,16,14001,0,1,1,1,1,BlockProc,BlockList,29,222,,,1,0.9375,430.4666667,1500,0.965517241,391.9642857,TrialProc,TrialList,flankerIL.jpg,1,1,Keyboard,2,7,122803,159,1,532,123335,11,1,29,Incon
FC,3,1,A,"<?xml version=""1.0""?>\n<Clock xmlns:dt=""urn:schemas-microsoft-com:datatypes""><Description dt:dt=""string"">E-Prime Primary Realtime Clock</Description><StartTime><Timestamp dt:dt=""int"">0</Timestamp><DateUtc dt:dt=""string"">2021-08-28T17:28:01Z</DateUtc></StartTime><FrequencyChanges><FrequencyChange><Frequency dt:dt=""r8"">10000000</Frequency><Timestamp dt:dt=""r8"">18919191178659</Timestamp><Current dt:dt=""r8"">0</Current><DateUtc dt:dt=""string"">2021-08-28T17:28:01Z</DateUtc></FrequencyChange></FrequencyChanges></Clock>\n",S,SL003_FCS7AA,7,1.0.0.262,1,143.965,-136737869,Full,3.0.3.80,3.0.3.80,8/28/21,8/28/21 17:28,12:28:01,3.0.3.82,Keyboard,A,Keyboard,-999999,16,14001,0,1,1,1,1,BlockProc,BlockList,30,111,1,349.5,4,,,1302,0.966666667,391.3793103,TrialProc,TrialList,flankerCR.jpg,1,4,Keyboard,2,7,124469,160,4,375,124844,1,1,30,Cong
FC,3,1,A,"<?xml version=""1.0""?>\n<Clock xmlns:dt=""urn:schemas-microsoft-com:datatypes""><Description dt:dt=""string"">E-Prime Primary Realtime Clock</Description><StartTime><Timestamp dt:dt=""int"">0</Timestamp><DateUtc dt:dt=""string"">2021-08-28T17:28:01Z</DateUtc></StartTime><FrequencyChanges><FrequencyChange><Frequency dt:dt=""r8"">10000000</Frequency><Timestamp dt:dt=""r8"">18919191178659</Timestamp><Current dt:dt=""r8"">0</Current><DateUtc dt:dt=""string"">2021-08-28T17:28:01Z</DateUtc></FrequencyChange></FrequencyChanges></Clock>\n",S,SL003_FCS7AA,7,1.0.0.262,1,143.965,-136737869,Full,3.0.3.80,3.0.3.80,8/28/21,8/28/21 17:28,12:28:01,3.0.3.82,Keyboard,A,Keyboard,-999999,16,14001,0,1,1,1,1,BlockProc,BlockList,31,223,,,1,0.941176471,428.5625,1698,0.967741935,391.6666667,TrialProc,TrialList,flankerIL.jpg,1,1,Keyboard,3,10,125941,160,1,400,126341,12,1,31,Incon
FC,3,1,A,"<?xml version=""1.0""?>\n<Clock xmlns:dt=""urn:schemas-microsoft-com:datatypes""><Description dt:dt=""string"">E-Prime Primary Realtime Clock</Description><StartTime><Timestamp dt:dt=""int"">0</Timestamp><DateUtc dt:dt=""string"">2021-08-28T17:28:01Z</DateUtc></StartTime><FrequencyChanges><FrequencyChange><Frequency dt:dt=""r8"">10000000</Frequency><Timestamp dt:dt=""r8"">18919191178659</Timestamp><Current dt:dt=""r8"">0</Current><DateUtc dt:dt=""string"">2021-08-28T17:28:01Z</DateUtc></FrequencyChange></FrequencyChanges></Clock>\n",S,SL003_FCS7AA,7,1.0.0.262,1,143.965,-136737869,Full,3.0.3.80,3.0.3.80,8/28/21,8/28/21 17:28,12:28:01,3.0.3.82,Keyboard,A,Keyboard,-999999,16,14001,0,1,1,1,1,BlockProc,BlockList,32,211,,,4,0.944444444,427.9411765,1302,0.96875,392.516129,TrialProc,TrialList,flankerIR.jpg,1,4,Keyboard,4,10,127809,160,4,418,128227,7,1,32,Incon
FC,3,1,A,"<?xml version=""1.0""?>\n<Clock xmlns:dt=""urn:schemas-microsoft-com:datatypes""><Description dt:dt=""string"">E-Prime Primary Realtime Clock</Description><StartTime><Timestamp dt:dt=""int"">0</Timestamp><DateUtc dt:dt=""string"">2021-08-28T17:28:01Z</DateUtc></StartTime><FrequencyChanges><FrequencyChange><Frequency dt:dt=""r8"">10000000</Frequency><Timestamp dt:dt=""r8"">18919191178659</Timestamp><Current dt:dt=""r8"">0</Current><DateUtc dt:dt=""string"">2021-08-28T17:28:01Z</DateUtc></FrequencyChange></FrequencyChanges></Clock>\n",S,SL003_FCS7AA,7,1.0.0.262,1,143.965,-136737869,Full,3.0.3.80,3.0.3.80,8/28/21,8/28/21 17:28,12:28:01,3.0.3.82,Keyboard,A,Keyboard,-999999,16,14001,0,1,1,1,1,BlockProc,BlockList,33,223,,,1,0.947368421,431.8888889,1698,0.96969697,395.84375,TrialProc,TrialList,flankerIL.jpg,1,1,Keyboard,2,11,129282,159,1,499,129781,12,1,33,Incon
FC,3,1,A,"<?xml version=""1.0""?>\n<Clock xmlns:dt=""urn:schemas-microsoft-com:datatypes""><Description dt:dt=""string"">E-Prime Primary Realtime Clock</Description><StartTime><Timestamp dt:dt=""int"">0</Timestamp><DateUtc dt:dt=""string"">2021-08-28T17:28:01Z</DateUtc></StartTime><FrequencyChanges><FrequencyChange><Frequency dt:dt=""r8"">10000000</Frequency><Timestamp dt:dt=""r8"">18919191178659</Timestamp><Current dt:dt=""r8"">0</Current><DateUtc dt:dt=""string"">2021-08-28T17:28:01Z</DateUtc></FrequencyChange></FrequencyChanges></Clock>\n",S,SL003_FCS7AA,7,1.0.0.262,1,143.965,-136737869,Full,3.0.3.80,3.0.3.80,8/28/21,8/28/21 17:28,12:28:01,3.0.3.82,Keyboard,A,Keyboard,-999999,16,14001,0,1,1,1,1,BlockProc,BlockList,34,213,,,4,0.95,429.3684211,1698,0.970588235,395.4848485,TrialProc,TrialList,flankerIR.jpg,1,4,Keyboard,2,11,131150,152,4,384,131534,9,1,34,Incon
FC,3,1,A,"<?xml version=""1.0""?>\n<Clock xmlns:dt=""urn:schemas-microsoft-com:datatypes""><Description dt:dt=""string"">E-Prime Primary Realtime Clock</Description><StartTime><Timestamp dt:dt=""int"">0</Timestamp><DateUtc dt:dt=""string"">2021-08-28T17:28:01Z</DateUtc></StartTime><FrequencyChanges><FrequencyChange><Frequency dt:dt=""r8"">10000000</Frequency><Timestamp dt:dt=""r8"">18919191178659</Timestamp><Current dt:dt=""r8"">0</Current><DateUtc dt:dt=""string"">2021-08-28T17:28:01Z</DateUtc></FrequencyChange></FrequencyChanges></Clock>\n",S,SL003_FCS7AA,7,1.0.0.262,1,143.965,-136737869,Full,3.0.3.80,3.0.3.80,8/28/21,8/28/21 17:28,12:28:01,3.0.3.82,Keyboard,A,Keyboard,-999999,16,14001,0,1,1,1,1,BlockProc,BlockList,35,111,1,350.2,4,,,1302,0.971428571,394.4411765,TrialProc,TrialList,flankerCR.jpg,1,4,Keyboard,2,11,133011,159,4,360,133371,1,1,35,Cong
FC,3,1,A,"<?xml version=""1.0""?>\n<Clock xmlns:dt=""urn:schemas-microsoft-com:datatypes""><Description dt:dt=""string"">E-Prime Primary Realtime Clock</Description><StartTime><Timestamp dt:dt=""int"">0</Timestamp><DateUtc dt:dt=""string"">2021-08-28T17:28:01Z</DateUtc></StartTime><FrequencyChanges><FrequencyChange><Frequency dt:dt=""r8"">10000000</Frequency><Timestamp dt:dt=""r8"">18919191178659</Timestamp><Current dt:dt=""r8"">0</Current><DateUtc dt:dt=""string"">2021-08-28T17:28:01Z</DateUtc></FrequencyChange></FrequencyChanges></Clock>\n",S,SL003_FCS7AA,7,1.0.0.262,1,143.965,-136737869,Full,3.0.3.80,3.0.3.80,8/28/21,8/28/21 17:28,12:28:01,3.0.3.82,Keyboard,A,Keyboard,-999999,16,14001,0,1,1,1,1,BlockProc,BlockList,36,222,,,1,0.952380952,427.35,1500,0.972222222,394.2857143,TrialProc,TrialList,flankerIL.jpg,1,1,Keyboard,2,11,134483,159,1,389,134872,11,1,36,Incon
FC,3,1,A,"<?xml version=""1.0""?>\n<Clock xmlns:dt=""urn:schemas-microsoft-com:datatypes""><Description dt:dt=""string"">E-Prime Primary Realtime Clock</Description><StartTime><Timestamp dt:dt=""int"">0</Timestamp><DateUtc dt:dt=""string"">2021-08-28T17:28:01Z</DateUtc></StartTime><FrequencyChanges><FrequencyChange><Frequency dt:dt=""r8"">10000000</Frequency><Timestamp dt:dt=""r8"">18919191178659</Timestamp><Current dt:dt=""r8"">0</Current><DateUtc dt:dt=""string"">2021-08-28T17:28:01Z</DateUtc></FrequencyChange></FrequencyChanges></Clock>\n",S,SL003_FCS7AA,7,1.0.0.262,1,143.965,-136737869,Full,3.0.3.80,3.0.3.80,8/28/21,8/28/21 17:28,12:28:01,3.0.3.82,Keyboard,A,Keyboard,-999999,16,14001,0,1,1,1,1,BlockProc,BlockList,37,112,1,348.5,4,,,1500,0.972972973,392.3055556,TrialProc,TrialList,flankerCR.jpg,1,4,Keyboard,3,7,136149,160,4,323,136472,2,1,37,Cong
FC,3,1,A,"<?xml version=""1.0""?>\n<Clock xmlns:dt=""urn:schemas-microsoft-com:datatypes""><Description dt:dt=""string"">E-Prime Primary Realtime Clock</Description><StartTime><Timestamp dt:dt=""int"">0</Timestamp><DateUtc dt:dt=""string"">2021-08-28T17:28:01Z</DateUtc></StartTime><FrequencyChanges><FrequencyChange><Frequency dt:dt=""r8"">10000000</Frequency><Timestamp dt:dt=""r8"">18919191178659</Timestamp><Current dt:dt=""r8"">0</Current><DateUtc dt:dt=""string"">2021-08-28T17:28:01Z</DateUtc></FrequencyChange></FrequencyChanges></Clock>\n",S,SL003_FCS7AA,7,1.0.0.262,1,143.965,-136737869,Full,3.0.3.80,3.0.3.80,8/28/21,8/28/21 17:28,12:28:01,3.0.3.82,Keyboard,A,Keyboard,-999999,16,14001,0,1,1,1,1,BlockProc,BlockList,38,221,,,1,0.954545455,426.1428571,1302,0.973684211,392.5675676,TrialProc,TrialList,flankerIL.jpg,1,1,Keyboard,2,7,137816,160,1,402,138218,10,1,38,Incon
FC,3,1,A,"<?xml version=""1.0""?>\n<Clock xmlns:dt=""urn:schemas-microsoft-com:datatypes""><Description dt:dt=""string"">E-Prime Primary Realtime Clock</Description><StartTime><Timestamp dt:dt=""int"">0</Timestamp><DateUtc dt:dt=""string"">2021-08-28T17:28:01Z</DateUtc></StartTime><FrequencyChanges><FrequencyChange><Frequency dt:dt=""r8"">10000000</Frequency><Timestamp dt:dt=""r8"">18919191178659</Timestamp><Current dt:dt=""r8"">0</Current><DateUtc dt:dt=""string"">2021-08-28T17:28:01Z</DateUtc></FrequencyChange></FrequencyChanges></Clock>\n",S,SL003_FCS7AA,7,1.0.0.262,1,143.965,-136737869,Full,3.0.3.80,3.0.3.80,8/28/21,8/28/21 17:28,12:28:01,3.0.3.82,Keyboard,A,Keyboard,-999999,16,14001,0,1,1,1,1,BlockProc,BlockList,39,221,,,1,0.956521739,425.2272727,1302,0.974358974,392.9210526,TrialProc,TrialList,flankerIL.jpg,1,1,Keyboard,2,10,139288,153,1,406,139694,10,1,39,Incon
FC,3,1,A,"<?xml version=""1.0""?>\n<Clock xmlns:dt=""urn:schemas-microsoft-com:datatypes""><Description dt:dt=""string"">E-Prime Primary Realtime Clock</Description><StartTime><Timestamp dt:dt=""int"">0</Timestamp><DateUtc dt:dt=""string"">2021-08-28T17:28:01Z</DateUtc></StartTime><FrequencyChanges><FrequencyChange><Frequency dt:dt=""r8"">10000000</Frequency><Timestamp dt:dt=""r8"">18919191178659</Timestamp><Current dt:dt=""r8"">0</Current><DateUtc dt:dt=""string"">2021-08-28T17:28:01Z</DateUtc></FrequencyChange></FrequencyChanges></Clock>\n",S,SL003_FCS7AA,7,1.0.0.262,1,143.965,-136737869,Full,3.0.3.80,3.0.3.80,8/28/21,8/28/21 17:28,12:28:01,3.0.3.82,Keyboard,A,Keyboard,-999999,16,14001,0,1,1,1,1,BlockProc,BlockList,40,222,,,1,0.958333333,423.0434783,1500,0.975,392.4615385,TrialProc,TrialList,flankerIL.jpg,1,1,Keyboard,3,10,140753,160,1,375,141128,11,1,40,Incon
FC,3,1,A,"<?xml version=""1.0""?>\n<Clock xmlns:dt=""urn:schemas-microsoft-com:datatypes""><Description dt:dt=""string"">E-Prime Primary Realtime Clock</Description><StartTime><Timestamp dt:dt=""int"">0</Timestamp><DateUtc dt:dt=""string"">2021-08-28T17:28:01Z</DateUtc></StartTime><FrequencyChanges><FrequencyChange><Frequency dt:dt=""r8"">10000000</Frequency><Timestamp dt:dt=""r8"">18919191178659</Timestamp><Current dt:dt=""r8"">0</Current><DateUtc dt:dt=""string"">2021-08-28T17:28:01Z</DateUtc></FrequencyChange></FrequencyChanges></Clock>\n",S,SL003_FCS7AA,7,1.0.0.262,1,143.965,-136737869,Full,3.0.3.80,3.0.3.80,8/28/21,8/28/21 17:28,12:28:01,3.0.3.82,Keyboard,A,Keyboard,-999999,16,14001,0,1,1,1,1,BlockProc,BlockList,41,112,1,348.8823529,4,,,1500,0.975609756,391.525,TrialProc,TrialList,flankerCR.jpg,1,4,Keyboard,2,7,142420,160,4,355,142775,2,1,41,Cong
FC,3,1,A,"<?xml version=""1.0""?>\n<Clock xmlns:dt=""urn:schemas-microsoft-com:datatypes""><Description dt:dt=""string"">E-Prime Primary Realtime Clock</Description><StartTime><Timestamp dt:dt=""int"">0</Timestamp><DateUtc dt:dt=""string"">2021-08-28T17:28:01Z</DateUtc></StartTime><FrequencyChanges><FrequencyChange><Frequency dt:dt=""r8"">10000000</Frequency><Timestamp dt:dt=""r8"">18919191178659</Timestamp><Current dt:dt=""r8"">0</Current><DateUtc dt:dt=""string"">2021-08-28T17:28:01Z</DateUtc></FrequencyChange></FrequencyChanges></Clock>\n",S,SL003_FCS7AA,7,1.0.0.262,1,143.965,-136737869,Full,3.0.3.80,3.0.3.80,8/28/21,8/28/21 17:28,12:28:01,3.0.3.82,Keyboard,A,Keyboard,-999999,16,14001,0,1,1,1,1,BlockProc,BlockList,42,223,,,1,0.96,420.2916667,1698,0.976190476,390.6829268,TrialProc,TrialList,flankerIL.jpg,1,1,Keyboard,2,7,144087,159,1,357,144444,12,1,42,Incon
FC,3,1,A,"<?xml version=""1.0""?>\n<Clock xmlns:dt=""urn:schemas-microsoft-com:datatypes""><Description dt:dt=""string"">E-Prime Primary Realtime Clock</Description><StartTime><Timestamp dt:dt=""int"">0</Timestamp><DateUtc dt:dt=""string"">2021-08-28T17:28:01Z</DateUtc></StartTime><FrequencyChanges><FrequencyChange><Frequency dt:dt=""r8"">10000000</Frequency><Timestamp dt:dt=""r8"">18919191178659</Timestamp><Current dt:dt=""r8"">0</Current><DateUtc dt:dt=""string"">2021-08-28T17:28:01Z</DateUtc></FrequencyChange></FrequencyChanges></Clock>\n",S,SL003_FCS7AA,7,1.0.0.262,1,143.965,-136737869,Full,3.0.3.80,3.0.3.80,8/28/21,8/28/21 17:28,12:28:01,3.0.3.82,Keyboard,A,Keyboard,-999999,16,14001,0,1,1,1,1,BlockProc,BlockList,43,213,,,4,0.961538462,418.6,1698,0.976744186,390.3809524,TrialProc,TrialList,flankerIR.jpg,1,4,Keyboard,2,11,145955,159,4,378,146333,9,1,43,Incon
FC,3,1,A,"<?xml version=""1.0""?>\n<Clock xmlns:dt=""urn:schemas-microsoft-com:datatypes""><Description dt:dt=""string"">E-Prime Primary Realtime Clock</Description><StartTime><Timestamp dt:dt=""int"">0</Timestamp><DateUtc dt:dt=""string"">2021-08-28T17:28:01Z</DateUtc></StartTime><FrequencyChanges><FrequencyChange><Frequency dt:dt=""r8"">10000000</Frequency><Timestamp dt:dt=""r8"">18919191178659</Timestamp><Current dt:dt=""r8"">0</Current><DateUtc dt:dt=""string"">2021-08-28T17:28:01Z</DateUtc></FrequencyChange></FrequencyChanges></Clock>\n",S,SL003_FCS7AA,7,1.0.0.262,1,143.965,-136737869,Full,3.0.3.80,3.0.3.80,8/28/21,8/28/21 17:28,12:28:01,3.0.3.82,Keyboard,A,Keyboard,-999999,16,14001,0,1,1,1,1,BlockProc,BlockList,44,111,1,344.1666667,4,,,1302,0.977272727,387.4418605,TrialProc,TrialList,flankerCR.jpg,1,4,Keyboard,2,11,147823,159,4,264,148087,1,1,44,Cong
FC,3,1,A,"<?xml version=""1.0""?>\n<Clock xmlns:dt=""urn:schemas-microsoft-com:datatypes""><Description dt:dt=""string"">E-Prime Primary Realtime Clock</Description><StartTime><Timestamp dt:dt=""int"">0</Timestamp><DateUtc dt:dt=""string"">2021-08-28T17:28:01Z</DateUtc></StartTime><FrequencyChanges><FrequencyChange><Frequency dt:dt=""r8"">10000000</Frequency><Timestamp dt:dt=""r8"">18919191178659</Timestamp><Current dt:dt=""r8"">0</Current><DateUtc dt:dt=""string"">2021-08-28T17:28:01Z</DateUtc></FrequencyChange></FrequencyChanges></Clock>\n",S,SL003_FCS7AA,7,1.0.0.262,1,143.965,-136737869,Full,3.0.3.80,3.0.3.80,8/28/21,8/28/21 17:28,12:28:01,3.0.3.82,Keyboard,A,Keyboard,-999999,16,14001,0,1,1,1,1,BlockProc,BlockList,45,123,1,344.6842105,1,,,1698,0.977777778,386.6818182,TrialProc,TrialList,flankerCL.jpg,1,1,Keyboard,2,11,149295,159,1,354,149649,6,1,45,Cong
FC,3,1,A,"<?xml version=""1.0""?>\n<Clock xmlns:dt=""urn:schemas-microsoft-com:datatypes""><Description dt:dt=""string"">E-Prime Primary Realtime Clock</Description><StartTime><Timestamp dt:dt=""int"">0</Timestamp><DateUtc dt:dt=""string"">2021-08-28T17:28:01Z</DateUtc></StartTime><FrequencyChanges><FrequencyChange><Frequency dt:dt=""r8"">10000000</Frequency><Timestamp dt:dt=""r8"">18919191178659</Timestamp><Current dt:dt=""r8"">0</Current><DateUtc dt:dt=""string"">2021-08-28T17:28:01Z</DateUtc></FrequencyChange></FrequencyChanges></Clock>\n",S,SL003_FCS7AA,7,1.0.0.262,1,143.965,-136737869,Full,3.0.3.80,3.0.3.80,8/28/21,8/28/21 17:28,12:28:01,3.0.3.82,Keyboard,A,Keyboard,-999999,16,14001,0,1,1,1,1,BlockProc,BlockList,46,121,1,341.35,1,,,1302,0.97826087,384.2666667,TrialProc,TrialList,flankerCL.jpg,1,1,Keyboard,2,11,151163,153,1,278,151441,4,1,46,Cong
FC,3,1,A,"<?xml version=""1.0""?>\n<Clock xmlns:dt=""urn:schemas-microsoft-com:datatypes""><Description dt:dt=""string"">E-Prime Primary Realtime Clock</Description><StartTime><Timestamp dt:dt=""int"">0</Timestamp><DateUtc dt:dt=""string"">2021-08-28T17:28:01Z</DateUtc></StartTime><FrequencyChanges><FrequencyChange><Frequency dt:dt=""r8"">10000000</Frequency><Timestamp dt:dt=""r8"">18919191178659</Timestamp><Current dt:dt=""r8"">0</Current><DateUtc dt:dt=""string"">2021-08-28T17:28:01Z</DateUtc></FrequencyChange></FrequencyChanges></Clock>\n",S,SL003_FCS7AA,7,1.0.0.262,1,143.965,-136737869,Full,3.0.3.80,3.0.3.80,8/28/21,8/28/21 17:28,12:28:01,3.0.3.82,Keyboard,A,Keyboard,-999999,16,14001,0,1,1,1,1,BlockProc,BlockList,47,121,1,339.9047619,1,,,1302,0.978723404,382.673913,TrialProc,TrialList,flankerCL.jpg,1,1,Keyboard,2,10,152628,160,1,311,152939,4,1,47,Cong
FC,3,1,A,"<?xml version=""1.0""?>\n<Clock xmlns:dt=""urn:schemas-microsoft-com:datatypes""><Description dt:dt=""string"">E-Prime Primary Realtime Clock</Description><StartTime><Timestamp dt:dt=""int"">0</Timestamp><DateUtc dt:dt=""string"">2021-08-28T17:28:01Z</DateUtc></StartTime><FrequencyChanges><FrequencyChange><Frequency dt:dt=""r8"">10000000</Frequency><Timestamp dt:dt=""r8"">18919191178659</Timestamp><Current dt:dt=""r8"">0</Current><DateUtc dt:dt=""string"">2021-08-28T17:28:01Z</DateUtc></FrequencyChange></FrequencyChanges></Clock>\n",S,SL003_FCS7AA,7,1.0.0.262,1,143.965,-136737869,Full,3.0.3.80,3.0.3.80,8/28/21,8/28/21 17:28,12:28:01,3.0.3.82,Keyboard,A,Keyboard,-999999,16,14001,0,1,1,1,1,BlockProc,BlockList,48,121,1,337.3636364,1,,,1302,0.979166667,380.5744681,TrialProc,TrialList,flankerCL.jpg,1,1,Keyboard,2,10,154100,160,1,284,154384,4,1,48,Cong
FC,3,1,A,"<?xml version=""1.0""?>\n<Clock xmlns:dt=""urn:schemas-microsoft-com:datatypes""><Description dt:dt=""string"">E-Prime Primary Realtime Clock</Description><StartTime><Timestamp dt:dt=""int"">0</Timestamp><DateUtc dt:dt=""string"">2021-08-28T17:28:01Z</DateUtc></StartTime><FrequencyChanges><FrequencyChange><Frequency dt:dt=""r8"">10000000</Frequency><Timestamp dt:dt=""r8"">18919191178659</Timestamp><Current dt:dt=""r8"">0</Current><DateUtc dt:dt=""string"">2021-08-28T17:28:01Z</DateUtc></FrequencyChange></FrequencyChanges></Clock>\n",S,SL003_FCS7AA,7,1.0.0.262,1,143.965,-136737869,Full,3.0.3.80,3.0.3.80,8/28/21,8/28/21 17:28,12:28:01,3.0.3.82,Keyboard,A,Keyboard,-999999,16,14001,0,1,1,1,1,BlockProc,BlockList,49,121,1,334.5217391,1,,,1302,0.979591837,378.3125,TrialProc,TrialList,flankerCL.jpg,1,1,Keyboard,3,10,155572,160,1,272,155844,4,1,49,Cong
FC,3,1,A,"<?xml version=""1.0""?>\n<Clock xmlns:dt=""urn:schemas-microsoft-com:datatypes""><Description dt:dt=""string"">E-Prime Primary Realtime Clock</Description><StartTime><Timestamp dt:dt=""int"">0</Timestamp><DateUtc dt:dt=""string"">2021-08-28T17:28:01Z</DateUtc></StartTime><FrequencyChanges><FrequencyChange><Frequency dt:dt=""r8"">10000000</Frequency><Timestamp dt:dt=""r8"">18919191178659</Timestamp><Current dt:dt=""r8"">0</Current><DateUtc dt:dt=""string"">2021-08-28T17:28:01Z</DateUtc></FrequencyChange></FrequencyChanges></Clock>\n",S,SL003_FCS7AA,7,1.0.0.262,1,143.965,-136737869,Full,3.0.3.80,3.0.3.80,8/28/21,8/28/21 17:28,12:28:01,3.0.3.82,Keyboard,A,Keyboard,-999999,16,14001,0,1,1,1,1,BlockProc,BlockList,50,123,1,330.9166667,1,,,1698,0.98,375.6530612,TrialProc,TrialList,flankerCL.jpg,1,1,Keyboard,3,10,157044,160,1,248,157292,6,1,50,Cong
FC,3,1,A,"<?xml version=""1.0""?>\n<Clock xmlns:dt=""urn:schemas-microsoft-com:datatypes""><Description dt:dt=""string"">E-Prime Primary Realtime Clock</Description><StartTime><Timestamp dt:dt=""int"">0</Timestamp><DateUtc dt:dt=""string"">2021-08-28T17:28:01Z</DateUtc></StartTime><FrequencyChanges><FrequencyChange><Frequency dt:dt=""r8"">10000000</Frequency><Timestamp dt:dt=""r8"">18919191178659</Timestamp><Current dt:dt=""r8"">0</Current><DateUtc dt:dt=""string"">2021-08-28T17:28:01Z</DateUtc></FrequencyChange></FrequencyChanges></Clock>\n",S,SL003_FCS7AA,7,1.0.0.262,1,143.965,-136737869,Full,3.0.3.80,3.0.3.80,8/28/21,8/28/21 17:28,12:28:01,3.0.3.82,Keyboard,A,Keyboard,-999999,16,14001,0,1,1,1,1,BlockProc,BlockList,51,122,1,327.92,1,,,1500,0.980392157,373.26,TrialProc,TrialList,flankerCL.jpg,1,1,Keyboard,3,10,158912,160,1,256,159168,5,1,51,Cong
FC,3,1,A,"<?xml version=""1.0""?>\n<Clock xmlns:dt=""urn:schemas-microsoft-com:datatypes""><Description dt:dt=""string"">E-Prime Primary Realtime Clock</Description><StartTime><Timestamp dt:dt=""int"">0</Timestamp><DateUtc dt:dt=""string"">2021-08-28T17:28:01Z</DateUtc></StartTime><FrequencyChanges><FrequencyChange><Frequency dt:dt=""r8"">10000000</Frequency><Timestamp dt:dt=""r8"">18919191178659</Timestamp><Current dt:dt=""r8"">0</Current><DateUtc dt:dt=""string"">2021-08-28T17:28:01Z</DateUtc></FrequencyChange></FrequencyChanges></Clock>\n",S,SL003_FCS7AA,7,1.0.0.262,1,143.965,-136737869,Full,3.0.3.80,3.0.3.80,8/28/21,8/28/21 17:28,12:28:01,3.0.3.82,Keyboard,A,Keyboard,-999999,16,14001,0,1,1,1,1,BlockProc,BlockList,52,211,,,4,0.925925926,,1302,0.961538462,,TrialProc,TrialList,flankerIR.jpg,0,4,Keyboard,2,7,160579,160,1,213,160792,7,1,52,Incon
FC,3,1,A,"<?xml version=""1.0""?>\n<Clock xmlns:dt=""urn:schemas-microsoft-com:datatypes""><Description dt:dt=""string"">E-Prime Primary Realtime Clock</Description><StartTime><Timestamp dt:dt=""int"">0</Timestamp><DateUtc dt:dt=""string"">2021-08-28T17:28:01Z</DateUtc></StartTime><FrequencyChanges><FrequencyChange><Frequency dt:dt=""r8"">10000000</Frequency><Timestamp dt:dt=""r8"">18919191178659</Timestamp><Current dt:dt=""r8"">0</Current><DateUtc dt:dt=""string"">2021-08-28T17:28:01Z</DateUtc></FrequencyChange></FrequencyChanges></Clock>\n",S,SL003_FCS7AA,7,1.0.0.262,1,143.965,-136737869,Full,3.0.3.80,3.0.3.80,8/28/21,8/28/21 17:28,12:28:01,3.0.3.82,Keyboard,A,Keyboard,-999999,16,14001,0,1,1,1,1,BlockProc,BlockList,53,121,1,327.4230769,1,,,1302,0.962264151,372.1176471,TrialProc,TrialList,flankerCL.jpg,1,1,Keyboard,2,10,162051,160,1,315,162366,4,1,53,Cong
FC,3,1,A,"<?xml version=""1.0""?>\n<Clock xmlns:dt=""urn:schemas-microsoft-com:datatypes""><Description dt:dt=""string"">E-Prime Primary Realtime Clock</Description><StartTime><Timestamp dt:dt=""int"">0</Timestamp><DateUtc dt:dt=""string"">2021-08-28T17:28:01Z</DateUtc></StartTime><FrequencyChanges><FrequencyChange><Frequency dt:dt=""r8"">10000000</Frequency><Timestamp dt:dt=""r8"">18919191178659</Timestamp><Current dt:dt=""r8"">0</Current><DateUtc dt:dt=""string"">2021-08-28T17:28:01Z</DateUtc></FrequencyChange></FrequencyChanges></Clock>\n",S,SL003_FCS7AA,7,1.0.0.262,1,143.965,-136737869,Full,3.0.3.80,3.0.3.80,8/28/21,8/28/21 17:28,12:28:01,3.0.3.82,Keyboard,A,Keyboard,-999999,16,14001,0,1,1,1,1,BlockProc,BlockList,54,122,1,326.6666667,1,,,1500,0.962962963,370.8653846,TrialProc,TrialList,flankerCL.jpg,1,1,Keyboard,3,10,163523,160,1,307,163830,5,1,54,Cong
FC,3,1,A,"<?xml version=""1.0""?>\n<Clock xmlns:dt=""urn:schemas-microsoft-com:datatypes""><Description dt:dt=""string"">E-Prime Primary Realtime Clock</Description><StartTime><Timestamp dt:dt=""int"">0</Timestamp><DateUtc dt:dt=""string"">2021-08-28T17:28:01Z</DateUtc></StartTime><FrequencyChanges><FrequencyChange><Frequency dt:dt=""r8"">10000000</Frequency><Timestamp dt:dt=""r8"">18919191178659</Timestamp><Current dt:dt=""r8"">0</Current><DateUtc dt:dt=""string"">2021-08-28T17:28:01Z</DateUtc></FrequencyChange></FrequencyChanges></Clock>\n",S,SL003_FCS7AA,7,1.0.0.262,1,143.965,-136737869,Full,3.0.3.80,3.0.3.80,8/28/21,8/28/21 17:28,12:28:01,3.0.3.82,Keyboard,A,Keyboard,-999999,16,14001,0,1,1,1,1,BlockProc,BlockList,55,111,1,327.4285714,4,,,1302,0.963636364,370.4339623,TrialProc,TrialList,flankerCR.jpg,1,4,Keyboard,2,7,165190,160,4,348,165538,1,1,55,Cong
FC,3,1,A,"<?xml version=""1.0""?>\n<Clock xmlns:dt=""urn:schemas-microsoft-com:datatypes""><Description dt:dt=""string"">E-Prime Primary Realtime Clock</Description><StartTime><Timestamp dt:dt=""int"">0</Timestamp><DateUtc dt:dt=""string"">2021-08-28T17:28:01Z</DateUtc></StartTime><FrequencyChanges><FrequencyChange><Frequency dt:dt=""r8"">10000000</Frequency><Timestamp dt:dt=""r8"">18919191178659</Timestamp><Current dt:dt=""r8"">0</Current><DateUtc dt:dt=""string"">2021-08-28T17:28:01Z</DateUtc></FrequencyChange></FrequencyChanges></Clock>\n",S,SL003_FCS7AA,7,1.0.0.262,1,143.965,-136737869,Full,3.0.3.80,3.0.3.80,8/28/21,8/28/21 17:28,12:28:01,3.0.3.82,Keyboard,A,Keyboard,-999999,16,14001,0,1,1,1,1,BlockProc,BlockList,56,113,1,326.1034483,4,,,1698,0.964285714,368.9259259,TrialProc,TrialList,flankerCR.jpg,1,4,Keyboard,4,10,166662,160,4,289,166951,3,1,56,Cong
FC,3,1,A,"<?xml version=""1.0""?>\n<Clock xmlns:dt=""urn:schemas-microsoft-com:datatypes""><Description dt:dt=""string"">E-Prime Primary Realtime Clock</Description><StartTime><Timestamp dt:dt=""int"">0</Timestamp><DateUtc dt:dt=""string"">2021-08-28T17:28:01Z</DateUtc></StartTime><FrequencyChanges><FrequencyChange><Frequency dt:dt=""r8"">10000000</Frequency><Timestamp dt:dt=""r8"">18919191178659</Timestamp><Current dt:dt=""r8"">0</Current><DateUtc dt:dt=""string"">2021-08-28T17:28:01Z</DateUtc></FrequencyChange></FrequencyChanges></Clock>\n",S,SL003_FCS7AA,7,1.0.0.262,1,143.965,-136737869,Full,3.0.3.80,3.0.3.80,8/28/21,8/28/21 17:28,12:28:01,3.0.3.82,Keyboard,A,Keyboard,-999999,16,14001,0,1,1,1,1,BlockProc,BlockList,57,122,1,325.6333333,1,,,1500,0.964912281,367.8909091,TrialProc,TrialList,flankerCL.jpg,1,1,Keyboard,2,10,168530,160,1,312,168842,5,1,57,Cong
FC,3,1,A,"<?xml version=""1.0""?>\n<Clock xmlns:dt=""urn:schemas-microsoft-com:datatypes""><Description dt:dt=""string"">E-Prime Primary Realtime Clock</Description><StartTime><Timestamp dt:dt=""int"">0</Timestamp><DateUtc dt:dt=""string"">2021-08-28T17:28:01Z</DateUtc></StartTime><FrequencyChanges><FrequencyChange><Frequency dt:dt=""r8"">10000000</Frequency><Timestamp dt:dt=""r8"">18919191178659</Timestamp><Current dt:dt=""r8"">0</Current><DateUtc dt:dt=""string"">2021-08-28T17:28:01Z</DateUtc></FrequencyChange></FrequencyChanges></Clock>\n",S,SL003_FCS7AA,7,1.0.0.262,1,143.965,-136737869,Full,3.0.3.80,3.0.3.80,8/28/21,8/28/21 17:28,12:28:01,3.0.3.82,Keyboard,A,Keyboard,-999999,16,14001,0,1,1,1,1,BlockProc,BlockList,58,213,,,4,0.928571429,416.9230769,1698,0.965517241,368.0178571,TrialProc,TrialList,flankerIR.jpg,1,4,Keyboard,2,7,170197,160,4,375,170572,9,1,58,Incon
FC,3,1,A,"<?xml version=""1.0""?>\n<Clock xmlns:dt=""urn:schemas-microsoft-com:datatypes""><Description dt:dt=""string"">E-Prime Primary Realtime Clock</Description><StartTime><Timestamp dt:dt=""int"">0</Timestamp><DateUtc dt:dt=""string"">2021-08-28T17:28:01Z</DateUtc></StartTime><FrequencyChanges><FrequencyChange><Frequency dt:dt=""r8"">10000000</Frequency><Timestamp dt:dt=""r8"">18919191178659</Timestamp><Current dt:dt=""r8"">0</Current><DateUtc dt:dt=""string"">2021-08-28T17:28:01Z</DateUtc></FrequencyChange></FrequencyChanges></Clock>\n",S,SL003_FCS7AA,7,1.0.0.262,1,143.965,-136737869,Full,3.0.3.80,3.0.3.80,8/28/21,8/28/21 17:28,12:28:01,3.0.3.82,Keyboard,A,Keyboard,-999999,16,14001,0,1,1,1,1,BlockProc,BlockList,59,223,,,1,0.931034483,414.7407407,1698,0.966101695,367.8421053,TrialProc,TrialList,flankerIL.jpg,1,1,Keyboard,2,10,172065,159,1,358,172423,12,1,59,Incon
FC,3,1,A,"<?xml version=""1.0""?>\n<Clock xmlns:dt=""urn:schemas-microsoft-com:datatypes""><Description dt:dt=""string"">E-Prime Primary Realtime Clock</Description><StartTime><Timestamp dt:dt=""int"">0</Timestamp><DateUtc dt:dt=""string"">2021-08-28T17:28:01Z</DateUtc></StartTime><FrequencyChanges><FrequencyChange><Frequency dt:dt=""r8"">10000000</Frequency><Timestamp dt:dt=""r8"">18919191178659</Timestamp><Current dt:dt=""r8"">0</Current><DateUtc dt:dt=""string"">2021-08-28T17:28:01Z</DateUtc></FrequencyChange></FrequencyChanges></Clock>\n",S,SL003_FCS7AA,7,1.0.0.262,1,143.965,-136737869,Full,3.0.3.80,3.0.3.80,8/28/21,8/28/21 17:28,12:28:01,3.0.3.82,Keyboard,A,Keyboard,-999999,16,14001,0,1,1,1,1,BlockProc,BlockList,60,213,,,4,0.933333333,413,1698,0.966666667,367.8103448,TrialProc,TrialList,flankerIR.jpg,1,4,Keyboard,2,11,173933,153,4,366,174299,9,1,60,Incon
FC,3,1,A,"<?xml version=""1.0""?>\n<Clock xmlns:dt=""urn:schemas-microsoft-com:datatypes""><Description dt:dt=""string"">E-Prime Primary Realtime Clock</Description><StartTime><Timestamp dt:dt=""int"">0</Timestamp><DateUtc dt:dt=""string"">2021-08-28T17:28:01Z</DateUtc></StartTime><FrequencyChanges><FrequencyChange><Frequency dt:dt=""r8"">10000000</Frequency><Timestamp dt:dt=""r8"">18919191178659</Timestamp><Current dt:dt=""r8"">0</Current><DateUtc dt:dt=""string"">2021-08-28T17:28:01Z</DateUtc></FrequencyChange></FrequencyChanges></Clock>\n",S,SL003_FCS7AA,7,1.0.0.262,1,143.965,-136737869,Full,3.0.3.80,3.0.3.80,8/28/21,8/28/21 17:28,12:28:01,3.0.3.82,Keyboard,A,Keyboard,-999999,16,14001,0,1,1,1,1,BlockProc,BlockList,61,221,,,1,0.935483871,410.8275862,1302,0.967213115,367.5084746,TrialProc,TrialList,flankerIL.jpg,1,1,Keyboard,2,10,175794,160,1,350,176144,10,1,61,Incon
FC,3,1,A,"<?xml version=""1.0""?>\n<Clock xmlns:dt=""urn:schemas-microsoft-com:datatypes""><Description dt:dt=""string"">E-Prime Primary Realtime Clock</Description><StartTime><Timestamp dt:dt=""int"">0</Timestamp><DateUtc dt:dt=""string"">2021-08-28T17:28:01Z</DateUtc></StartTime><FrequencyChanges><FrequencyChange><Frequency dt:dt=""r8"">10000000</Frequency><Timestamp dt:dt=""r8"">18919191178659</Timestamp><Current dt:dt=""r8"">0</Current><DateUtc dt:dt=""string"">2021-08-28T17:28:01Z</DateUtc></FrequencyChange></FrequencyChanges></Clock>\n",S,SL003_FCS7AA,7,1.0.0.262,1,143.965,-136737869,Full,3.0.3.80,3.0.3.80,8/28/21,8/28/21 17:28,12:28:01,3.0.3.82,Keyboard,A,Keyboard,-999999,16,14001,0,1,1,1,1,BlockProc,BlockList,62,211,,,4,0.9375,410.1,1302,0.967741935,367.8666667,TrialProc,TrialList,flankerIR.jpg,1,4,Keyboard,2,10,177266,160,4,389,177655,7,1,62,Incon
FC,3,1,A,"<?xml version=""1.0""?>\n<Clock xmlns:dt=""urn:schemas-microsoft-com:datatypes""><Description dt:dt=""string"">E-Prime Primary Realtime Clock</Description><StartTime><Timestamp dt:dt=""int"">0</Timestamp><DateUtc dt:dt=""string"">2021-08-28T17:28:01Z</DateUtc></StartTime><FrequencyChanges><FrequencyChange><Frequency dt:dt=""r8"">10000000</Frequency><Timestamp dt:dt=""r8"">18919191178659</Timestamp><Current dt:dt=""r8"">0</Current><DateUtc dt:dt=""string"">2021-08-28T17:28:01Z</DateUtc></FrequencyChange></FrequencyChanges></Clock>\n",S,SL003_FCS7AA,7,1.0.0.262,1,143.965,-136737869,Full,3.0.3.80,3.0.3.80,8/28/21,8/28/21 17:28,12:28:01,3.0.3.82,Keyboard,A,Keyboard,-999999,16,14001,0,1,1,1,1,BlockProc,BlockList,63,113,1,325.6774194,4,,,1698,0.968253968,367.1967213,TrialProc,TrialList,flankerCR.jpg,1,4,Keyboard,2,10,178738,160,4,327,179065,3,1,63,Cong
FC,3,1,A,"<?xml version=""1.0""?>\n<Clock xmlns:dt=""urn:schemas-microsoft-com:datatypes""><Description dt:dt=""string"">E-Prime Primary Realtime Clock</Description><StartTime><Timestamp dt:dt=""int"">0</Timestamp><DateUtc dt:dt=""string"">2021-08-28T17:28:01Z</DateUtc></StartTime><FrequencyChanges><FrequencyChange><Frequency dt:dt=""r8"">10000000</Frequency><Timestamp dt:dt=""r8"">18919191178659</Timestamp><Current dt:dt=""r8"">0</Current><DateUtc dt:dt=""string"">2021-08-28T17:28:01Z</DateUtc></FrequencyChange></FrequencyChanges></Clock>\n",S,SL003_FCS7AA,7,1.0.0.262,1,143.965,-136737869,Full,3.0.3.80,3.0.3.80,8/28/21,8/28/21 17:28,12:28:01,3.0.3.82,Keyboard,A,Keyboard,-999999,16,14001,0,1,1,1,1,BlockProc,BlockList,64,223,,,1,0.939393939,412.6451613,1698,0.96875,369.1612903,TrialProc,TrialList,flankerIL.jpg,1,1,Keyboard,2,10,180606,160,1,489,181095,12,1,64,Incon
FC,3,1,A,"<?xml version=""1.0""?>\n<Clock xmlns:dt=""urn:schemas-microsoft-com:datatypes""><Description dt:dt=""string"">E-Prime Primary Realtime Clock</Description><StartTime><Timestamp dt:dt=""int"">0</Timestamp><DateUtc dt:dt=""string"">2021-08-28T17:28:01Z</DateUtc></StartTime><FrequencyChanges><FrequencyChange><Frequency dt:dt=""r8"">10000000</Frequency><Timestamp dt:dt=""r8"">18919191178659</Timestamp><Current dt:dt=""r8"">0</Current><DateUtc dt:dt=""string"">2021-08-28T17:28:01Z</DateUtc></FrequencyChange></FrequencyChanges></Clock>\n",S,SL003_FCS7AA,7,1.0.0.262,1,143.965,-136737869,Full,3.0.3.80,3.0.3.80,8/28/21,8/28/21 17:28,12:28:01,3.0.3.82,Keyboard,A,Keyboard,-999999,16,14001,0,1,1,1,1,BlockProc,BlockList,65,213,,,4,0.941176471,412.75,1698,0.969230769,369.9047619,TrialProc,TrialList,flankerIR.jpg,1,4,Keyboard,2,10,182474,160,4,416,182890,9,1,65,Incon
FC,3,1,A,"<?xml version=""1.0""?>\n<Clock xmlns:dt=""urn:schemas-microsoft-com:datatypes""><Description dt:dt=""string"">E-Prime Primary Realtime Clock</Description><StartTime><Timestamp dt:dt=""int"">0</Timestamp><DateUtc dt:dt=""string"">2021-08-28T17:28:01Z</DateUtc></StartTime><FrequencyChanges><FrequencyChange><Frequency dt:dt=""r8"">10000000</Frequency><Timestamp dt:dt=""r8"">18919191178659</Timestamp><Current dt:dt=""r8"">0</Current><DateUtc dt:dt=""string"">2021-08-28T17:28:01Z</DateUtc></FrequencyChange></FrequencyChanges></Clock>\n",S,SL003_FCS7AA,7,1.0.0.262,1,143.965,-136737869,Full,3.0.3.80,3.0.3.80,8/28/21,8/28/21 17:28,12:28:01,3.0.3.82,Keyboard,A,Keyboard,-999999,16,14001,0,1,1,1,1,BlockProc,BlockList,66,222,,,1,0.942857143,414.2121212,1500,0.96969697,371.328125,TrialProc,TrialList,flankerIL.jpg,1,1,Keyboard,2,10,184342,160,1,461,184803,11,1,66,Incon
FC,3,1,A,"<?xml version=""1.0""?>\n<Clock xmlns:dt=""urn:schemas-microsoft-com:datatypes""><Description dt:dt=""string"">E-Prime Primary Realtime Clock</Description><StartTime><Timestamp dt:dt=""int"">0</Timestamp><DateUtc dt:dt=""string"">2021-08-28T17:28:01Z</DateUtc></StartTime><FrequencyChanges><FrequencyChange><Frequency dt:dt=""r8"">10000000</Frequency><Timestamp dt:dt=""r8"">18919191178659</Timestamp><Current dt:dt=""r8"">0</Current><DateUtc dt:dt=""string"">2021-08-28T17:28:01Z</DateUtc></FrequencyChange></FrequencyChanges></Clock>\n",S,SL003_FCS7AA,7,1.0.0.262,1,143.965,-136737869,Full,3.0.3.80,3.0.3.80,8/28/21,8/28/21 17:28,12:28:01,3.0.3.82,Keyboard,A,Keyboard,-999999,16,14001,0,1,1,1,1,BlockProc,BlockList,67,112,1,325.65625,4,,,1500,0.970149254,370.6153846,TrialProc,TrialList,flankerCR.jpg,1,4,Keyboard,2,7,186009,159,4,325,186334,2,1,67,Cong
FC,3,1,A,"<?xml version=""1.0""?>\n<Clock xmlns:dt=""urn:schemas-microsoft-com:datatypes""><Description dt:dt=""string"">E-Prime Primary Realtime Clock</Description><StartTime><Timestamp dt:dt=""int"">0</Timestamp><DateUtc dt:dt=""string"">2021-08-28T17:28:01Z</DateUtc></StartTime><FrequencyChanges><FrequencyChange><Frequency dt:dt=""r8"">10000000</Frequency><Timestamp dt:dt=""r8"">18919191178659</Timestamp><Current dt:dt=""r8"">0</Current><DateUtc dt:dt=""string"">2021-08-28T17:28:01Z</DateUtc></FrequencyChange></FrequencyChanges></Clock>\n",S,SL003_FCS7AA,7,1.0.0.262,1,143.965,-136737869,Full,3.0.3.80,3.0.3.80,8/28/21,8/28/21 17:28,12:28:01,3.0.3.82,Keyboard,A,Keyboard,-999999,16,14001,0,1,1,1,1,BlockProc,BlockList,68,212,,,4,0.916666667,,1500,0.955882353,,TrialProc,TrialList,flankerIR.jpg,0,4,Keyboard,3,7,187675,153,1,398,188073,8,1,68,Incon
FC,3,1,A,"<?xml version=""1.0""?>\n<Clock xmlns:dt=""urn:schemas-microsoft-com:datatypes""><Description dt:dt=""string"">E-Prime Primary Realtime Clock</Description><StartTime><Timestamp dt:dt=""int"">0</Timestamp><DateUtc dt:dt=""string"">2021-08-28T17:28:01Z</DateUtc></StartTime><FrequencyChanges><FrequencyChange><Frequency dt:dt=""r8"">10000000</Frequency><Timestamp dt:dt=""r8"">18919191178659</Timestamp><Current dt:dt=""r8"">0</Current><DateUtc dt:dt=""string"">2021-08-28T17:28:01Z</DateUtc></FrequencyChange></FrequencyChanges></Clock>\n",S,SL003_FCS7AA,7,1.0.0.262,1,143.965,-136737869,Full,3.0.3.80,3.0.3.80,8/28/21,8/28/21 17:28,12:28:01,3.0.3.82,Keyboard,A,Keyboard,-999999,16,14001,0,1,1,1,1,BlockProc,BlockList,69,223,,,1,0.891891892,,1698,0.942028986,,TrialProc,TrialList,flankerIL.jpg,0,1,Keyboard,2,7,189335,160,4,346,189681,12,1,69,Incon
FC,3,1,A,"<?xml version=""1.0""?>\n<Clock xmlns:dt=""urn:schemas-microsoft-com:datatypes""><Description dt:dt=""string"">E-Prime Primary Realtime Clock</Description><StartTime><Timestamp dt:dt=""int"">0</Timestamp><DateUtc dt:dt=""string"">2021-08-28T17:28:01Z</DateUtc></StartTime><FrequencyChanges><FrequencyChange><Frequency dt:dt=""r8"">10000000</Frequency><Timestamp dt:dt=""r8"">18919191178659</Timestamp><Current dt:dt=""r8"">0</Current><DateUtc dt:dt=""string"">2021-08-28T17:28:01Z</DateUtc></FrequencyChange></FrequencyChanges></Clock>\n",S,SL003_FCS7AA,7,1.0.0.262,1,143.965,-136737869,Full,3.0.3.80,3.0.3.80,8/28/21,8/28/21 17:28,12:28:01,3.0.3.82,Keyboard,A,Keyboard,-999999,16,14001,0,1,1,1,1,BlockProc,BlockList,70,211,,,4,0.894736842,417.8235294,1302,0.942857143,373.1363636,TrialProc,TrialList,flankerIR.jpg,1,4,Keyboard,2,10,191203,153,4,537,191740,7,1,70,Incon
FC,3,1,A,"<?xml version=""1.0""?>\n<Clock xmlns:dt=""urn:schemas-microsoft-com:datatypes""><Description dt:dt=""string"">E-Prime Primary Realtime Clock</Description><StartTime><Timestamp dt:dt=""int"">0</Timestamp><DateUtc dt:dt=""string"">2021-08-28T17:28:01Z</DateUtc></StartTime><FrequencyChanges><FrequencyChange><Frequency dt:dt=""r8"">10000000</Frequency><Timestamp dt:dt=""r8"">18919191178659</Timestamp><Current dt:dt=""r8"">0</Current><DateUtc dt:dt=""string"">2021-08-28T17:28:01Z</DateUtc></FrequencyChange></FrequencyChanges></Clock>\n",S,SL003_FCS7AA,7,1.0.0.262,1,143.965,-136737869,Full,3.0.3.80,3.0.3.80,8/28/21,8/28/21 17:28,12:28:01,3.0.3.82,Keyboard,A,Keyboard,-999999,16,14001,0,1,1,1,1,BlockProc,BlockList,71,122,1,325.2424242,1,,,1500,0.943661972,372.2238806,TrialProc,TrialList,flankerCL.jpg,1,1,Keyboard,2,10,192668,160,1,312,192980,5,1,71,Cong
FC,3,1,A,"<?xml version=""1.0""?>\n<Clock xmlns:dt=""urn:schemas-microsoft-com:datatypes""><Description dt:dt=""string"">E-Prime Primary Realtime Clock</Description><StartTime><Timestamp dt:dt=""int"">0</Timestamp><DateUtc dt:dt=""string"">2021-08-28T17:28:01Z</DateUtc></StartTime><FrequencyChanges><FrequencyChange><Frequency dt:dt=""r8"">10000000</Frequency><Timestamp dt:dt=""r8"">18919191178659</Timestamp><Current dt:dt=""r8"">0</Current><DateUtc dt:dt=""string"">2021-08-28T17:28:01Z</DateUtc></FrequencyChange></FrequencyChanges></Clock>\n",S,SL003_FCS7AA,7,1.0.0.262,1,143.965,-136737869,Full,3.0.3.80,3.0.3.80,8/28/21,8/28/21 17:28,12:28:01,3.0.3.82,Keyboard,A,Keyboard,-999999,16,14001,0,1,1,1,1,BlockProc,BlockList,72,112,1,325.5882353,4,,,1500,0.944444444,371.7058824,TrialProc,TrialList,flankerCR.jpg,1,4,Keyboard,2,7,194335,153,4,337,194672,2,1,72,Cong
FC,3,1,A,"<?xml version=""1.0""?>\n<Clock xmlns:dt=""urn:schemas-microsoft-com:datatypes""><Description dt:dt=""string"">E-Prime Primary Realtime Clock</Description><StartTime><Timestamp dt:dt=""int"">0</Timestamp><DateUtc dt:dt=""string"">2021-08-28T17:28:01Z</DateUtc></StartTime><FrequencyChanges><FrequencyChange><Frequency dt:dt=""r8"">10000000</Frequency><Timestamp dt:dt=""r8"">18919191178659</Timestamp><Current dt:dt=""r8"">0</Current><DateUtc dt:dt=""string"">2021-08-28T17:28:01Z</DateUtc></FrequencyChange></FrequencyChanges></Clock>\n",S,SL003_FCS7AA,7,1.0.0.262,1,143.965,-136737869,Full,3.0.3.80,3.0.3.80,8/28/21,8/28/21 17:28,12:28:01,3.0.3.82,Keyboard,A,Keyboard,-999999,16,14001,0,1,1,1,1,BlockProc,BlockList,73,221,,,1,0.897435897,416.2857143,1302,0.945205479,371.5942029,TrialProc,TrialList,flankerIL.jpg,1,1,Keyboard,2,7,195995,152,1,364,196359,10,1,73,Incon
FC,3,1,A,"<?xml version=""1.0""?>\n<Clock xmlns:dt=""urn:schemas-microsoft-com:datatypes""><Description dt:dt=""string"">E-Prime Primary Realtime Clock</Description><StartTime><Timestamp dt:dt=""int"">0</Timestamp><DateUtc dt:dt=""string"">2021-08-28T17:28:01Z</DateUtc></StartTime><FrequencyChanges><FrequencyChange><Frequency dt:dt=""r8"">10000000</Frequency><Timestamp dt:dt=""r8"">18919191178659</Timestamp><Current dt:dt=""r8"">0</Current><DateUtc dt:dt=""string"">2021-08-28T17:28:01Z</DateUtc></FrequencyChange></FrequencyChanges></Clock>\n",S,SL003_FCS7AA,7,1.0.0.262,1,143.965,-136737869,Full,3.0.3.80,3.0.3.80,8/28/21,8/28/21 17:28,12:28:01,3.0.3.82,Keyboard,A,Keyboard,-999999,16,14001,0,1,1,1,1,BlockProc,BlockList,74,212,,,4,0.9,418.0555556,1500,0.945945946,373.1428571,TrialProc,TrialList,flankerIR.jpg,1,4,Keyboard,2,11,197460,153,4,480,197940,8,1,74,Incon
FC,3,1,A,"<?xml version=""1.0""?>\n<Clock xmlns:dt=""urn:schemas-microsoft-com:datatypes""><Description dt:dt=""string"">E-Prime Primary Realtime Clock</Description><StartTime><Timestamp dt:dt=""int"">0</Timestamp><DateUtc dt:dt=""string"">2021-08-28T17:28:01Z</DateUtc></StartTime><FrequencyChanges><FrequencyChange><Frequency dt:dt=""r8"">10000000</Frequency><Timestamp dt:dt=""r8"">18919191178659</Timestamp><Current dt:dt=""r8"">0</Current><DateUtc dt:dt=""string"">2021-08-28T17:28:01Z</DateUtc></FrequencyChange></FrequencyChanges></Clock>\n",S,SL003_FCS7AA,7,1.0.0.262,1,143.965,-136737869,Full,3.0.3.80,3.0.3.80,8/28/21,8/28/21 17:28,12:28:01,3.0.3.82,Keyboard,A,Keyboard,-999999,16,14001,0,1,1,1,1,BlockProc,BlockList,75,122,1,326.8,1,,,1500,0.946666667,373.0704225,TrialProc,TrialList,flankerCL.jpg,1,1,Keyboard,3,6,199119,160,1,368,199487,5,1,75,Cong
FC,3,1,A,"<?xml version=""1.0""?>\n<Clock xmlns:dt=""urn:schemas-microsoft-com:datatypes""><Description dt:dt=""string"">E-Prime Primary Realtime Clock</Description><StartTime><Timestamp dt:dt=""int"">0</Timestamp><DateUtc dt:dt=""string"">2021-08-28T17:28:01Z</DateUtc></StartTime><FrequencyChanges><FrequencyChange><Frequency dt:dt=""r8"">10000000</Frequency><Timestamp dt:dt=""r8"">18919191178659</Timestamp><Current dt:dt=""r8"">0</Current><DateUtc dt:dt=""string"">2021-08-28T17:28:01Z</DateUtc></FrequencyChange></FrequencyChanges></Clock>\n",S,SL003_FCS7AA,7,1.0.0.262,1,143.965,-136737869,Full,3.0.3.80,3.0.3.80,8/28/21,8/28/21 17:28,12:28:01,3.0.3.82,Keyboard,A,Keyboard,-999999,16,14001,0,1,1,1,1,BlockProc,BlockList,76,111,1,327.3333333,4,,,1302,0.947368421,372.6944444,TrialProc,TrialList,flankerCR.jpg,1,4,Keyboard,2,7,200786,160,4,346,201132,1,1,76,Cong
FC,3,1,A,"<?xml version=""1.0""?>\n<Clock xmlns:dt=""urn:schemas-microsoft-com:datatypes""><Description dt:dt=""string"">E-Prime Primary Realtime Clock</Description><StartTime><Timestamp dt:dt=""int"">0</Timestamp><DateUtc dt:dt=""string"">2021-08-28T17:28:01Z</DateUtc></StartTime><FrequencyChanges><FrequencyChange><Frequency dt:dt=""r8"">10000000</Frequency><Timestamp dt:dt=""r8"">18919191178659</Timestamp><Current dt:dt=""r8"">0</Current><DateUtc dt:dt=""string"">2021-08-28T17:28:01Z</DateUtc></FrequencyChange></FrequencyChanges></Clock>\n",S,SL003_FCS7AA,7,1.0.0.262,1,143.965,-136737869,Full,3.0.3.80,3.0.3.80,8/28/21,8/28/21 17:28,12:28:01,3.0.3.82,Keyboard,A,Keyboard,-999999,16,14001,0,1,1,1,1,BlockProc,BlockList,77,223,,,1,0.902439024,415.2162162,1698,0.948051948,371.8767123,TrialProc,TrialList,flankerIL.jpg,1,1,Keyboard,3,10,202258,160,1,313,202571,12,1,77,Incon
FC,3,1,A,"<?xml version=""1.0""?>\n<Clock xmlns:dt=""urn:schemas-microsoft-com:datatypes""><Description dt:dt=""string"">E-Prime Primary Realtime Clock</Description><StartTime><Timestamp dt:dt=""int"">0</Timestamp><DateUtc dt:dt=""string"">2021-08-28T17:28:01Z</DateUtc></StartTime><FrequencyChanges><FrequencyChange><Frequency dt:dt=""r8"">10000000</Frequency><Timestamp dt:dt=""r8"">18919191178659</Timestamp><Current dt:dt=""r8"">0</Current><DateUtc dt:dt=""string"">2021-08-28T17:28:01Z</DateUtc></FrequencyChange></FrequencyChanges></Clock>\n",S,SL003_FCS7AA,7,1.0.0.262,1,143.965,-136737869,Full,3.0.3.80,3.0.3.80,8/28/21,8/28/21 17:28,12:28:01,3.0.3.82,Keyboard,A,Keyboard,-999999,16,14001,0,1,1,1,1,BlockProc,BlockList,78,113,1,326.9459459,4,,,1698,0.948717949,371.0810811,TrialProc,TrialList,flankerCR.jpg,1,4,Keyboard,3,10,204126,160,4,313,204439,3,1,78,Cong
FC,3,1,A,"<?xml version=""1.0""?>\n<Clock xmlns:dt=""urn:schemas-microsoft-com:datatypes""><Description dt:dt=""string"">E-Prime Primary Realtime Clock</Description><StartTime><Timestamp dt:dt=""int"">0</Timestamp><DateUtc dt:dt=""string"">2021-08-28T17:28:01Z</DateUtc></StartTime><FrequencyChanges><FrequencyChange><Frequency dt:dt=""r8"">10000000</Frequency><Timestamp dt:dt=""r8"">18919191178659</Timestamp><Current dt:dt=""r8"">0</Current><DateUtc dt:dt=""string"">2021-08-28T17:28:01Z</DateUtc></FrequencyChange></FrequencyChanges></Clock>\n",S,SL003_FCS7AA,7,1.0.0.262,1,143.965,-136737869,Full,3.0.3.80,3.0.3.80,8/28/21,8/28/21 17:28,12:28:01,3.0.3.82,Keyboard,A,Keyboard,-999999,16,14001,0,1,1,1,1,BlockProc,BlockList,79,123,1,327.3157895,1,,,1698,0.949367089,370.68,TrialProc,TrialList,flankerCL.jpg,1,1,Keyboard,3,10,205994,160,1,341,206335,6,1,79,Cong
FC,3,1,A,"<?xml version=""1.0""?>\n<Clock xmlns:dt=""urn:schemas-microsoft-com:datatypes""><Description dt:dt=""string"">E-Prime Primary Realtime Clock</Description><StartTime><Timestamp dt:dt=""int"">0</Timestamp><DateUtc dt:dt=""string"">2021-08-28T17:28:01Z</DateUtc></StartTime><FrequencyChanges><FrequencyChange><Frequency dt:dt=""r8"">10000000</Frequency><Timestamp dt:dt=""r8"">18919191178659</Timestamp><Current dt:dt=""r8"">0</Current><DateUtc dt:dt=""string"">2021-08-28T17:28:01Z</DateUtc></FrequencyChange></FrequencyChanges></Clock>\n",S,SL003_FCS7AA,7,1.0.0.262,1,143.965,-136737869,Full,3.0.3.80,3.0.3.80,8/28/21,8/28/21 17:28,12:28:01,3.0.3.82,Keyboard,A,Keyboard,-999999,16,14001,0,1,1,1,1,BlockProc,BlockList,80,213,,,4,0.904761905,415.1578947,1698,0.95,371.2368421,TrialProc,TrialList,flankerIR.jpg,1,4,Keyboard,3,10,207862,160,4,413,208275,9,1,80,Incon
FC,3,1,A,"<?xml version=""1.0""?>\n<Clock xmlns:dt=""urn:schemas-microsoft-com:datatypes""><Description dt:dt=""string"">E-Prime Primary Realtime Clock</Description><StartTime><Timestamp dt:dt=""int"">0</Timestamp><DateUtc dt:dt=""string"">2021-08-28T17:28:01Z</DateUtc></StartTime><FrequencyChanges><FrequencyChange><Frequency dt:dt=""r8"">10000000</Frequency><Timestamp dt:dt=""r8"">18919191178659</Timestamp><Current dt:dt=""r8"">0</Current><DateUtc dt:dt=""string"">2021-08-28T17:28:01Z</DateUtc></FrequencyChange></FrequencyChanges></Clock>\n",S,SL003_FCS7AA,7,1.0.0.262,1,143.965,-136737869,Full,3.0.3.80,3.0.3.80,8/28/21,8/28/21 17:28,12:28:01,3.0.3.82,Keyboard,A,Keyboard,-999999,16,14001,0,1,1,1,1,BlockProc,BlockList,81,113,1,328.8717949,4,,,1698,0.950617284,371.4545455,TrialProc,TrialList,flankerCR.jpg,1,4,Keyboard,4,10,209730,153,4,388,210118,3,1,81,Cong
FC,3,1,A,"<?xml version=""1.0""?>\n<Clock xmlns:dt=""urn:schemas-microsoft-com:datatypes""><Description dt:dt=""string"">E-Prime Primary Realtime Clock</Description><StartTime><Timestamp dt:dt=""int"">0</Timestamp><DateUtc dt:dt=""string"">2021-08-28T17:28:01Z</DateUtc></StartTime><FrequencyChanges><FrequencyChange><Frequency dt:dt=""r8"">10000000</Frequency><Timestamp dt:dt=""r8"">18919191178659</Timestamp><Current dt:dt=""r8"">0</Current><DateUtc dt:dt=""string"">2021-08-28T17:28:01Z</DateUtc></FrequencyChange></FrequencyChanges></Clock>\n",S,SL003_FCS7AA,7,1.0.0.262,1,143.965,-136737869,Full,3.0.3.80,3.0.3.80,8/28/21,8/28/21 17:28,12:28:01,3.0.3.82,Keyboard,A,Keyboard,-999999,16,14001,0,1,1,1,1,BlockProc,BlockList,82,123,1,330.525,1,,,1698,0.951219512,371.7564103,TrialProc,TrialList,flankerCL.jpg,1,1,Keyboard,2,10,211591,160,1,395,211986,6,1,82,Cong
FC,3,1,A,"<?xml version=""1.0""?>\n<Clock xmlns:dt=""urn:schemas-microsoft-com:datatypes""><Description dt:dt=""string"">E-Prime Primary Realtime Clock</Description><StartTime><Timestamp dt:dt=""int"">0</Timestamp><DateUtc dt:dt=""string"">2021-08-28T17:28:01Z</DateUtc></StartTime><FrequencyChanges><FrequencyChange><Frequency dt:dt=""r8"">10000000</Frequency><Timestamp dt:dt=""r8"">18919191178659</Timestamp><Current dt:dt=""r8"">0</Current><DateUtc dt:dt=""string"">2021-08-28T17:28:01Z</DateUtc></FrequencyChange></FrequencyChanges></Clock>\n",S,SL003_FCS7AA,7,1.0.0.262,1,143.965,-136737869,Full,3.0.3.80,3.0.3.80,8/28/21,8/28/21 17:28,12:28:01,3.0.3.82,Keyboard,A,Keyboard,-999999,16,14001,0,1,1,1,1,BlockProc,BlockList,83,211,,,4,0.906976744,414.1282051,1302,0.951807229,371.7974684,TrialProc,TrialList,flankerIR.jpg,1,4,Keyboard,2,10,213459,160,4,375,213834,7,1,83,Incon
FC,3,1,A,"<?xml version=""1.0""?>\n<Clock xmlns:dt=""urn:schemas-microsoft-com:datatypes""><Description dt:dt=""string"">E-Prime Primary Realtime Clock</Description><StartTime><Timestamp dt:dt=""int"">0</Timestamp><DateUtc dt:dt=""string"">2021-08-28T17:28:01Z</DateUtc></StartTime><FrequencyChanges><FrequencyChange><Frequency dt:dt=""r8"">10000000</Frequency><Timestamp dt:dt=""r8"">18919191178659</Timestamp><Current dt:dt=""r8"">0</Current><DateUtc dt:dt=""string"">2021-08-28T17:28:01Z</DateUtc></FrequencyChange></FrequencyChanges></Clock>\n",S,SL003_FCS7AA,7,1.0.0.262,1,143.965,-136737869,Full,3.0.3.80,3.0.3.80,8/28/21,8/28/21 17:28,12:28:01,3.0.3.82,Keyboard,A,Keyboard,-999999,16,14001,0,1,1,1,1,BlockProc,BlockList,84,212,,,4,0.909090909,415.475,1500,0.952380952,373,TrialProc,TrialList,flankerIR.jpg,1,4,Keyboard,3,10,214931,160,4,468,215399,8,1,84,Incon
FC,3,1,A,"<?xml version=""1.0""?>\n<Clock xmlns:dt=""urn:schemas-microsoft-com:datatypes""><Description dt:dt=""string"">E-Prime Primary Realtime Clock</Description><StartTime><Timestamp dt:dt=""int"">0</Timestamp><DateUtc dt:dt=""string"">2021-08-28T17:28:01Z</DateUtc></StartTime><FrequencyChanges><FrequencyChange><Frequency dt:dt=""r8"">10000000</Frequency><Timestamp dt:dt=""r8"">18919191178659</Timestamp><Current dt:dt=""r8"">0</Current><DateUtc dt:dt=""string"">2021-08-28T17:28:01Z</DateUtc></FrequencyChange></FrequencyChanges></Clock>\n",S,SL003_FCS7AA,7,1.0.0.262,1,143.965,-136737869,Full,3.0.3.80,3.0.3.80,8/28/21,8/28/21 17:28,12:28:01,3.0.3.82,Keyboard,A,Keyboard,-999999,16,14001,0,1,1,1,1,BlockProc,BlockList,85,113,1,330.5365854,4,,,1698,0.952941176,372.4814815,TrialProc,TrialList,flankerCR.jpg,1,4,Keyboard,2,7,216598,160,4,331,216929,3,1,85,Cong
FC,3,1,A,"<?xml version=""1.0""?>\n<Clock xmlns:dt=""urn:schemas-microsoft-com:datatypes""><Description dt:dt=""string"">E-Prime Primary Realtime Clock</Description><StartTime><Timestamp dt:dt=""int"">0</Timestamp><DateUtc dt:dt=""string"">2021-08-28T17:28:01Z</DateUtc></StartTime><FrequencyChanges><FrequencyChange><Frequency dt:dt=""r8"">10000000</Frequency><Timestamp dt:dt=""r8"">18919191178659</Timestamp><Current dt:dt=""r8"">0</Current><DateUtc dt:dt=""string"">2021-08-28T17:28:01Z</DateUtc></FrequencyChange></FrequencyChanges></Clock>\n",S,SL003_FCS7AA,7,1.0.0.262,1,143.965,-136737869,Full,3.0.3.80,3.0.3.80,8/28/21,8/28/21 17:28,12:28:01,3.0.3.82,Keyboard,A,Keyboard,-999999,16,14001,0,1,1,1,1,BlockProc,BlockList,86,121,1,331.6428571,1,,,1302,0.953488372,372.5365854,TrialProc,TrialList,flankerCL.jpg,1,1,Keyboard,2,10,218466,160,1,377,218843,4,1,86,Cong
FC,3,1,A,"<?xml version=""1.0""?>\n<Clock xmlns:dt=""urn:schemas-microsoft-com:datatypes""><Description dt:dt=""string"">E-Prime Primary Realtime Clock</Description><StartTime><Timestamp dt:dt=""int"">0</Timestamp><DateUtc dt:dt=""string"">2021-08-28T17:28:01Z</DateUtc></StartTime><FrequencyChanges><FrequencyChange><Frequency dt:dt=""r8"">10000000</Frequency><Timestamp dt:dt=""r8"">18919191178659</Timestamp><Current dt:dt=""r8"">0</Current><DateUtc dt:dt=""string"">2021-08-28T17:28:01Z</DateUtc></FrequencyChange></FrequencyChanges></Clock>\n",S,SL003_FCS7AA,7,1.0.0.262,1,143.965,-136737869,Full,3.0.3.80,3.0.3.80,8/28/21,8/28/21 17:28,12:28:01,3.0.3.82,Keyboard,A,Keyboard,-999999,16,14001,0,1,1,1,1,BlockProc,BlockList,87,112,1,334.0930233,4,,,1500,0.954022989,373.313253,TrialProc,TrialList,flankerCR.jpg,1,4,Keyboard,2,10,219938,153,4,437,220375,2,1,87,Cong
FC,3,1,A,"<?xml version=""1.0""?>\n<Clock xmlns:dt=""urn:schemas-microsoft-com:datatypes""><Description dt:dt=""string"">E-Prime Primary Realtime Clock</Description><StartTime><Timestamp dt:dt=""int"">0</Timestamp><DateUtc dt:dt=""string"">2021-08-28T17:28:01Z</DateUtc></StartTime><FrequencyChanges><FrequencyChange><Frequency dt:dt=""r8"">10000000</Frequency><Timestamp dt:dt=""r8"">18919191178659</Timestamp><Current dt:dt=""r8"">0</Current><DateUtc dt:dt=""string"">2021-08-28T17:28:01Z</DateUtc></FrequencyChange></FrequencyChanges></Clock>\n",S,SL003_FCS7AA,7,1.0.0.262,1,143.965,-136737869,Full,3.0.3.80,3.0.3.80,8/28/21,8/28/21 17:28,12:28:01,3.0.3.82,Keyboard,A,Keyboard,-999999,16,14001,0,1,1,1,1,BlockProc,BlockList,88,113,1,334.3409091,4,,,1698,0.954545455,372.9761905,TrialProc,TrialList,flankerCR.jpg,1,4,Keyboard,2,7,221598,160,4,345,221943,3,1,88,Cong
FC,3,1,A,"<?xml version=""1.0""?>\n<Clock xmlns:dt=""urn:schemas-microsoft-com:datatypes""><Description dt:dt=""string"">E-Prime Primary Realtime Clock</Description><StartTime><Timestamp dt:dt=""int"">0</Timestamp><DateUtc dt:dt=""string"">2021-08-28T17:28:01Z</DateUtc></StartTime><FrequencyChanges><FrequencyChange><Frequency dt:dt=""r8"">10000000</Frequency><Timestamp dt:dt=""r8"">18919191178659</Timestamp><Current dt:dt=""r8"">0</Current><DateUtc dt:dt=""string"">2021-08-28T17:28:01Z</DateUtc></FrequencyChange></FrequencyChanges></Clock>\n",S,SL003_FCS7AA,7,1.0.0.262,1,143.965,-136737869,Full,3.0.3.80,3.0.3.80,8/28/21,8/28/21 17:28,12:28:01,3.0.3.82,Keyboard,A,Keyboard,-999999,16,14001,0,1,1,1,1,BlockProc,BlockList,89,121,1,336,1,,,1302,0.95505618,373.4,TrialProc,TrialList,flankerCL.jpg,1,1,Keyboard,2,10,223466,160,1,409,223875,4,1,89,Cong
FC,3,1,A,"<?xml version=""1.0""?>\n<Clock xmlns:dt=""urn:schemas-microsoft-com:datatypes""><Description dt:dt=""string"">E-Prime Primary Realtime Clock</Description><StartTime><Timestamp dt:dt=""int"">0</Timestamp><DateUtc dt:dt=""string"">2021-08-28T17:28:01Z</DateUtc></StartTime><FrequencyChanges><FrequencyChange><Frequency dt:dt=""r8"">10000000</Frequency><Timestamp dt:dt=""r8"">18919191178659</Timestamp><Current dt:dt=""r8"">0</Current><DateUtc dt:dt=""string"">2021-08-28T17:28:01Z</DateUtc></FrequencyChange></FrequencyChanges></Clock>\n",S,SL003_FCS7AA,7,1.0.0.262,1,143.965,-136737869,Full,3.0.3.80,3.0.3.80,8/28/21,8/28/21 17:28,12:28:01,3.0.3.82,Keyboard,A,Keyboard,-999999,16,14001,0,1,1,1,1,BlockProc,BlockList,90,123,1,335.9130435,1,,,1698,0.955555556,372.9186047,TrialProc,TrialList,flankerCL.jpg,1,1,Keyboard,2,10,224938,160,1,332,225270,6,1,90,Cong
FC,3,1,A,"<?xml version=""1.0""?>\n<Clock xmlns:dt=""urn:schemas-microsoft-com:datatypes""><Description dt:dt=""string"">E-Prime Primary Realtime Clock</Description><StartTime><Timestamp dt:dt=""int"">0</Timestamp><DateUtc dt:dt=""string"">2021-08-28T17:28:01Z</DateUtc></StartTime><FrequencyChanges><FrequencyChange><Frequency dt:dt=""r8"">10000000</Frequency><Timestamp dt:dt=""r8"">18919191178659</Timestamp><Current dt:dt=""r8"">0</Current><DateUtc dt:dt=""string"">2021-08-28T17:28:01Z</DateUtc></FrequencyChange></FrequencyChanges></Clock>\n",S,SL003_FCS7AA,7,1.0.0.262,1,143.965,-136737869,Full,3.0.3.80,3.0.3.80,8/28/21,8/28/21 17:28,12:28:01,3.0.3.82,Keyboard,A,Keyboard,-999999,16,14001,0,1,1,1,1,BlockProc,BlockList,91,213,,,4,0.911111111,417.2439024,1698,0.956043956,374.2413793,TrialProc,TrialList,flankerIR.jpg,1,4,Keyboard,2,10,226806,160,4,488,227294,9,1,91,Incon
FC,3,1,A,"<?xml version=""1.0""?>\n<Clock xmlns:dt=""urn:schemas-microsoft-com:datatypes""><Description dt:dt=""string"">E-Prime Primary Realtime Clock</Description><StartTime><Timestamp dt:dt=""int"">0</Timestamp><DateUtc dt:dt=""string"">2021-08-28T17:28:01Z</DateUtc></StartTime><FrequencyChanges><FrequencyChange><Frequency dt:dt=""r8"">10000000</Frequency><Timestamp dt:dt=""r8"">18919191178659</Timestamp><Current dt:dt=""r8"">0</Current><DateUtc dt:dt=""string"">2021-08-28T17:28:01Z</DateUtc></FrequencyChange></FrequencyChanges></Clock>\n",S,SL003_FCS7AA,7,1.0.0.262,1,143.965,-136737869,Full,3.0.3.80,3.0.3.80,8/28/21,8/28/21 17:28,12:28:01,3.0.3.82,Keyboard,A,Keyboard,-999999,16,14001,0,1,1,1,1,BlockProc,BlockList,92,122,1,337.893617,1,,,1500,0.956521739,374.8636364,TrialProc,TrialList,flankerCL.jpg,1,1,Keyboard,2,10,228674,160,1,429,229103,5,1,92,Cong
FC,3,1,A,"<?xml version=""1.0""?>\n<Clock xmlns:dt=""urn:schemas-microsoft-com:datatypes""><Description dt:dt=""string"">E-Prime Primary Realtime Clock</Description><StartTime><Timestamp dt:dt=""int"">0</Timestamp><DateUtc dt:dt=""string"">2021-08-28T17:28:01Z</DateUtc></StartTime><FrequencyChanges><FrequencyChange><Frequency dt:dt=""r8"">10000000</Frequency><Timestamp dt:dt=""r8"">18919191178659</Timestamp><Current dt:dt=""r8"">0</Current><DateUtc dt:dt=""string"">2021-08-28T17:28:01Z</DateUtc></FrequencyChange></FrequencyChanges></Clock>\n",S,SL003_FCS7AA,7,1.0.0.262,1,143.965,-136737869,Full,3.0.3.80,3.0.3.80,8/28/21,8/28/21 17:28,12:28:01,3.0.3.82,Keyboard,A,Keyboard,-999999,16,14001,0,1,1,1,1,BlockProc,BlockList,93,212,,,4,0.913043478,416.7619048,1500,0.956989247,375.1123596,TrialProc,TrialList,flankerIR.jpg,1,4,Keyboard,2,7,230341,159,4,397,230738,8,1,93,Incon
FC,3,1,A,"<?xml version=""1.0""?>\n<Clock xmlns:dt=""urn:schemas-microsoft-com:datatypes""><Description dt:dt=""string"">E-Prime Primary Realtime Clock</Description><StartTime><Timestamp dt:dt=""int"">0</Timestamp><DateUtc dt:dt=""string"">2021-08-28T17:28:01Z</DateUtc></StartTime><FrequencyChanges><FrequencyChange><Frequency dt:dt=""r8"">10000000</Frequency><Timestamp dt:dt=""r8"">18919191178659</Timestamp><Current dt:dt=""r8"">0</Current><DateUtc dt:dt=""string"">2021-08-28T17:28:01Z</DateUtc></FrequencyChange></FrequencyChanges></Clock>\n",S,SL003_FCS7AA,7,1.0.0.262,1,143.965,-136737869,Full,3.0.3.80,3.0.3.80,8/28/21,8/28/21 17:28,12:28:01,3.0.3.82,Keyboard,A,Keyboard,-999999,16,14001,0,1,1,1,1,BlockProc,BlockList,94,123,1,338.8333333,1,,,1698,0.957446809,375.2,TrialProc,TrialList,flankerCL.jpg,1,1,Keyboard,3,7,232007,160,1,383,232390,6,1,94,Cong
FC,3,1,A,"<?xml version=""1.0""?>\n<Clock xmlns:dt=""urn:schemas-microsoft-com:datatypes""><Description dt:dt=""string"">E-Prime Primary Realtime Clock</Description><StartTime><Timestamp dt:dt=""int"">0</Timestamp><DateUtc dt:dt=""string"">2021-08-28T17:28:01Z</DateUtc></StartTime><FrequencyChanges><FrequencyChange><Frequency dt:dt=""r8"">10000000</Frequency><Timestamp dt:dt=""r8"">18919191178659</Timestamp><Current dt:dt=""r8"">0</Current><DateUtc dt:dt=""string"">2021-08-28T17:28:01Z</DateUtc></FrequencyChange></FrequencyChanges></Clock>\n",S,SL003_FCS7AA,7,1.0.0.262,1,143.965,-136737869,Full,3.0.3.80,3.0.3.80,8/28/21,8/28/21 17:28,12:28:01,3.0.3.82,Keyboard,A,Keyboard,-999999,16,14001,0,1,1,1,1,BlockProc,BlockList,95,212,,,4,0.914893617,417.744186,1500,0.957894737,376.1208791,TrialProc,TrialList,flankerIR.jpg,1,4,Keyboard,2,10,233875,160,4,459,234334,8,1,95,Incon
FC,3,1,A,"<?xml version=""1.0""?>\n<Clock xmlns:dt=""urn:schemas-microsoft-com:datatypes""><Description dt:dt=""string"">E-Prime Primary Realtime Clock</Description><StartTime><Timestamp dt:dt=""int"">0</Timestamp><DateUtc dt:dt=""string"">2021-08-28T17:28:01Z</DateUtc></StartTime><FrequencyChanges><FrequencyChange><Frequency dt:dt=""r8"">10000000</Frequency><Timestamp dt:dt=""r8"">18919191178659</Timestamp><Current dt:dt=""r8"">0</Current><DateUtc dt:dt=""string"">2021-08-28T17:28:01Z</DateUtc></FrequencyChange></FrequencyChanges></Clock>\n",S,SL003_FCS7AA,7,1.0.0.262,1,143.965,-136737869,Full,3.0.3.80,3.0.3.80,8/28/21,8/28/21 17:28,12:28:01,3.0.3.82,Keyboard,A,Keyboard,-999999,16,14001,0,1,1,1,1,BlockProc,BlockList,96,221,,,1,0.916666667,419.4318182,1302,0.958333333,377.3804348,TrialProc,TrialList,flankerIL.jpg,1,1,Keyboard,2,7,235542,153,1,492,236034,10,1,96,Incon