C:\Users\pindus\Desktop\SITLess_Data\EXP1\COG\PRE\FC\SL001\SL001_FCN6BB.edat3,,,,,,,,,,,,,,,,,,,,,,,,,,,,,,,,,,,,,,,,,,,,,,,,,,,,,,,,,,
ExperimentName,Subject,Session,BlockID,Clock.Information,CogSeq,DataFile.Basename,Day,ExperimentVersion,Group,Participant.RefreshRate,RandomSeed,RuntimeCapabilities,RuntimeVersion,RuntimeVersionExpected,SessionDate,SessionStartDateTimeUtc,SessionTime,StudioVersion,ThankYou.DEVICE,Timing,Welcome.DEVICE,Welcome.DurationError,Welcome.OnsetDelay,Welcome.OnsetTime,Welcome.OnsetToOnsetTime,Block,BlockList,BlockList.Cycle,BlockList.Sample,Procedure[Block],Running[Block],Trial,Condition,CongAcc,CongRT,CorrectAnswer,InconAcc,InconRT,ITI,OverallACC,OverallRT,Procedure[Trial],Running[Trial],Stimulus,Stimulus.ACC,Stimulus.CRESP,Stimulus.DEVICE,Stimulus.DurationError,Stimulus.OnsetDelay,Stimulus.OnsetTime,Stimulus.OnsetToOnsetTime,Stimulus.RESP,Stimulus.RT,Stimulus.RTTime,TrialList,TrialList.Cycle,TrialList.Sample,TrialType
FC,1,1,B,"<?xml version=""1.0""?>\n<Clock xmlns:dt=""urn:schemas-microsoft-com:datatypes""><Description dt:dt=""string"">E-Prime Primary Realtime Clock</Description><StartTime><Timestamp dt:dt=""int"">0</Timestamp><DateUtc dt:dt=""string"">2021-07-01T13:41:59Z</DateUtc></StartTime><FrequencyChanges><FrequencyChange><Frequency dt:dt=""r8"">10000000</Frequency><Timestamp dt:dt=""r8"">5100004033126</Timestamp><Current dt:dt=""r8"">0</Current><DateUtc dt:dt=""string"">2021-07-01T13:41:59Z</DateUtc></FrequencyChange></FrequencyChanges></Clock>\n",N,SL001_FCN6BB,6,1.0.0.262,1,143.941,1880523204,Full,3.0.3.80,3.0.3.80,7/1/21,7/1/21 13:42,8:42:00,3.0.3.82,Keyboard,B,Keyboard,-999999,15,15542,0,1,1,1,1,BlockProc,BlockList,1,113,1,347,4,,,1698,1,347,TrialProc,TrialList,flankerCR.jpg,1,4,Keyboard,2,26,46819,160,4,347,47166,3,1,1,Cong
FC,1,1,B,"<?xml version=""1.0""?>\n<Clock xmlns:dt=""urn:schemas-microsoft-com:datatypes""><Description dt:dt=""string"">E-Prime Primary Realtime Clock</Description><StartTime><Timestamp dt:dt=""int"">0</Timestamp><DateUtc dt:dt=""string"">2021-07-01T13:41:59Z</DateUtc></StartTime><FrequencyChanges><FrequencyChange><Frequency dt:dt=""r8"">10000000</Frequency><Timestamp dt:dt=""r8"">5100004033126</Timestamp><Current dt:dt=""r8"">0</Current><DateUtc dt:dt=""string"">2021-07-01T13:41:59Z</DateUtc></FrequencyChange></FrequencyChanges></Clock>\n",N,SL001_FCN6BB,6,1.0.0.262,1,143.941,1880523204,Full,3.0.3.80,3.0.3.80,7/1/21,7/1/21 13:42,8:42:00,3.0.3.82,Keyboard,B,Keyboard,-999999,15,15542,0,1,1,1,1,BlockProc,BlockList,2,111,1,351,4,,,1302,1,351,TrialProc,TrialList,flankerCR.jpg,1,4,Keyboard,2,10,48687,160,4,355,49042,1,1,2,Cong
FC,1,1,B,"<?xml version=""1.0""?>\n<Clock xmlns:dt=""urn:schemas-microsoft-com:datatypes""><Description dt:dt=""string"">E-Prime Primary Realtime Clock</Description><StartTime><Timestamp dt:dt=""int"">0</Timestamp><DateUtc dt:dt=""string"">2021-07-01T13:41:59Z</DateUtc></StartTime><FrequencyChanges><FrequencyChange><Frequency dt:dt=""r8"">10000000</Frequency><Timestamp dt:dt=""r8"">5100004033126</Timestamp><Current dt:dt=""r8"">0</Current><DateUtc dt:dt=""string"">2021-07-01T13:41:59Z</DateUtc></FrequencyChange></FrequencyChanges></Clock>\n",N,SL001_FCN6BB,6,1.0.0.262,1,143.941,1880523204,Full,3.0.3.80,3.0.3.80,7/1/21,7/1/21 13:42,8:42:00,3.0.3.82,Keyboard,B,Keyboard,-999999,15,15542,0,1,1,1,1,BlockProc,BlockList,3,113,1,359.6666667,4,,,1698,1,359.6666667,TrialProc,TrialList,flankerCR.jpg,1,4,Keyboard,2,10,50159,160,4,377,50536,3,1,3,Cong
FC,1,1,B,"<?xml version=""1.0""?>\n<Clock xmlns:dt=""urn:schemas-microsoft-com:datatypes""><Description dt:dt=""string"">E-Prime Primary Realtime Clock</Description><StartTime><Timestamp dt:dt=""int"">0</Timestamp><DateUtc dt:dt=""string"">2021-07-01T13:41:59Z</DateUtc></StartTime><FrequencyChanges><FrequencyChange><Frequency dt:dt=""r8"">10000000</Frequency><Timestamp dt:dt=""r8"">5100004033126</Timestamp><Current dt:dt=""r8"">0</Current><DateUtc dt:dt=""string"">2021-07-01T13:41:59Z</DateUtc></FrequencyChange></FrequencyChanges></Clock>\n",N,SL001_FCN6BB,6,1.0.0.262,1,143.941,1880523204,Full,3.0.3.80,3.0.3.80,7/1/21,7/1/21 13:42,8:42:00,3.0.3.82,Keyboard,B,Keyboard,-999999,15,15542,0,1,1,1,1,BlockProc,BlockList,4,112,1,339.25,4,,,1500,1,339.25,TrialProc,TrialList,flankerCR.jpg,1,4,Keyboard,2,10,52027,160,4,278,52305,2,1,4,Cong
FC,1,1,B,"<?xml version=""1.0""?>\n<Clock xmlns:dt=""urn:schemas-microsoft-com:datatypes""><Description dt:dt=""string"">E-Prime Primary Realtime Clock</Description><StartTime><Timestamp dt:dt=""int"">0</Timestamp><DateUtc dt:dt=""string"">2021-07-01T13:41:59Z</DateUtc></StartTime><FrequencyChanges><FrequencyChange><Frequency dt:dt=""r8"">10000000</Frequency><Timestamp dt:dt=""r8"">5100004033126</Timestamp><Current dt:dt=""r8"">0</Current><DateUtc dt:dt=""string"">2021-07-01T13:41:59Z</DateUtc></FrequencyChange></FrequencyChanges></Clock>\n",N,SL001_FCN6BB,6,1.0.0.262,1,143.941,1880523204,Full,3.0.3.80,3.0.3.80,7/1/21,7/1/21 13:42,8:42:00,3.0.3.82,Keyboard,B,Keyboard,-999999,15,15542,0,1,1,1,1,BlockProc,BlockList,5,123,1,336.4,1,,,1698,1,336.4,TrialProc,TrialList,flankerCL.jpg,1,1,Keyboard,2,7,53694,159,1,325,54019,6,1,5,Cong
FC,1,1,B,"<?xml version=""1.0""?>\n<Clock xmlns:dt=""urn:schemas-microsoft-com:datatypes""><Description dt:dt=""string"">E-Prime Primary Realtime Clock</Description><StartTime><Timestamp dt:dt=""int"">0</Timestamp><DateUtc dt:dt=""string"">2021-07-01T13:41:59Z</DateUtc></StartTime><FrequencyChanges><FrequencyChange><Frequency dt:dt=""r8"">10000000</Frequency><Timestamp dt:dt=""r8"">5100004033126</Timestamp><Current dt:dt=""r8"">0</Current><DateUtc dt:dt=""string"">2021-07-01T13:41:59Z</DateUtc></FrequencyChange></FrequencyChanges></Clock>\n",N,SL001_FCN6BB,6,1.0.0.262,1,143.941,1880523204,Full,3.0.3.80,3.0.3.80,7/1/21,7/1/21 13:42,8:42:00,3.0.3.82,Keyboard,B,Keyboard,-999999,15,15542,0,1,1,1,1,BlockProc,BlockList,6,212,,,4,1,454,1500,1,356,TrialProc,TrialList,flankerIR.jpg,1,4,Keyboard,2,11,55562,159,4,454,56016,8,1,6,Incon
FC,1,1,B,"<?xml version=""1.0""?>\n<Clock xmlns:dt=""urn:schemas-microsoft-com:datatypes""><Description dt:dt=""string"">E-Prime Primary Realtime Clock</Description><StartTime><Timestamp dt:dt=""int"">0</Timestamp><DateUtc dt:dt=""string"">2021-07-01T13:41:59Z</DateUtc></StartTime><FrequencyChanges><FrequencyChange><Frequency dt:dt=""r8"">10000000</Frequency><Timestamp dt:dt=""r8"">5100004033126</Timestamp><Current dt:dt=""r8"">0</Current><DateUtc dt:dt=""string"">2021-07-01T13:41:59Z</DateUtc></FrequencyChange></FrequencyChanges></Clock>\n",N,SL001_FCN6BB,6,1.0.0.262,1,143.941,1880523204,Full,3.0.3.80,3.0.3.80,7/1/21,7/1/21 13:42,8:42:00,3.0.3.82,Keyboard,B,Keyboard,-999999,15,15542,0,1,1,1,1,BlockProc,BlockList,7,212,,,4,1,403,1500,1,355.4285714,TrialProc,TrialList,flankerIR.jpg,1,4,Keyboard,3,7,57228,160,4,352,57580,8,1,7,Incon
FC,1,1,B,"<?xml version=""1.0""?>\n<Clock xmlns:dt=""urn:schemas-microsoft-com:datatypes""><Description dt:dt=""string"">E-Prime Primary Realtime Clock</Description><StartTime><Timestamp dt:dt=""int"">0</Timestamp><DateUtc dt:dt=""string"">2021-07-01T13:41:59Z</DateUtc></StartTime><FrequencyChanges><FrequencyChange><Frequency dt:dt=""r8"">10000000</Frequency><Timestamp dt:dt=""r8"">5100004033126</Timestamp><Current dt:dt=""r8"">0</Current><DateUtc dt:dt=""string"">2021-07-01T13:41:59Z</DateUtc></FrequencyChange></FrequencyChanges></Clock>\n",N,SL001_FCN6BB,6,1.0.0.262,1,143.941,1880523204,Full,3.0.3.80,3.0.3.80,7/1/21,7/1/21 13:42,8:42:00,3.0.3.82,Keyboard,B,Keyboard,-999999,15,15542,0,1,1,1,1,BlockProc,BlockList,8,123,1,338.1666667,1,,,1698,1,354.375,TrialProc,TrialList,flankerCL.jpg,1,1,Keyboard,2,7,58895,160,1,347,59242,6,1,8,Cong
FC,1,1,B,"<?xml version=""1.0""?>\n<Clock xmlns:dt=""urn:schemas-microsoft-com:datatypes""><Description dt:dt=""string"">E-Prime Primary Realtime Clock</Description><StartTime><Timestamp dt:dt=""int"">0</Timestamp><DateUtc dt:dt=""string"">2021-07-01T13:41:59Z</DateUtc></StartTime><FrequencyChanges><FrequencyChange><Frequency dt:dt=""r8"">10000000</Frequency><Timestamp dt:dt=""r8"">5100004033126</Timestamp><Current dt:dt=""r8"">0</Current><DateUtc dt:dt=""string"">2021-07-01T13:41:59Z</DateUtc></FrequencyChange></FrequencyChanges></Clock>\n",N,SL001_FCN6BB,6,1.0.0.262,1,143.941,1880523204,Full,3.0.3.80,3.0.3.80,7/1/21,7/1/21 13:42,8:42:00,3.0.3.82,Keyboard,B,Keyboard,-999999,15,15542,0,1,1,1,1,BlockProc,BlockList,9,222,,,1,1,428.6666667,1500,1,368.3333333,TrialProc,TrialList,flankerIL.jpg,1,1,Keyboard,2,10,60763,160,1,480,61243,11,1,9,Incon
FC,1,1,B,"<?xml version=""1.0""?>\n<Clock xmlns:dt=""urn:schemas-microsoft-com:datatypes""><Description dt:dt=""string"">E-Prime Primary Realtime Clock</Description><StartTime><Timestamp dt:dt=""int"">0</Timestamp><DateUtc dt:dt=""string"">2021-07-01T13:41:59Z</DateUtc></StartTime><FrequencyChanges><FrequencyChange><Frequency dt:dt=""r8"">10000000</Frequency><Timestamp dt:dt=""r8"">5100004033126</Timestamp><Current dt:dt=""r8"">0</Current><DateUtc dt:dt=""string"">2021-07-01T13:41:59Z</DateUtc></FrequencyChange></FrequencyChanges></Clock>\n",N,SL001_FCN6BB,6,1.0.0.262,1,143.941,1880523204,Full,3.0.3.80,3.0.3.80,7/1/21,7/1/21 13:42,8:42:00,3.0.3.82,Keyboard,B,Keyboard,-999999,15,15542,0,1,1,1,1,BlockProc,BlockList,10,221,,,1,1,430,1302,1,374.9,TrialProc,TrialList,flankerIL.jpg,1,1,Keyboard,2,7,62430,159,1,434,62864,10,1,10,Incon
FC,1,1,B,"<?xml version=""1.0""?>\n<Clock xmlns:dt=""urn:schemas-microsoft-com:datatypes""><Description dt:dt=""string"">E-Prime Primary Realtime Clock</Description><StartTime><Timestamp dt:dt=""int"">0</Timestamp><DateUtc dt:dt=""string"">2021-07-01T13:41:59Z</DateUtc></StartTime><FrequencyChanges><FrequencyChange><Frequency dt:dt=""r8"">10000000</Frequency><Timestamp dt:dt=""r8"">5100004033126</Timestamp><Current dt:dt=""r8"">0</Current><DateUtc dt:dt=""string"">2021-07-01T13:41:59Z</DateUtc></FrequencyChange></FrequencyChanges></Clock>\n",N,SL001_FCN6BB,6,1.0.0.262,1,143.941,1880523204,Full,3.0.3.80,3.0.3.80,7/1/21,7/1/21 13:42,8:42:00,3.0.3.82,Keyboard,B,Keyboard,-999999,15,15542,0,1,1,1,1,BlockProc,BlockList,11,112,1,348.2857143,4,,,1500,1,378,TrialProc,TrialList,flankerCR.jpg,1,4,Keyboard,2,11,63902,159,4,409,64311,2,1,11,Cong
FC,1,1,B,"<?xml version=""1.0""?>\n<Clock xmlns:dt=""urn:schemas-microsoft-com:datatypes""><Description dt:dt=""string"">E-Prime Primary Realtime Clock</Description><StartTime><Timestamp dt:dt=""int"">0</Timestamp><DateUtc dt:dt=""string"">2021-07-01T13:41:59Z</DateUtc></StartTime><FrequencyChanges><FrequencyChange><Frequency dt:dt=""r8"">10000000</Frequency><Timestamp dt:dt=""r8"">5100004033126</Timestamp><Current dt:dt=""r8"">0</Current><DateUtc dt:dt=""string"">2021-07-01T13:41:59Z</DateUtc></FrequencyChange></FrequencyChanges></Clock>\n",N,SL001_FCN6BB,6,1.0.0.262,1,143.941,1880523204,Full,3.0.3.80,3.0.3.80,7/1/21,7/1/21 13:42,8:42:00,3.0.3.82,Keyboard,B,Keyboard,-999999,15,15542,0,1,1,1,1,BlockProc,BlockList,12,211,,,4,1,434.8,1302,1,384.3333333,TrialProc,TrialList,flankerIR.jpg,1,4,Keyboard,3,7,65568,160,4,454,66022,7,1,12,Incon
FC,1,1,B,"<?xml version=""1.0""?>\n<Clock xmlns:dt=""urn:schemas-microsoft-com:datatypes""><Description dt:dt=""string"">E-Prime Primary Realtime Clock</Description><StartTime><Timestamp dt:dt=""int"">0</Timestamp><DateUtc dt:dt=""string"">2021-07-01T13:41:59Z</DateUtc></StartTime><FrequencyChanges><FrequencyChange><Frequency dt:dt=""r8"">10000000</Frequency><Timestamp dt:dt=""r8"">5100004033126</Timestamp><Current dt:dt=""r8"">0</Current><DateUtc dt:dt=""string"">2021-07-01T13:41:59Z</DateUtc></FrequencyChange></FrequencyChanges></Clock>\n",N,SL001_FCN6BB,6,1.0.0.262,1,143.941,1880523204,Full,3.0.3.80,3.0.3.80,7/1/21,7/1/21 13:42,8:42:00,3.0.3.82,Keyboard,B,Keyboard,-999999,15,15542,0,1,1,1,1,BlockProc,BlockList,13,221,,,1,1,424.8333333,1302,1,383.6153846,TrialProc,TrialList,flankerIL.jpg,1,1,Keyboard,3,10,67040,160,1,375,67415,10,1,13,Incon
FC,1,1,B,"<?xml version=""1.0""?>\n<Clock xmlns:dt=""urn:schemas-microsoft-com:datatypes""><Description dt:dt=""string"">E-Prime Primary Realtime Clock</Description><StartTime><Timestamp dt:dt=""int"">0</Timestamp><DateUtc dt:dt=""string"">2021-07-01T13:41:59Z</DateUtc></StartTime><FrequencyChanges><FrequencyChange><Frequency dt:dt=""r8"">10000000</Frequency><Timestamp dt:dt=""r8"">5100004033126</Timestamp><Current dt:dt=""r8"">0</Current><DateUtc dt:dt=""string"">2021-07-01T13:41:59Z</DateUtc></FrequencyChange></FrequencyChanges></Clock>\n",N,SL001_FCN6BB,6,1.0.0.262,1,143.941,1880523204,Full,3.0.3.80,3.0.3.80,7/1/21,7/1/21 13:42,8:42:00,3.0.3.82,Keyboard,B,Keyboard,-999999,15,15542,0,1,1,1,1,BlockProc,BlockList,14,121,1,348.375,1,,,1302,1,381.1428571,TrialProc,TrialList,flankerCL.jpg,1,1,Keyboard,2,11,68513,159,1,349,68862,4,1,14,Cong
FC,1,1,B,"<?xml version=""1.0""?>\n<Clock xmlns:dt=""urn:schemas-microsoft-com:datatypes""><Description dt:dt=""string"">E-Prime Primary Realtime Clock</Description><StartTime><Timestamp dt:dt=""int"">0</Timestamp><DateUtc dt:dt=""string"">2021-07-01T13:41:59Z</DateUtc></StartTime><FrequencyChanges><FrequencyChange><Frequency dt:dt=""r8"">10000000</Frequency><Timestamp dt:dt=""r8"">5100004033126</Timestamp><Current dt:dt=""r8"">0</Current><DateUtc dt:dt=""string"">2021-07-01T13:41:59Z</DateUtc></FrequencyChange></FrequencyChanges></Clock>\n",N,SL001_FCN6BB,6,1.0.0.262,1,143.941,1880523204,Full,3.0.3.80,3.0.3.80,7/1/21,7/1/21 13:42,8:42:00,3.0.3.82,Keyboard,B,Keyboard,-999999,15,15542,0,1,1,1,1,BlockProc,BlockList,15,213,,,4,1,432.7142857,1698,1,387.7333333,TrialProc,TrialList,flankerIR.jpg,1,4,Keyboard,2,11,69985,160,4,480,70465,9,1,15,Incon
FC,1,1,B,"<?xml version=""1.0""?>\n<Clock xmlns:dt=""urn:schemas-microsoft-com:datatypes""><Description dt:dt=""string"">E-Prime Primary Realtime Clock</Description><StartTime><Timestamp dt:dt=""int"">0</Timestamp><DateUtc dt:dt=""string"">2021-07-01T13:41:59Z</DateUtc></StartTime><FrequencyChanges><FrequencyChange><Frequency dt:dt=""r8"">10000000</Frequency><Timestamp dt:dt=""r8"">5100004033126</Timestamp><Current dt:dt=""r8"">0</Current><DateUtc dt:dt=""string"">2021-07-01T13:41:59Z</DateUtc></FrequencyChange></FrequencyChanges></Clock>\n",N,SL001_FCN6BB,6,1.0.0.262,1,143.941,1880523204,Full,3.0.3.80,3.0.3.80,7/1/21,7/1/21 13:42,8:42:00,3.0.3.82,Keyboard,B,Keyboard,-999999,15,15542,0,1,1,1,1,BlockProc,BlockList,16,223,,,1,1,435.5,1698,1,391.9375,TrialProc,TrialList,flankerIL.jpg,1,1,Keyboard,2,10,71853,160,1,455,72308,12,1,16,Incon
FC,1,1,B,"<?xml version=""1.0""?>\n<Clock xmlns:dt=""urn:schemas-microsoft-com:datatypes""><Description dt:dt=""string"">E-Prime Primary Realtime Clock</Description><StartTime><Timestamp dt:dt=""int"">0</Timestamp><DateUtc dt:dt=""string"">2021-07-01T13:41:59Z</DateUtc></StartTime><FrequencyChanges><FrequencyChange><Frequency dt:dt=""r8"">10000000</Frequency><Timestamp dt:dt=""r8"">5100004033126</Timestamp><Current dt:dt=""r8"">0</Current><DateUtc dt:dt=""string"">2021-07-01T13:41:59Z</DateUtc></FrequencyChange></FrequencyChanges></Clock>\n",N,SL001_FCN6BB,6,1.0.0.262,1,143.941,1880523204,Full,3.0.3.80,3.0.3.80,7/1/21,7/1/21 13:42,8:42:00,3.0.3.82,Keyboard,B,Keyboard,-999999,15,15542,0,1,1,1,1,BlockProc,BlockList,17,222,,,1,1,439.1111111,1500,1,396.4117647,TrialProc,TrialList,flankerIL.jpg,1,1,Keyboard,2,10,73721,153,1,468,74189,11,1,17,Incon
FC,1,1,B,"<?xml version=""1.0""?>\n<Clock xmlns:dt=""urn:schemas-microsoft-com:datatypes""><Description dt:dt=""string"">E-Prime Primary Realtime Clock</Description><StartTime><Timestamp dt:dt=""int"">0</Timestamp><DateUtc dt:dt=""string"">2021-07-01T13:41:59Z</DateUtc></StartTime><FrequencyChanges><FrequencyChange><Frequency dt:dt=""r8"">10000000</Frequency><Timestamp dt:dt=""r8"">5100004033126</Timestamp><Current dt:dt=""r8"">0</Current><DateUtc dt:dt=""string"">2021-07-01T13:41:59Z</DateUtc></FrequencyChange></FrequencyChanges></Clock>\n",N,SL001_FCN6BB,6,1.0.0.262,1,143.941,1880523204,Full,3.0.3.80,3.0.3.80,7/1/21,7/1/21 13:42,8:42:00,3.0.3.82,Keyboard,B,Keyboard,-999999,15,15542,0,1,1,1,1,BlockProc,BlockList,18,121,1,357.7777778,1,,,1302,1,398.4444444,TrialProc,TrialList,flankerCL.jpg,1,1,Keyboard,3,6,75380,153,1,433,75813,4,1,18,Cong
FC,1,1,B,"<?xml version=""1.0""?>\n<Clock xmlns:dt=""urn:schemas-microsoft-com:datatypes""><Description dt:dt=""string"">E-Prime Primary Realtime Clock</Description><StartTime><Timestamp dt:dt=""int"">0</Timestamp><DateUtc dt:dt=""string"">2021-07-01T13:41:59Z</DateUtc></StartTime><FrequencyChanges><FrequencyChange><Frequency dt:dt=""r8"">10000000</Frequency><Timestamp dt:dt=""r8"">5100004033126</Timestamp><Current dt:dt=""r8"">0</Current><DateUtc dt:dt=""string"">2021-07-01T13:41:59Z</DateUtc></FrequencyChange></FrequencyChanges></Clock>\n",N,SL001_FCN6BB,6,1.0.0.262,1,143.941,1880523204,Full,3.0.3.80,3.0.3.80,7/1/21,7/1/21 13:42,8:42:00,3.0.3.82,Keyboard,B,Keyboard,-999999,15,15542,0,1,1,1,1,BlockProc,BlockList,19,121,1,368.8,1,,,1302,1,402.1052632,TrialProc,TrialList,flankerCL.jpg,1,1,Keyboard,2,11,76846,159,1,468,77314,4,1,19,Cong
FC,1,1,B,"<?xml version=""1.0""?>\n<Clock xmlns:dt=""urn:schemas-microsoft-com:datatypes""><Description dt:dt=""string"">E-Prime Primary Realtime Clock</Description><StartTime><Timestamp dt:dt=""int"">0</Timestamp><DateUtc dt:dt=""string"">2021-07-01T13:41:59Z</DateUtc></StartTime><FrequencyChanges><FrequencyChange><Frequency dt:dt=""r8"">10000000</Frequency><Timestamp dt:dt=""r8"">5100004033126</Timestamp><Current dt:dt=""r8"">0</Current><DateUtc dt:dt=""string"">2021-07-01T13:41:59Z</DateUtc></FrequencyChange></FrequencyChanges></Clock>\n",N,SL001_FCN6BB,6,1.0.0.262,1,143.941,1880523204,Full,3.0.3.80,3.0.3.80,7/1/21,7/1/21 13:42,8:42:00,3.0.3.82,Keyboard,B,Keyboard,-999999,15,15542,0,1,1,1,1,BlockProc,BlockList,20,211,,,4,1,438.3,1302,1,403.55,TrialProc,TrialList,flankerIR.jpg,1,4,Keyboard,2,11,78318,160,4,431,78749,7,1,20,Incon
FC,1,1,B,"<?xml version=""1.0""?>\n<Clock xmlns:dt=""urn:schemas-microsoft-com:datatypes""><Description dt:dt=""string"">E-Prime Primary Realtime Clock</Description><StartTime><Timestamp dt:dt=""int"">0</Timestamp><DateUtc dt:dt=""string"">2021-07-01T13:41:59Z</DateUtc></StartTime><FrequencyChanges><FrequencyChange><Frequency dt:dt=""r8"">10000000</Frequency><Timestamp dt:dt=""r8"">5100004033126</Timestamp><Current dt:dt=""r8"">0</Current><DateUtc dt:dt=""string"">2021-07-01T13:41:59Z</DateUtc></FrequencyChange></FrequencyChanges></Clock>\n",N,SL001_FCN6BB,6,1.0.0.262,1,143.941,1880523204,Full,3.0.3.80,3.0.3.80,7/1/21,7/1/21 13:42,8:42:00,3.0.3.82,Keyboard,B,Keyboard,-999999,15,15542,0,1,1,1,1,BlockProc,BlockList,21,213,,,4,1,431.8181818,1698,1,401.8095238,TrialProc,TrialList,flankerIR.jpg,1,4,Keyboard,2,10,79790,160,4,367,80157,9,1,21,Incon
FC,1,1,B,"<?xml version=""1.0""?>\n<Clock xmlns:dt=""urn:schemas-microsoft-com:datatypes""><Description dt:dt=""string"">E-Prime Primary Realtime Clock</Description><StartTime><Timestamp dt:dt=""int"">0</Timestamp><DateUtc dt:dt=""string"">2021-07-01T13:41:59Z</DateUtc></StartTime><FrequencyChanges><FrequencyChange><Frequency dt:dt=""r8"">10000000</Frequency><Timestamp dt:dt=""r8"">5100004033126</Timestamp><Current dt:dt=""r8"">0</Current><DateUtc dt:dt=""string"">2021-07-01T13:41:59Z</DateUtc></FrequencyChange></FrequencyChanges></Clock>\n",N,SL001_FCN6BB,6,1.0.0.262,1,143.941,1880523204,Full,3.0.3.80,3.0.3.80,7/1/21,7/1/21 13:42,8:42:00,3.0.3.82,Keyboard,B,Keyboard,-999999,15,15542,0,1,1,1,1,BlockProc,BlockList,22,211,,,4,1,431.8333333,1302,1,403.1818182,TrialProc,TrialList,flankerIR.jpg,1,4,Keyboard,2,10,81658,160,4,432,82090,7,1,22,Incon
FC,1,1,B,"<?xml version=""1.0""?>\n<Clock xmlns:dt=""urn:schemas-microsoft-com:datatypes""><Description dt:dt=""string"">E-Prime Primary Realtime Clock</Description><StartTime><Timestamp dt:dt=""int"">0</Timestamp><DateUtc dt:dt=""string"">2021-07-01T13:41:59Z</DateUtc></StartTime><FrequencyChanges><FrequencyChange><Frequency dt:dt=""r8"">10000000</Frequency><Timestamp dt:dt=""r8"">5100004033126</Timestamp><Current dt:dt=""r8"">0</Current><DateUtc dt:dt=""string"">2021-07-01T13:41:59Z</DateUtc></FrequencyChange></FrequencyChanges></Clock>\n",N,SL001_FCN6BB,6,1.0.0.262,1,143.941,1880523204,Full,3.0.3.80,3.0.3.80,7/1/21,7/1/21 13:42,8:42:00,3.0.3.82,Keyboard,B,Keyboard,-999999,15,15542,0,1,1,1,1,BlockProc,BlockList,23,211,,,4,1,426,1302,1,401.1304348,TrialProc,TrialList,flankerIR.jpg,1,4,Keyboard,3,10,83130,160,4,356,83486,7,1,23,Incon
FC,1,1,B,"<?xml version=""1.0""?>\n<Clock xmlns:dt=""urn:schemas-microsoft-com:datatypes""><Description dt:dt=""string"">E-Prime Primary Realtime Clock</Description><StartTime><Timestamp dt:dt=""int"">0</Timestamp><DateUtc dt:dt=""string"">2021-07-01T13:41:59Z</DateUtc></StartTime><FrequencyChanges><FrequencyChange><Frequency dt:dt=""r8"">10000000</Frequency><Timestamp dt:dt=""r8"">5100004033126</Timestamp><Current dt:dt=""r8"">0</Current><DateUtc dt:dt=""string"">2021-07-01T13:41:59Z</DateUtc></FrequencyChange></FrequencyChanges></Clock>\n",N,SL001_FCN6BB,6,1.0.0.262,1,143.941,1880523204,Full,3.0.3.80,3.0.3.80,7/1/21,7/1/21 13:42,8:42:00,3.0.3.82,Keyboard,B,Keyboard,-999999,15,15542,0,1,1,1,1,BlockProc,BlockList,24,223,,,1,0.928571429,,1698,0.958333333,,TrialProc,TrialList,flankerIL.jpg,0,1,Keyboard,3,10,84602,160,4,373,84975,12,1,24,Incon
FC,1,1,B,"<?xml version=""1.0""?>\n<Clock xmlns:dt=""urn:schemas-microsoft-com:datatypes""><Description dt:dt=""string"">E-Prime Primary Realtime Clock</Description><StartTime><Timestamp dt:dt=""int"">0</Timestamp><DateUtc dt:dt=""string"">2021-07-01T13:41:59Z</DateUtc></StartTime><FrequencyChanges><FrequencyChange><Frequency dt:dt=""r8"">10000000</Frequency><Timestamp dt:dt=""r8"">5100004033126</Timestamp><Current dt:dt=""r8"">0</Current><DateUtc dt:dt=""string"">2021-07-01T13:41:59Z</DateUtc></FrequencyChange></FrequencyChanges></Clock>\n",N,SL001_FCN6BB,6,1.0.0.262,1,143.941,1880523204,Full,3.0.3.80,3.0.3.80,7/1/21,7/1/21 13:42,8:42:00,3.0.3.82,Keyboard,B,Keyboard,-999999,15,15542,0,1,1,1,1,BlockProc,BlockList,25,121,1,367.9090909,1,,,1302,0.96,399.375,TrialProc,TrialList,flankerCL.jpg,1,1,Keyboard,3,10,86470,160,1,359,86829,4,1,25,Cong
FC,1,1,B,"<?xml version=""1.0""?>\n<Clock xmlns:dt=""urn:schemas-microsoft-com:datatypes""><Description dt:dt=""string"">E-Prime Primary Realtime Clock</Description><StartTime><Timestamp dt:dt=""int"">0</Timestamp><DateUtc dt:dt=""string"">2021-07-01T13:41:59Z</DateUtc></StartTime><FrequencyChanges><FrequencyChange><Frequency dt:dt=""r8"">10000000</Frequency><Timestamp dt:dt=""r8"">5100004033126</Timestamp><Current dt:dt=""r8"">0</Current><DateUtc dt:dt=""string"">2021-07-01T13:41:59Z</DateUtc></FrequencyChange></FrequencyChanges></Clock>\n",N,SL001_FCN6BB,6,1.0.0.262,1,143.941,1880523204,Full,3.0.3.80,3.0.3.80,7/1/21,7/1/21 13:42,8:42:00,3.0.3.82,Keyboard,B,Keyboard,-999999,15,15542,0,1,1,1,1,BlockProc,BlockList,26,122,1,368.25,1,,,1500,0.961538462,398.28,TrialProc,TrialList,flankerCL.jpg,1,1,Keyboard,2,11,87943,159,1,372,88315,5,1,26,Cong
FC,1,1,B,"<?xml version=""1.0""?>\n<Clock xmlns:dt=""urn:schemas-microsoft-com:datatypes""><Description dt:dt=""string"">E-Prime Primary Realtime Clock</Description><StartTime><Timestamp dt:dt=""int"">0</Timestamp><DateUtc dt:dt=""string"">2021-07-01T13:41:59Z</DateUtc></StartTime><FrequencyChanges><FrequencyChange><Frequency dt:dt=""r8"">10000000</Frequency><Timestamp dt:dt=""r8"">5100004033126</Timestamp><Current dt:dt=""r8"">0</Current><DateUtc dt:dt=""string"">2021-07-01T13:41:59Z</DateUtc></FrequencyChange></FrequencyChanges></Clock>\n",N,SL001_FCN6BB,6,1.0.0.262,1,143.941,1880523204,Full,3.0.3.80,3.0.3.80,7/1/21,7/1/21 13:42,8:42:00,3.0.3.82,Keyboard,B,Keyboard,-999999,15,15542,0,1,1,1,1,BlockProc,BlockList,27,113,1,370.9230769,4,,,1698,0.962962963,398.4615385,TrialProc,TrialList,flankerCR.jpg,1,4,Keyboard,2,7,89609,160,4,403,90012,3,1,27,Cong
FC,1,1,B,"<?xml version=""1.0""?>\n<Clock xmlns:dt=""urn:schemas-microsoft-com:datatypes""><Description dt:dt=""string"">E-Prime Primary Realtime Clock</Description><StartTime><Timestamp dt:dt=""int"">0</Timestamp><DateUtc dt:dt=""string"">2021-07-01T13:41:59Z</DateUtc></StartTime><FrequencyChanges><FrequencyChange><Frequency dt:dt=""r8"">10000000</Frequency><Timestamp dt:dt=""r8"">5100004033126</Timestamp><Current dt:dt=""r8"">0</Current><DateUtc dt:dt=""string"">2021-07-01T13:41:59Z</DateUtc></FrequencyChange></FrequencyChanges></Clock>\n",N,SL001_FCN6BB,6,1.0.0.262,1,143.941,1880523204,Full,3.0.3.80,3.0.3.80,7/1/21,7/1/21 13:42,8:42:00,3.0.3.82,Keyboard,B,Keyboard,-999999,15,15542,0,1,1,1,1,BlockProc,BlockList,28,122,1,371.2142857,1,,,1500,0.964285714,397.5925926,TrialProc,TrialList,flankerCL.jpg,1,1,Keyboard,2,10,91477,160,1,375,91852,5,1,28,Cong
FC,1,1,B,"<?xml version=""1.0""?>\n<Clock xmlns:dt=""urn:schemas-microsoft-com:datatypes""><Description dt:dt=""string"">E-Prime Primary Realtime Clock</Description><StartTime><Timestamp dt:dt=""int"">0</Timestamp><DateUtc dt:dt=""string"">2021-07-01T13:41:59Z</DateUtc></StartTime><FrequencyChanges><FrequencyChange><Frequency dt:dt=""r8"">10000000</Frequency><Timestamp dt:dt=""r8"">5100004033126</Timestamp><Current dt:dt=""r8"">0</Current><DateUtc dt:dt=""string"">2021-07-01T13:41:59Z</DateUtc></FrequencyChange></FrequencyChanges></Clock>\n",N,SL001_FCN6BB,6,1.0.0.262,1,143.941,1880523204,Full,3.0.3.80,3.0.3.80,7/1/21,7/1/21 13:42,8:42:00,3.0.3.82,Keyboard,B,Keyboard,-999999,15,15542,0,1,1,1,1,BlockProc,BlockList,29,213,,,4,0.933333333,422.9285714,1698,0.965517241,397.0714286,TrialProc,TrialList,flankerIR.jpg,1,4,Keyboard,2,7,93144,159,4,383,93527,9,1,29,Incon
FC,1,1,B,"<?xml version=""1.0""?>\n<Clock xmlns:dt=""urn:schemas-microsoft-com:datatypes""><Description dt:dt=""string"">E-Prime Primary Realtime Clock</Description><StartTime><Timestamp dt:dt=""int"">0</Timestamp><DateUtc dt:dt=""string"">2021-07-01T13:41:59Z</DateUtc></StartTime><FrequencyChanges><FrequencyChange><Frequency dt:dt=""r8"">10000000</Frequency><Timestamp dt:dt=""r8"">5100004033126</Timestamp><Current dt:dt=""r8"">0</Current><DateUtc dt:dt=""string"">2021-07-01T13:41:59Z</DateUtc></FrequencyChange></FrequencyChanges></Clock>\n",N,SL001_FCN6BB,6,1.0.0.262,1,143.941,1880523204,Full,3.0.3.80,3.0.3.80,7/1/21,7/1/21 13:42,8:42:00,3.0.3.82,Keyboard,B,Keyboard,-999999,15,15542,0,1,1,1,1,BlockProc,BlockList,30,113,1,367.4666667,4,,,1698,0.966666667,394.2413793,TrialProc,TrialList,flankerCR.jpg,1,4,Keyboard,2,11,95012,153,4,315,95327,3,1,30,Cong
FC,1,1,B,"<?xml version=""1.0""?>\n<Clock xmlns:dt=""urn:schemas-microsoft-com:datatypes""><Description dt:dt=""string"">E-Prime Primary Realtime Clock</Description><StartTime><Timestamp dt:dt=""int"">0</Timestamp><DateUtc dt:dt=""string"">2021-07-01T13:41:59Z</DateUtc></StartTime><FrequencyChanges><FrequencyChange><Frequency dt:dt=""r8"">10000000</Frequency><Timestamp dt:dt=""r8"">5100004033126</Timestamp><Current dt:dt=""r8"">0</Current><DateUtc dt:dt=""string"">2021-07-01T13:41:59Z</DateUtc></FrequencyChange></FrequencyChanges></Clock>\n",N,SL001_FCN6BB,6,1.0.0.262,1,143.941,1880523204,Full,3.0.3.80,3.0.3.80,7/1/21,7/1/21 13:42,8:42:00,3.0.3.82,Keyboard,B,Keyboard,-999999,15,15542,0,1,1,1,1,BlockProc,BlockList,31,113,1,364.5,4,,,1698,0.967741935,391.7666667,TrialProc,TrialList,flankerCR.jpg,1,4,Keyboard,2,10,96873,159,4,320,97193,3,1,31,Cong
FC,1,1,B,"<?xml version=""1.0""?>\n<Clock xmlns:dt=""urn:schemas-microsoft-com:datatypes""><Description dt:dt=""string"">E-Prime Primary Realtime Clock</Description><StartTime><Timestamp dt:dt=""int"">0</Timestamp><DateUtc dt:dt=""string"">2021-07-01T13:41:59Z</DateUtc></StartTime><FrequencyChanges><FrequencyChange><Frequency dt:dt=""r8"">10000000</Frequency><Timestamp dt:dt=""r8"">5100004033126</Timestamp><Current dt:dt=""r8"">0</Current><DateUtc dt:dt=""string"">2021-07-01T13:41:59Z</DateUtc></FrequencyChange></FrequencyChanges></Clock>\n",N,SL001_FCN6BB,6,1.0.0.262,1,143.941,1880523204,Full,3.0.3.80,3.0.3.80,7/1/21,7/1/21 13:42,8:42:00,3.0.3.82,Keyboard,B,Keyboard,-999999,15,15542,0,1,1,1,1,BlockProc,BlockList,32,212,,,4,0.9375,424,1500,0.96875,393.2903226,TrialProc,TrialList,flankerIR.jpg,1,4,Keyboard,2,11,98741,153,4,439,99180,8,1,32,Incon
FC,1,1,B,"<?xml version=""1.0""?>\n<Clock xmlns:dt=""urn:schemas-microsoft-com:datatypes""><Description dt:dt=""string"">E-Prime Primary Realtime Clock</Description><StartTime><Timestamp dt:dt=""int"">0</Timestamp><DateUtc dt:dt=""string"">2021-07-01T13:41:59Z</DateUtc></StartTime><FrequencyChanges><FrequencyChange><Frequency dt:dt=""r8"">10000000</Frequency><Timestamp dt:dt=""r8"">5100004033126</Timestamp><Current dt:dt=""r8"">0</Current><DateUtc dt:dt=""string"">2021-07-01T13:41:59Z</DateUtc></FrequencyChange></FrequencyChanges></Clock>\n",N,SL001_FCN6BB,6,1.0.0.262,1,143.941,1880523204,Full,3.0.3.80,3.0.3.80,7/1/21,7/1/21 13:42,8:42:00,3.0.3.82,Keyboard,B,Keyboard,-999999,15,15542,0,1,1,1,1,BlockProc,BlockList,33,122,1,365.5294118,1,,,1500,0.96969697,392.9375,TrialProc,TrialList,flankerCL.jpg,1,1,Keyboard,3,6,100400,160,1,382,100782,5,1,33,Cong
FC,1,1,B,"<?xml version=""1.0""?>\n<Clock xmlns:dt=""urn:schemas-microsoft-com:datatypes""><Description dt:dt=""string"">E-Prime Primary Realtime Clock</Description><StartTime><Timestamp dt:dt=""int"">0</Timestamp><DateUtc dt:dt=""string"">2021-07-01T13:41:59Z</DateUtc></StartTime><FrequencyChanges><FrequencyChange><Frequency dt:dt=""r8"">10000000</Frequency><Timestamp dt:dt=""r8"">5100004033126</Timestamp><Current dt:dt=""r8"">0</Current><DateUtc dt:dt=""string"">2021-07-01T13:41:59Z</DateUtc></FrequencyChange></FrequencyChanges></Clock>\n",N,SL001_FCN6BB,6,1.0.0.262,1,143.941,1880523204,Full,3.0.3.80,3.0.3.80,7/1/21,7/1/21 13:42,8:42:00,3.0.3.82,Keyboard,B,Keyboard,-999999,15,15542,0,1,1,1,1,BlockProc,BlockList,34,223,,,1,0.941176471,432.4375,1698,0.970588235,397.969697,TrialProc,TrialList,flankerIL.jpg,1,1,Keyboard,2,7,102067,160,1,559,102626,12,1,34,Incon
FC,1,1,B,"<?xml version=""1.0""?>\n<Clock xmlns:dt=""urn:schemas-microsoft-com:datatypes""><Description dt:dt=""string"">E-Prime Primary Realtime Clock</Description><StartTime><Timestamp dt:dt=""int"">0</Timestamp><DateUtc dt:dt=""string"">2021-07-01T13:41:59Z</DateUtc></StartTime><FrequencyChanges><FrequencyChange><Frequency dt:dt=""r8"">10000000</Frequency><Timestamp dt:dt=""r8"">5100004033126</Timestamp><Current dt:dt=""r8"">0</Current><DateUtc dt:dt=""string"">2021-07-01T13:41:59Z</DateUtc></FrequencyChange></FrequencyChanges></Clock>\n",N,SL001_FCN6BB,6,1.0.0.262,1,143.941,1880523204,Full,3.0.3.80,3.0.3.80,7/1/21,7/1/21 13:42,8:42:00,3.0.3.82,Keyboard,B,Keyboard,-999999,15,15542,0,1,1,1,1,BlockProc,BlockList,35,111,1,365.0555556,4,,,1302,0.971428571,396.7647059,TrialProc,TrialList,flankerCR.jpg,1,4,Keyboard,2,10,103935,160,4,357,104292,1,1,35,Cong
FC,1,1,B,"<?xml version=""1.0""?>\n<Clock xmlns:dt=""urn:schemas-microsoft-com:datatypes""><Description dt:dt=""string"">E-Prime Primary Realtime Clock</Description><StartTime><Timestamp dt:dt=""int"">0</Timestamp><DateUtc dt:dt=""string"">2021-07-01T13:41:59Z</DateUtc></StartTime><FrequencyChanges><FrequencyChange><Frequency dt:dt=""r8"">10000000</Frequency><Timestamp dt:dt=""r8"">5100004033126</Timestamp><Current dt:dt=""r8"">0</Current><DateUtc dt:dt=""string"">2021-07-01T13:41:59Z</DateUtc></FrequencyChange></FrequencyChanges></Clock>\n",N,SL001_FCN6BB,6,1.0.0.262,1,143.941,1880523204,Full,3.0.3.80,3.0.3.80,7/1/21,7/1/21 13:42,8:42:00,3.0.3.82,Keyboard,B,Keyboard,-999999,15,15542,0,1,1,1,1,BlockProc,BlockList,36,121,1,367.9473684,1,,,1302,0.972222222,397.4285714,TrialProc,TrialList,flankerCL.jpg,1,1,Keyboard,2,10,105407,160,1,420,105827,4,1,36,Cong
FC,1,1,B,"<?xml version=""1.0""?>\n<Clock xmlns:dt=""urn:schemas-microsoft-com:datatypes""><Description dt:dt=""string"">E-Prime Primary Realtime Clock</Description><StartTime><Timestamp dt:dt=""int"">0</Timestamp><DateUtc dt:dt=""string"">2021-07-01T13:41:59Z</DateUtc></StartTime><FrequencyChanges><FrequencyChange><Frequency dt:dt=""r8"">10000000</Frequency><Timestamp dt:dt=""r8"">5100004033126</Timestamp><Current dt:dt=""r8"">0</Current><DateUtc dt:dt=""string"">2021-07-01T13:41:59Z</DateUtc></FrequencyChange></FrequencyChanges></Clock>\n",N,SL001_FCN6BB,6,1.0.0.262,1,143.941,1880523204,Full,3.0.3.80,3.0.3.80,7/1/21,7/1/21 13:42,8:42:00,3.0.3.82,Keyboard,B,Keyboard,-999999,15,15542,0,1,1,1,1,BlockProc,BlockList,37,123,1,370.8,1,,,1698,0.972972973,398.1944444,TrialProc,TrialList,flankerCL.jpg,1,1,Keyboard,3,10,106879,160,1,425,107304,6,1,37,Cong
FC,1,1,B,"<?xml version=""1.0""?>\n<Clock xmlns:dt=""urn:schemas-microsoft-com:datatypes""><Description dt:dt=""string"">E-Prime Primary Realtime Clock</Description><StartTime><Timestamp dt:dt=""int"">0</Timestamp><DateUtc dt:dt=""string"">2021-07-01T13:41:59Z</DateUtc></StartTime><FrequencyChanges><FrequencyChange><Frequency dt:dt=""r8"">10000000</Frequency><Timestamp dt:dt=""r8"">5100004033126</Timestamp><Current dt:dt=""r8"">0</Current><DateUtc dt:dt=""string"">2021-07-01T13:41:59Z</DateUtc></FrequencyChange></FrequencyChanges></Clock>\n",N,SL001_FCN6BB,6,1.0.0.262,1,143.941,1880523204,Full,3.0.3.80,3.0.3.80,7/1/21,7/1/21 13:42,8:42:00,3.0.3.82,Keyboard,B,Keyboard,-999999,15,15542,0,1,1,1,1,BlockProc,BlockList,38,111,1,370.3333333,4,,,1302,0.973684211,397.1891892,TrialProc,TrialList,flankerCR.jpg,1,4,Keyboard,3,10,108747,160,4,361,109108,1,1,38,Cong
FC,1,1,B,"<?xml version=""1.0""?>\n<Clock xmlns:dt=""urn:schemas-microsoft-com:datatypes""><Description dt:dt=""string"">E-Prime Primary Realtime Clock</Description><StartTime><Timestamp dt:dt=""int"">0</Timestamp><DateUtc dt:dt=""string"">2021-07-01T13:41:59Z</DateUtc></StartTime><FrequencyChanges><FrequencyChange><Frequency dt:dt=""r8"">10000000</Frequency><Timestamp dt:dt=""r8"">5100004033126</Timestamp><Current dt:dt=""r8"">0</Current><DateUtc dt:dt=""string"">2021-07-01T13:41:59Z</DateUtc></FrequencyChange></FrequencyChanges></Clock>\n",N,SL001_FCN6BB,6,1.0.0.262,1,143.941,1880523204,Full,3.0.3.80,3.0.3.80,7/1/21,7/1/21 13:42,8:42:00,3.0.3.82,Keyboard,B,Keyboard,-999999,15,15542,0,1,1,1,1,BlockProc,BlockList,39,222,,,1,0.944444444,429.1764706,1500,0.974358974,396.6578947,TrialProc,TrialList,flankerIL.jpg,1,1,Keyboard,3,10,110219,160,1,377,110596,11,1,39,Incon
FC,1,1,B,"<?xml version=""1.0""?>\n<Clock xmlns:dt=""urn:schemas-microsoft-com:datatypes""><Description dt:dt=""string"">E-Prime Primary Realtime Clock</Description><StartTime><Timestamp dt:dt=""int"">0</Timestamp><DateUtc dt:dt=""string"">2021-07-01T13:41:59Z</DateUtc></StartTime><FrequencyChanges><FrequencyChange><Frequency dt:dt=""r8"">10000000</Frequency><Timestamp dt:dt=""r8"">5100004033126</Timestamp><Current dt:dt=""r8"">0</Current><DateUtc dt:dt=""string"">2021-07-01T13:41:59Z</DateUtc></FrequencyChange></FrequencyChanges></Clock>\n",N,SL001_FCN6BB,6,1.0.0.262,1,143.941,1880523204,Full,3.0.3.80,3.0.3.80,7/1/21,7/1/21 13:42,8:42:00,3.0.3.82,Keyboard,B,Keyboard,-999999,15,15542,0,1,1,1,1,BlockProc,BlockList,40,211,,,4,0.947368421,423.8888889,1302,0.975,395.0512821,TrialProc,TrialList,flankerIR.jpg,1,4,Keyboard,2,7,111886,160,4,334,112220,7,1,40,Incon
FC,1,1,B,"<?xml version=""1.0""?>\n<Clock xmlns:dt=""urn:schemas-microsoft-com:datatypes""><Description dt:dt=""string"">E-Prime Primary Realtime Clock</Description><StartTime><Timestamp dt:dt=""int"">0</Timestamp><DateUtc dt:dt=""string"">2021-07-01T13:41:59Z</DateUtc></StartTime><FrequencyChanges><FrequencyChange><Frequency dt:dt=""r8"">10000000</Frequency><Timestamp dt:dt=""r8"">5100004033126</Timestamp><Current dt:dt=""r8"">0</Current><DateUtc dt:dt=""string"">2021-07-01T13:41:59Z</DateUtc></FrequencyChange></FrequencyChanges></Clock>\n",N,SL001_FCN6BB,6,1.0.0.262,1,143.941,1880523204,Full,3.0.3.80,3.0.3.80,7/1/21,7/1/21 13:42,8:42:00,3.0.3.82,Keyboard,B,Keyboard,-999999,15,15542,0,1,1,1,1,BlockProc,BlockList,41,121,1,368.3181818,1,,,1302,0.975609756,393.325,TrialProc,TrialList,flankerCL.jpg,1,1,Keyboard,3,10,113358,160,1,326,113684,4,1,41,Cong
FC,1,1,B,"<?xml version=""1.0""?>\n<Clock xmlns:dt=""urn:schemas-microsoft-com:datatypes""><Description dt:dt=""string"">E-Prime Primary Realtime Clock</Description><StartTime><Timestamp dt:dt=""int"">0</Timestamp><DateUtc dt:dt=""string"">2021-07-01T13:41:59Z</DateUtc></StartTime><FrequencyChanges><FrequencyChange><Frequency dt:dt=""r8"">10000000</Frequency><Timestamp dt:dt=""r8"">5100004033126</Timestamp><Current dt:dt=""r8"">0</Current><DateUtc dt:dt=""string"">2021-07-01T13:41:59Z</DateUtc></FrequencyChange></FrequencyChanges></Clock>\n",N,SL001_FCN6BB,6,1.0.0.262,1,143.941,1880523204,Full,3.0.3.80,3.0.3.80,7/1/21,7/1/21 13:42,8:42:00,3.0.3.82,Keyboard,B,Keyboard,-999999,15,15542,0,1,1,1,1,BlockProc,BlockList,42,122,1,367,1,,,1500,0.976190476,391.9756098,TrialProc,TrialList,flankerCL.jpg,1,1,Keyboard,3,10,114830,160,1,338,115168,5,1,42,Cong
FC,1,1,B,"<?xml version=""1.0""?>\n<Clock xmlns:dt=""urn:schemas-microsoft-com:datatypes""><Description dt:dt=""string"">E-Prime Primary Realtime Clock</Description><StartTime><Timestamp dt:dt=""int"">0</Timestamp><DateUtc dt:dt=""string"">2021-07-01T13:41:59Z</DateUtc></StartTime><FrequencyChanges><FrequencyChange><Frequency dt:dt=""r8"">10000000</Frequency><Timestamp dt:dt=""r8"">5100004033126</Timestamp><Current dt:dt=""r8"">0</Current><DateUtc dt:dt=""string"">2021-07-01T13:41:59Z</DateUtc></FrequencyChange></FrequencyChanges></Clock>\n",N,SL001_FCN6BB,6,1.0.0.262,1,143.941,1880523204,Full,3.0.3.80,3.0.3.80,7/1/21,7/1/21 13:42,8:42:00,3.0.3.82,Keyboard,B,Keyboard,-999999,15,15542,0,1,1,1,1,BlockProc,BlockList,43,111,1,365.6666667,4,,,1302,0.976744186,390.6190476,TrialProc,TrialList,flankerCR.jpg,1,4,Keyboard,2,7,116497,160,4,335,116832,1,1,43,Cong
FC,1,1,B,"<?xml version=""1.0""?>\n<Clock xmlns:dt=""urn:schemas-microsoft-com:datatypes""><Description dt:dt=""string"">E-Prime Primary Realtime Clock</Description><StartTime><Timestamp dt:dt=""int"">0</Timestamp><DateUtc dt:dt=""string"">2021-07-01T13:41:59Z</DateUtc></StartTime><FrequencyChanges><FrequencyChange><Frequency dt:dt=""r8"">10000000</Frequency><Timestamp dt:dt=""r8"">5100004033126</Timestamp><Current dt:dt=""r8"">0</Current><DateUtc dt:dt=""string"">2021-07-01T13:41:59Z</DateUtc></FrequencyChange></FrequencyChanges></Clock>\n",N,SL001_FCN6BB,6,1.0.0.262,1,143.941,1880523204,Full,3.0.3.80,3.0.3.80,7/1/21,7/1/21 13:42,8:42:00,3.0.3.82,Keyboard,B,Keyboard,-999999,15,15542,0,1,1,1,1,BlockProc,BlockList,44,113,1,363.64,4,,,1698,0.977272727,388.8604651,TrialProc,TrialList,flankerCR.jpg,1,4,Keyboard,3,10,117969,160,4,315,118284,3,1,44,Cong
FC,1,1,B,"<?xml version=""1.0""?>\n<Clock xmlns:dt=""urn:schemas-microsoft-com:datatypes""><Description dt:dt=""string"">E-Prime Primary Realtime Clock</Description><StartTime><Timestamp dt:dt=""int"">0</Timestamp><DateUtc dt:dt=""string"">2021-07-01T13:41:59Z</DateUtc></StartTime><FrequencyChanges><FrequencyChange><Frequency dt:dt=""r8"">10000000</Frequency><Timestamp dt:dt=""r8"">5100004033126</Timestamp><Current dt:dt=""r8"">0</Current><DateUtc dt:dt=""string"">2021-07-01T13:41:59Z</DateUtc></FrequencyChange></FrequencyChanges></Clock>\n",N,SL001_FCN6BB,6,1.0.0.262,1,143.941,1880523204,Full,3.0.3.80,3.0.3.80,7/1/21,7/1/21 13:42,8:42:00,3.0.3.82,Keyboard,B,Keyboard,-999999,15,15542,0,1,1,1,1,BlockProc,BlockList,45,111,1,364.1153846,4,,,1302,0.977777778,388.5681818,TrialProc,TrialList,flankerCR.jpg,1,4,Keyboard,2,10,119837,160,4,376,120213,1,1,45,Cong
FC,1,1,B,"<?xml version=""1.0""?>\n<Clock xmlns:dt=""urn:schemas-microsoft-com:datatypes""><Description dt:dt=""string"">E-Prime Primary Realtime Clock</Description><StartTime><Timestamp dt:dt=""int"">0</Timestamp><DateUtc dt:dt=""string"">2021-07-01T13:41:59Z</DateUtc></StartTime><FrequencyChanges><FrequencyChange><Frequency dt:dt=""r8"">10000000</Frequency><Timestamp dt:dt=""r8"">5100004033126</Timestamp><Current dt:dt=""r8"">0</Current><DateUtc dt:dt=""string"">2021-07-01T13:41:59Z</DateUtc></FrequencyChange></FrequencyChanges></Clock>\n",N,SL001_FCN6BB,6,1.0.0.262,1,143.941,1880523204,Full,3.0.3.80,3.0.3.80,7/1/21,7/1/21 13:42,8:42:00,3.0.3.82,Keyboard,B,Keyboard,-999999,15,15542,0,1,1,1,1,BlockProc,BlockList,46,121,1,370.5185185,1,,,1302,0.97826087,391.8666667,TrialProc,TrialList,flankerCL.jpg,1,1,Keyboard,3,10,121309,153,1,537,121846,4,1,46,Cong
FC,1,1,B,"<?xml version=""1.0""?>\n<Clock xmlns:dt=""urn:schemas-microsoft-com:datatypes""><Description dt:dt=""string"">E-Prime Primary Realtime Clock</Description><StartTime><Timestamp dt:dt=""int"">0</Timestamp><DateUtc dt:dt=""string"">2021-07-01T13:41:59Z</DateUtc></StartTime><FrequencyChanges><FrequencyChange><Frequency dt:dt=""r8"">10000000</Frequency><Timestamp dt:dt=""r8"">5100004033126</Timestamp><Current dt:dt=""r8"">0</Current><DateUtc dt:dt=""string"">2021-07-01T13:41:59Z</DateUtc></FrequencyChange></FrequencyChanges></Clock>\n",N,SL001_FCN6BB,6,1.0.0.262,1,143.941,1880523204,Full,3.0.3.80,3.0.3.80,7/1/21,7/1/21 13:42,8:42:00,3.0.3.82,Keyboard,B,Keyboard,-999999,15,15542,0,1,1,1,1,BlockProc,BlockList,47,123,1,371,1,,,1698,0.978723404,391.6956522,TrialProc,TrialList,flankerCL.jpg,1,1,Keyboard,2,11,122775,159,1,384,123159,6,1,47,Cong
FC,1,1,B,"<?xml version=""1.0""?>\n<Clock xmlns:dt=""urn:schemas-microsoft-com:datatypes""><Description dt:dt=""string"">E-Prime Primary Realtime Clock</Description><StartTime><Timestamp dt:dt=""int"">0</Timestamp><DateUtc dt:dt=""string"">2021-07-01T13:41:59Z</DateUtc></StartTime><FrequencyChanges><FrequencyChange><Frequency dt:dt=""r8"">10000000</Frequency><Timestamp dt:dt=""r8"">5100004033126</Timestamp><Current dt:dt=""r8"">0</Current><DateUtc dt:dt=""string"">2021-07-01T13:41:59Z</DateUtc></FrequencyChange></FrequencyChanges></Clock>\n",N,SL001_FCN6BB,6,1.0.0.262,1,143.941,1880523204,Full,3.0.3.80,3.0.3.80,7/1/21,7/1/21 13:42,8:42:00,3.0.3.82,Keyboard,B,Keyboard,-999999,15,15542,0,1,1,1,1,BlockProc,BlockList,48,222,,,1,0.95,425.1578947,1500,0.979166667,392.893617,TrialProc,TrialList,flankerIL.jpg,1,1,Keyboard,2,11,124643,159,1,448,125091,11,1,48,Incon
FC,1,1,B,"<?xml version=""1.0""?>\n<Clock xmlns:dt=""urn:schemas-microsoft-com:datatypes""><Description dt:dt=""string"">E-Prime Primary Realtime Clock</Description><StartTime><Timestamp dt:dt=""int"">0</Timestamp><DateUtc dt:dt=""string"">2021-07-01T13:41:59Z</DateUtc></StartTime><FrequencyChanges><FrequencyChange><Frequency dt:dt=""r8"">10000000</Frequency><Timestamp dt:dt=""r8"">5100004033126</Timestamp><Current dt:dt=""r8"">0</Current><DateUtc dt:dt=""string"">2021-07-01T13:41:59Z</DateUtc></FrequencyChange></FrequencyChanges></Clock>\n",N,SL001_FCN6BB,6,1.0.0.262,1,143.941,1880523204,Full,3.0.3.80,3.0.3.80,7/1/21,7/1/21 13:42,8:42:00,3.0.3.82,Keyboard,B,Keyboard,-999999,15,15542,0,1,1,1,1,BlockProc,BlockList,49,212,,,4,0.952380952,423.4,1500,0.979591837,392.8333333,TrialProc,TrialList,flankerIR.jpg,1,4,Keyboard,3,7,126309,160,4,390,126699,8,1,49,Incon
FC,1,1,B,"<?xml version=""1.0""?>\n<Clock xmlns:dt=""urn:schemas-microsoft-com:datatypes""><Description dt:dt=""string"">E-Prime Primary Realtime Clock</Description><StartTime><Timestamp dt:dt=""int"">0</Timestamp><DateUtc dt:dt=""string"">2021-07-01T13:41:59Z</DateUtc></StartTime><FrequencyChanges><FrequencyChange><Frequency dt:dt=""r8"">10000000</Frequency><Timestamp dt:dt=""r8"">5100004033126</Timestamp><Current dt:dt=""r8"">0</Current><DateUtc dt:dt=""string"">2021-07-01T13:41:59Z</DateUtc></FrequencyChange></FrequencyChanges></Clock>\n",N,SL001_FCN6BB,6,1.0.0.262,1,143.941,1880523204,Full,3.0.3.80,3.0.3.80,7/1/21,7/1/21 13:42,8:42:00,3.0.3.82,Keyboard,B,Keyboard,-999999,15,15542,0,1,1,1,1,BlockProc,BlockList,50,212,,,4,0.954545455,421.3333333,1500,0.98,392.5714286,TrialProc,TrialList,flankerIR.jpg,1,4,Keyboard,2,7,127976,160,4,380,128356,8,1,50,Incon
FC,1,1,B,"<?xml version=""1.0""?>\n<Clock xmlns:dt=""urn:schemas-microsoft-com:datatypes""><Description dt:dt=""string"">E-Prime Primary Realtime Clock</Description><StartTime><Timestamp dt:dt=""int"">0</Timestamp><DateUtc dt:dt=""string"">2021-07-01T13:41:59Z</DateUtc></StartTime><FrequencyChanges><FrequencyChange><Frequency dt:dt=""r8"">10000000</Frequency><Timestamp dt:dt=""r8"">5100004033126</Timestamp><Current dt:dt=""r8"">0</Current><DateUtc dt:dt=""string"">2021-07-01T13:41:59Z</DateUtc></FrequencyChange></FrequencyChanges></Clock>\n",N,SL001_FCN6BB,6,1.0.0.262,1,143.941,1880523204,Full,3.0.3.80,3.0.3.80,7/1/21,7/1/21 13:42,8:42:00,3.0.3.82,Keyboard,B,Keyboard,-999999,15,15542,0,1,1,1,1,BlockProc,BlockList,51,112,1,369.2068966,4,,,1500,0.980392157,391.1,TrialProc,TrialList,flankerCR.jpg,1,4,Keyboard,3,6,129642,153,4,319,129961,2,1,51,Cong
FC,1,1,B,"<?xml version=""1.0""?>\n<Clock xmlns:dt=""urn:schemas-microsoft-com:datatypes""><Description dt:dt=""string"">E-Prime Primary Realtime Clock</Description><StartTime><Timestamp dt:dt=""int"">0</Timestamp><DateUtc dt:dt=""string"">2021-07-01T13:41:59Z</DateUtc></StartTime><FrequencyChanges><FrequencyChange><Frequency dt:dt=""r8"">10000000</Frequency><Timestamp dt:dt=""r8"">5100004033126</Timestamp><Current dt:dt=""r8"">0</Current><DateUtc dt:dt=""string"">2021-07-01T13:41:59Z</DateUtc></FrequencyChange></FrequencyChanges></Clock>\n",N,SL001_FCN6BB,6,1.0.0.262,1,143.941,1880523204,Full,3.0.3.80,3.0.3.80,7/1/21,7/1/21 13:42,8:42:00,3.0.3.82,Keyboard,B,Keyboard,-999999,15,15542,0,1,1,1,1,BlockProc,BlockList,52,222,,,1,0.956521739,419.1363636,1500,0.980769231,390.745098,TrialProc,TrialList,flankerIL.jpg,1,1,Keyboard,2,7,131302,153,1,373,131675,11,1,52,Incon
FC,1,1,B,"<?xml version=""1.0""?>\n<Clock xmlns:dt=""urn:schemas-microsoft-com:datatypes""><Description dt:dt=""string"">E-Prime Primary Realtime Clock</Description><StartTime><Timestamp dt:dt=""int"">0</Timestamp><DateUtc dt:dt=""string"">2021-07-01T13:41:59Z</DateUtc></StartTime><FrequencyChanges><FrequencyChange><Frequency dt:dt=""r8"">10000000</Frequency><Timestamp dt:dt=""r8"">5100004033126</Timestamp><Current dt:dt=""r8"">0</Current><DateUtc dt:dt=""string"">2021-07-01T13:41:59Z</DateUtc></FrequencyChange></FrequencyChanges></Clock>\n",N,SL001_FCN6BB,6,1.0.0.262,1,143.941,1880523204,Full,3.0.3.80,3.0.3.80,7/1/21,7/1/21 13:42,8:42:00,3.0.3.82,Keyboard,B,Keyboard,-999999,15,15542,0,1,1,1,1,BlockProc,BlockList,53,122,1,368.6666667,1,,,1500,0.981132075,390.0192308,TrialProc,TrialList,flankerCL.jpg,1,1,Keyboard,2,7,132962,153,1,353,133315,5,1,53,Cong
FC,1,1,B,"<?xml version=""1.0""?>\n<Clock xmlns:dt=""urn:schemas-microsoft-com:datatypes""><Description dt:dt=""string"">E-Prime Primary Realtime Clock</Description><StartTime><Timestamp dt:dt=""int"">0</Timestamp><DateUtc dt:dt=""string"">2021-07-01T13:41:59Z</DateUtc></StartTime><FrequencyChanges><FrequencyChange><Frequency dt:dt=""r8"">10000000</Frequency><Timestamp dt:dt=""r8"">5100004033126</Timestamp><Current dt:dt=""r8"">0</Current><DateUtc dt:dt=""string"">2021-07-01T13:41:59Z</DateUtc></FrequencyChange></FrequencyChanges></Clock>\n",N,SL001_FCN6BB,6,1.0.0.262,1,143.941,1880523204,Full,3.0.3.80,3.0.3.80,7/1/21,7/1/21 13:42,8:42:00,3.0.3.82,Keyboard,B,Keyboard,-999999,15,15542,0,1,1,1,1,BlockProc,BlockList,54,122,1,367.2580645,1,,,1500,0.981481481,388.7924528,TrialProc,TrialList,flankerCL.jpg,1,1,Keyboard,3,6,134621,160,1,325,134946,5,1,54,Cong
FC,1,1,B,"<?xml version=""1.0""?>\n<Clock xmlns:dt=""urn:schemas-microsoft-com:datatypes""><Description dt:dt=""string"">E-Prime Primary Realtime Clock</Description><StartTime><Timestamp dt:dt=""int"">0</Timestamp><DateUtc dt:dt=""string"">2021-07-01T13:41:59Z</DateUtc></StartTime><FrequencyChanges><FrequencyChange><Frequency dt:dt=""r8"">10000000</Frequency><Timestamp dt:dt=""r8"">5100004033126</Timestamp><Current dt:dt=""r8"">0</Current><DateUtc dt:dt=""string"">2021-07-01T13:41:59Z</DateUtc></FrequencyChange></FrequencyChanges></Clock>\n",N,SL001_FCN6BB,6,1.0.0.262,1,143.941,1880523204,Full,3.0.3.80,3.0.3.80,7/1/21,7/1/21 13:42,8:42:00,3.0.3.82,Keyboard,B,Keyboard,-999999,15,15542,0,1,1,1,1,BlockProc,BlockList,55,213,,,4,0.958333333,421.2173913,1698,0.981818182,390.2407407,TrialProc,TrialList,flankerIR.jpg,1,4,Keyboard,2,7,136288,160,4,467,136755,9,1,55,Incon
FC,1,1,B,"<?xml version=""1.0""?>\n<Clock xmlns:dt=""urn:schemas-microsoft-com:datatypes""><Description dt:dt=""string"">E-Prime Primary Realtime Clock</Description><StartTime><Timestamp dt:dt=""int"">0</Timestamp><DateUtc dt:dt=""string"">2021-07-01T13:41:59Z</DateUtc></StartTime><FrequencyChanges><FrequencyChange><Frequency dt:dt=""r8"">10000000</Frequency><Timestamp dt:dt=""r8"">5100004033126</Timestamp><Current dt:dt=""r8"">0</Current><DateUtc dt:dt=""string"">2021-07-01T13:41:59Z</DateUtc></FrequencyChange></FrequencyChanges></Clock>\n",N,SL001_FCN6BB,6,1.0.0.262,1,143.941,1880523204,Full,3.0.3.80,3.0.3.80,7/1/21,7/1/21 13:42,8:42:00,3.0.3.82,Keyboard,B,Keyboard,-999999,15,15542,0,1,1,1,1,BlockProc,BlockList,56,123,1,367.125,1,,,1698,0.982142857,389.7454545,TrialProc,TrialList,flankerCL.jpg,1,1,Keyboard,2,10,138156,160,1,363,138519,6,1,56,Cong
FC,1,1,B,"<?xml version=""1.0""?>\n<Clock xmlns:dt=""urn:schemas-microsoft-com:datatypes""><Description dt:dt=""string"">E-Prime Primary Realtime Clock</Description><StartTime><Timestamp dt:dt=""int"">0</Timestamp><DateUtc dt:dt=""string"">2021-07-01T13:41:59Z</DateUtc></StartTime><FrequencyChanges><FrequencyChange><Frequency dt:dt=""r8"">10000000</Frequency><Timestamp dt:dt=""r8"">5100004033126</Timestamp><Current dt:dt=""r8"">0</Current><DateUtc dt:dt=""string"">2021-07-01T13:41:59Z</DateUtc></FrequencyChange></FrequencyChanges></Clock>\n",N,SL001_FCN6BB,6,1.0.0.262,1,143.941,1880523204,Full,3.0.3.80,3.0.3.80,7/1/21,7/1/21 13:42,8:42:00,3.0.3.82,Keyboard,B,Keyboard,-999999,15,15542,0,1,1,1,1,BlockProc,BlockList,57,211,,,4,0.96,419.5,1302,0.98245614,389.5714286,TrialProc,TrialList,flankerIR.jpg,1,4,Keyboard,2,10,140024,160,4,380,140404,7,1,57,Incon
FC,1,1,B,"<?xml version=""1.0""?>\n<Clock xmlns:dt=""urn:schemas-microsoft-com:datatypes""><Description dt:dt=""string"">E-Prime Primary Realtime Clock</Description><StartTime><Timestamp dt:dt=""int"">0</Timestamp><DateUtc dt:dt=""string"">2021-07-01T13:41:59Z</DateUtc></StartTime><FrequencyChanges><FrequencyChange><Frequency dt:dt=""r8"">10000000</Frequency><Timestamp dt:dt=""r8"">5100004033126</Timestamp><Current dt:dt=""r8"">0</Current><DateUtc dt:dt=""string"">2021-07-01T13:41:59Z</DateUtc></FrequencyChange></FrequencyChanges></Clock>\n",N,SL001_FCN6BB,6,1.0.0.262,1,143.941,1880523204,Full,3.0.3.80,3.0.3.80,7/1/21,7/1/21 13:42,8:42:00,3.0.3.82,Keyboard,B,Keyboard,-999999,15,15542,0,1,1,1,1,BlockProc,BlockList,58,223,,,1,0.961538462,421.76,1698,0.982758621,391.0877193,TrialProc,TrialList,flankerIL.jpg,1,1,Keyboard,2,10,141496,160,1,476,141972,12,1,58,Incon
FC,1,1,B,"<?xml version=""1.0""?>\n<Clock xmlns:dt=""urn:schemas-microsoft-com:datatypes""><Description dt:dt=""string"">E-Prime Primary Realtime Clock</Description><StartTime><Timestamp dt:dt=""int"">0</Timestamp><DateUtc dt:dt=""string"">2021-07-01T13:41:59Z</DateUtc></StartTime><FrequencyChanges><FrequencyChange><Frequency dt:dt=""r8"">10000000</Frequency><Timestamp dt:dt=""r8"">5100004033126</Timestamp><Current dt:dt=""r8"">0</Current><DateUtc dt:dt=""string"">2021-07-01T13:41:59Z</DateUtc></FrequencyChange></FrequencyChanges></Clock>\n",N,SL001_FCN6BB,6,1.0.0.262,1,143.941,1880523204,Full,3.0.3.80,3.0.3.80,7/1/21,7/1/21 13:42,8:42:00,3.0.3.82,Keyboard,B,Keyboard,-999999,15,15542,0,1,1,1,1,BlockProc,BlockList,59,111,1,366.3939394,4,,,1302,0.983050847,390.2586207,TrialProc,TrialList,flankerCR.jpg,1,4,Keyboard,2,10,143364,160,4,343,143707,1,1,59,Cong
FC,1,1,B,"<?xml version=""1.0""?>\n<Clock xmlns:dt=""urn:schemas-microsoft-com:datatypes""><Description dt:dt=""string"">E-Prime Primary Realtime Clock</Description><StartTime><Timestamp dt:dt=""int"">0</Timestamp><DateUtc dt:dt=""string"">2021-07-01T13:41:59Z</DateUtc></StartTime><FrequencyChanges><FrequencyChange><Frequency dt:dt=""r8"">10000000</Frequency><Timestamp dt:dt=""r8"">5100004033126</Timestamp><Current dt:dt=""r8"">0</Current><DateUtc dt:dt=""string"">2021-07-01T13:41:59Z</DateUtc></FrequencyChange></FrequencyChanges></Clock>\n",N,SL001_FCN6BB,6,1.0.0.262,1,143.941,1880523204,Full,3.0.3.80,3.0.3.80,7/1/21,7/1/21 13:42,8:42:00,3.0.3.82,Keyboard,B,Keyboard,-999999,15,15542,0,1,1,1,1,BlockProc,BlockList,60,222,,,1,0.962962963,424.8461538,1500,0.983333333,392.1525424,TrialProc,TrialList,flankerIL.jpg,1,1,Keyboard,2,10,144836,153,1,502,145338,11,1,60,Incon
FC,1,1,B,"<?xml version=""1.0""?>\n<Clock xmlns:dt=""urn:schemas-microsoft-com:datatypes""><Description dt:dt=""string"">E-Prime Primary Realtime Clock</Description><StartTime><Timestamp dt:dt=""int"">0</Timestamp><DateUtc dt:dt=""string"">2021-07-01T13:41:59Z</DateUtc></StartTime><FrequencyChanges><FrequencyChange><Frequency dt:dt=""r8"">10000000</Frequency><Timestamp dt:dt=""r8"">5100004033126</Timestamp><Current dt:dt=""r8"">0</Current><DateUtc dt:dt=""string"">2021-07-01T13:41:59Z</DateUtc></FrequencyChange></FrequencyChanges></Clock>\n",N,SL001_FCN6BB,6,1.0.0.262,1,143.941,1880523204,Full,3.0.3.80,3.0.3.80,7/1/21,7/1/21 13:42,8:42:00,3.0.3.82,Keyboard,B,Keyboard,-999999,15,15542,0,1,1,1,1,BlockProc,BlockList,61,211,,,4,0.964285714,425.962963,1302,0.983606557,393.2,TrialProc,TrialList,flankerIR.jpg,1,4,Keyboard,2,7,146496,160,4,455,146951,7,1,61,Incon
FC,1,1,B,"<?xml version=""1.0""?>\n<Clock xmlns:dt=""urn:schemas-microsoft-com:datatypes""><Description dt:dt=""string"">E-Prime Primary Realtime Clock</Description><StartTime><Timestamp dt:dt=""int"">0</Timestamp><DateUtc dt:dt=""string"">2021-07-01T13:41:59Z</DateUtc></StartTime><FrequencyChanges><FrequencyChange><Frequency dt:dt=""r8"">10000000</Frequency><Timestamp dt:dt=""r8"">5100004033126</Timestamp><Current dt:dt=""r8"">0</Current><DateUtc dt:dt=""string"">2021-07-01T13:41:59Z</DateUtc></FrequencyChange></FrequencyChanges></Clock>\n",N,SL001_FCN6BB,6,1.0.0.262,1,143.941,1880523204,Full,3.0.3.80,3.0.3.80,7/1/21,7/1/21 13:42,8:42:00,3.0.3.82,Keyboard,B,Keyboard,-999999,15,15542,0,1,1,1,1,BlockProc,BlockList,62,221,,,1,0.965517241,424.8571429,1302,0.983870968,393.2295082,TrialProc,TrialList,flankerIL.jpg,1,1,Keyboard,2,10,147968,160,1,395,148363,10,1,62,Incon
FC,1,1,B,"<?xml version=""1.0""?>\n<Clock xmlns:dt=""urn:schemas-microsoft-com:datatypes""><Description dt:dt=""string"">E-Prime Primary Realtime Clock</Description><StartTime><Timestamp dt:dt=""int"">0</Timestamp><DateUtc dt:dt=""string"">2021-07-01T13:41:59Z</DateUtc></StartTime><FrequencyChanges><FrequencyChange><Frequency dt:dt=""r8"">10000000</Frequency><Timestamp dt:dt=""r8"">5100004033126</Timestamp><Current dt:dt=""r8"">0</Current><DateUtc dt:dt=""string"">2021-07-01T13:41:59Z</DateUtc></FrequencyChange></FrequencyChanges></Clock>\n",N,SL001_FCN6BB,6,1.0.0.262,1,143.941,1880523204,Full,3.0.3.80,3.0.3.80,7/1/21,7/1/21 13:42,8:42:00,3.0.3.82,Keyboard,B,Keyboard,-999999,15,15542,0,1,1,1,1,BlockProc,BlockList,63,223,,,1,0.966666667,422.6206897,1698,0.984126984,392.6935484,TrialProc,TrialList,flankerIL.jpg,1,1,Keyboard,3,10,149440,160,1,360,149800,12,1,63,Incon
FC,1,1,B,"<?xml version=""1.0""?>\n<Clock xmlns:dt=""urn:schemas-microsoft-com:datatypes""><Description dt:dt=""string"">E-Prime Primary Realtime Clock</Description><StartTime><Timestamp dt:dt=""int"">0</Timestamp><DateUtc dt:dt=""string"">2021-07-01T13:41:59Z</DateUtc></StartTime><FrequencyChanges><FrequencyChange><Frequency dt:dt=""r8"">10000000</Frequency><Timestamp dt:dt=""r8"">5100004033126</Timestamp><Current dt:dt=""r8"">0</Current><DateUtc dt:dt=""string"">2021-07-01T13:41:59Z</DateUtc></FrequencyChange></FrequencyChanges></Clock>\n",N,SL001_FCN6BB,6,1.0.0.262,1,143.941,1880523204,Full,3.0.3.80,3.0.3.80,7/1/21,7/1/21 13:42,8:42:00,3.0.3.82,Keyboard,B,Keyboard,-999999,15,15542,0,1,1,1,1,BlockProc,BlockList,64,112,1,365.7941176,4,,,1500,0.984375,391.952381,TrialProc,TrialList,flankerCR.jpg,1,4,Keyboard,3,10,151308,160,4,346,151654,2,1,64,Cong
FC,1,1,B,"<?xml version=""1.0""?>\n<Clock xmlns:dt=""urn:schemas-microsoft-com:datatypes""><Description dt:dt=""string"">E-Prime Primary Realtime Clock</Description><StartTime><Timestamp dt:dt=""int"">0</Timestamp><DateUtc dt:dt=""string"">2021-07-01T13:41:59Z</DateUtc></StartTime><FrequencyChanges><FrequencyChange><Frequency dt:dt=""r8"">10000000</Frequency><Timestamp dt:dt=""r8"">5100004033126</Timestamp><Current dt:dt=""r8"">0</Current><DateUtc dt:dt=""string"">2021-07-01T13:41:59Z</DateUtc></FrequencyChange></FrequencyChanges></Clock>\n",N,SL001_FCN6BB,6,1.0.0.262,1,143.941,1880523204,Full,3.0.3.80,3.0.3.80,7/1/21,7/1/21 13:42,8:42:00,3.0.3.82,Keyboard,B,Keyboard,-999999,15,15542,0,1,1,1,1,BlockProc,BlockList,65,112,1,364.3142857,4,,,1500,0.984615385,390.734375,TrialProc,TrialList,flankerCR.jpg,1,4,Keyboard,2,7,152975,160,4,314,153289,2,1,65,Cong
FC,1,1,B,"<?xml version=""1.0""?>\n<Clock xmlns:dt=""urn:schemas-microsoft-com:datatypes""><Description dt:dt=""string"">E-Prime Primary Realtime Clock</Description><StartTime><Timestamp dt:dt=""int"">0</Timestamp><DateUtc dt:dt=""string"">2021-07-01T13:41:59Z</DateUtc></StartTime><FrequencyChanges><FrequencyChange><Frequency dt:dt=""r8"">10000000</Frequency><Timestamp dt:dt=""r8"">5100004033126</Timestamp><Current dt:dt=""r8"">0</Current><DateUtc dt:dt=""string"">2021-07-01T13:41:59Z</DateUtc></FrequencyChange></FrequencyChanges></Clock>\n",N,SL001_FCN6BB,6,1.0.0.262,1,143.941,1880523204,Full,3.0.3.80,3.0.3.80,7/1/21,7/1/21 13:42,8:42:00,3.0.3.82,Keyboard,B,Keyboard,-999999,15,15542,0,1,1,1,1,BlockProc,BlockList,66,111,1,362.6944444,4,,,1302,0.984848485,389.4307692,TrialProc,TrialList,flankerCR.jpg,1,4,Keyboard,3,6,154641,160,4,306,154947,1,1,66,Cong
FC,1,1,B,"<?xml version=""1.0""?>\n<Clock xmlns:dt=""urn:schemas-microsoft-com:datatypes""><Description dt:dt=""string"">E-Prime Primary Realtime Clock</Description><StartTime><Timestamp dt:dt=""int"">0</Timestamp><DateUtc dt:dt=""string"">2021-07-01T13:41:59Z</DateUtc></StartTime><FrequencyChanges><FrequencyChange><Frequency dt:dt=""r8"">10000000</Frequency><Timestamp dt:dt=""r8"">5100004033126</Timestamp><Current dt:dt=""r8"">0</Current><DateUtc dt:dt=""string"">2021-07-01T13:41:59Z</DateUtc></FrequencyChange></FrequencyChanges></Clock>\n",N,SL001_FCN6BB,6,1.0.0.262,1,143.941,1880523204,Full,3.0.3.80,3.0.3.80,7/1/21,7/1/21 13:42,8:42:00,3.0.3.82,Keyboard,B,Keyboard,-999999,15,15542,0,1,1,1,1,BlockProc,BlockList,67,112,1,362.5945946,4,,,1500,0.985074627,388.969697,TrialProc,TrialList,flankerCR.jpg,1,4,Keyboard,2,11,156114,159,4,359,156473,2,1,67,Cong
FC,1,1,B,"<?xml version=""1.0""?>\n<Clock xmlns:dt=""urn:schemas-microsoft-com:datatypes""><Description dt:dt=""string"">E-Prime Primary Realtime Clock</Description><StartTime><Timestamp dt:dt=""int"">0</Timestamp><DateUtc dt:dt=""string"">2021-07-01T13:41:59Z</DateUtc></StartTime><FrequencyChanges><FrequencyChange><Frequency dt:dt=""r8"">10000000</Frequency><Timestamp dt:dt=""r8"">5100004033126</Timestamp><Current dt:dt=""r8"">0</Current><DateUtc dt:dt=""string"">2021-07-01T13:41:59Z</DateUtc></FrequencyChange></FrequencyChanges></Clock>\n",N,SL001_FCN6BB,6,1.0.0.262,1,143.941,1880523204,Full,3.0.3.80,3.0.3.80,7/1/21,7/1/21 13:42,8:42:00,3.0.3.82,Keyboard,B,Keyboard,-999999,15,15542,0,1,1,1,1,BlockProc,BlockList,68,213,,,4,0.935483871,,1698,0.970588235,,TrialProc,TrialList,flankerIR.jpg,0,4,Keyboard,3,7,157780,160,1,363,158143,9,1,68,Incon
FC,1,1,B,"<?xml version=""1.0""?>\n<Clock xmlns:dt=""urn:schemas-microsoft-com:datatypes""><Description dt:dt=""string"">E-Prime Primary Realtime Clock</Description><StartTime><Timestamp dt:dt=""int"">0</Timestamp><DateUtc dt:dt=""string"">2021-07-01T13:41:59Z</DateUtc></StartTime><FrequencyChanges><FrequencyChange><Frequency dt:dt=""r8"">10000000</Frequency><Timestamp dt:dt=""r8"">5100004033126</Timestamp><Current dt:dt=""r8"">0</Current><DateUtc dt:dt=""string"">2021-07-01T13:41:59Z</DateUtc></FrequencyChange></FrequencyChanges></Clock>\n",N,SL001_FCN6BB,6,1.0.0.262,1,143.941,1880523204,Full,3.0.3.80,3.0.3.80,7/1/21,7/1/21 13:42,8:42:00,3.0.3.82,Keyboard,B,Keyboard,-999999,15,15542,0,1,1,1,1,BlockProc,BlockList,69,211,,,4,0.9375,421.3333333,1302,0.971014493,388.8955224,TrialProc,TrialList,flankerIR.jpg,1,4,Keyboard,2,10,159648,160,4,384,160032,7,1,69,Incon
FC,1,1,B,"<?xml version=""1.0""?>\n<Clock xmlns:dt=""urn:schemas-microsoft-com:datatypes""><Description dt:dt=""string"">E-Prime Primary Realtime Clock</Description><StartTime><Timestamp dt:dt=""int"">0</Timestamp><DateUtc dt:dt=""string"">2021-07-01T13:41:59Z</DateUtc></StartTime><FrequencyChanges><FrequencyChange><Frequency dt:dt=""r8"">10000000</Frequency><Timestamp dt:dt=""r8"">5100004033126</Timestamp><Current dt:dt=""r8"">0</Current><DateUtc dt:dt=""string"">2021-07-01T13:41:59Z</DateUtc></FrequencyChange></FrequencyChanges></Clock>\n",N,SL001_FCN6BB,6,1.0.0.262,1,143.941,1880523204,Full,3.0.3.80,3.0.3.80,7/1/21,7/1/21 13:42,8:42:00,3.0.3.82,Keyboard,B,Keyboard,-999999,15,15542,0,1,1,1,1,BlockProc,BlockList,70,112,1,364.0789474,4,,,1500,0.971428571,389.3382353,TrialProc,TrialList,flankerCR.jpg,1,4,Keyboard,3,10,161120,160,4,419,161539,2,1,70,Cong
FC,1,1,B,"<?xml version=""1.0""?>\n<Clock xmlns:dt=""urn:schemas-microsoft-com:datatypes""><Description dt:dt=""string"">E-Prime Primary Realtime Clock</Description><StartTime><Timestamp dt:dt=""int"">0</Timestamp><DateUtc dt:dt=""string"">2021-07-01T13:41:59Z</DateUtc></StartTime><FrequencyChanges><FrequencyChange><Frequency dt:dt=""r8"">10000000</Frequency><Timestamp dt:dt=""r8"">5100004033126</Timestamp><Current dt:dt=""r8"">0</Current><DateUtc dt:dt=""string"">2021-07-01T13:41:59Z</DateUtc></FrequencyChange></FrequencyChanges></Clock>\n",N,SL001_FCN6BB,6,1.0.0.262,1,143.941,1880523204,Full,3.0.3.80,3.0.3.80,7/1/21,7/1/21 13:42,8:42:00,3.0.3.82,Keyboard,B,Keyboard,-999999,15,15542,0,1,1,1,1,BlockProc,BlockList,71,221,,,1,0.939393939,421.516129,1302,0.971830986,389.884058,TrialProc,TrialList,flankerIL.jpg,1,1,Keyboard,2,7,162787,160,1,427,163214,10,1,71,Incon
FC,1,1,B,"<?xml version=""1.0""?>\n<Clock xmlns:dt=""urn:schemas-microsoft-com:datatypes""><Description dt:dt=""string"">E-Prime Primary Realtime Clock</Description><StartTime><Timestamp dt:dt=""int"">0</Timestamp><DateUtc dt:dt=""string"">2021-07-01T13:41:59Z</DateUtc></StartTime><FrequencyChanges><FrequencyChange><Frequency dt:dt=""r8"">10000000</Frequency><Timestamp dt:dt=""r8"">5100004033126</Timestamp><Current dt:dt=""r8"">0</Current><DateUtc dt:dt=""string"">2021-07-01T13:41:59Z</DateUtc></FrequencyChange></FrequencyChanges></Clock>\n",N,SL001_FCN6BB,6,1.0.0.262,1,143.941,1880523204,Full,3.0.3.80,3.0.3.80,7/1/21,7/1/21 13:42,8:42:00,3.0.3.82,Keyboard,B,Keyboard,-999999,15,15542,0,1,1,1,1,BlockProc,BlockList,72,123,1,364.5897436,1,,,1698,0.972222222,389.8,TrialProc,TrialList,flankerCL.jpg,1,1,Keyboard,2,10,164259,160,1,384,164643,6,1,72,Cong
FC,1,1,B,"<?xml version=""1.0""?>\n<Clock xmlns:dt=""urn:schemas-microsoft-com:datatypes""><Description dt:dt=""string"">E-Prime Primary Realtime Clock</Description><StartTime><Timestamp dt:dt=""int"">0</Timestamp><DateUtc dt:dt=""string"">2021-07-01T13:41:59Z</DateUtc></StartTime><FrequencyChanges><FrequencyChange><Frequency dt:dt=""r8"">10000000</Frequency><Timestamp dt:dt=""r8"">5100004033126</Timestamp><Current dt:dt=""r8"">0</Current><DateUtc dt:dt=""string"">2021-07-01T13:41:59Z</DateUtc></FrequencyChange></FrequencyChanges></Clock>\n",N,SL001_FCN6BB,6,1.0.0.262,1,143.941,1880523204,Full,3.0.3.80,3.0.3.80,7/1/21,7/1/21 13:42,8:42:00,3.0.3.82,Keyboard,B,Keyboard,-999999,15,15542,0,1,1,1,1,BlockProc,BlockList,73,212,,,4,0.941176471,420.4375,1500,0.97260274,389.7605634,TrialProc,TrialList,flankerIR.jpg,1,4,Keyboard,2,10,166127,160,4,387,166514,8,1,73,Incon
FC,1,1,B,"<?xml version=""1.0""?>\n<Clock xmlns:dt=""urn:schemas-microsoft-com:datatypes""><Description dt:dt=""string"">E-Prime Primary Realtime Clock</Description><StartTime><Timestamp dt:dt=""int"">0</Timestamp><DateUtc dt:dt=""string"">2021-07-01T13:41:59Z</DateUtc></StartTime><FrequencyChanges><FrequencyChange><Frequency dt:dt=""r8"">10000000</Frequency><Timestamp dt:dt=""r8"">5100004033126</Timestamp><Current dt:dt=""r8"">0</Current><DateUtc dt:dt=""string"">2021-07-01T13:41:59Z</DateUtc></FrequencyChange></FrequencyChanges></Clock>\n",N,SL001_FCN6BB,6,1.0.0.262,1,143.941,1880523204,Full,3.0.3.80,3.0.3.80,7/1/21,7/1/21 13:42,8:42:00,3.0.3.82,Keyboard,B,Keyboard,-999999,15,15542,0,1,1,1,1,BlockProc,BlockList,74,213,,,4,0.942857143,420.6666667,1698,0.972972973,390.2916667,TrialProc,TrialList,flankerIR.jpg,1,4,Keyboard,2,7,167794,153,4,428,168222,9,1,74,Incon
FC,1,1,B,"<?xml version=""1.0""?>\n<Clock xmlns:dt=""urn:schemas-microsoft-com:datatypes""><Description dt:dt=""string"">E-Prime Primary Realtime Clock</Description><StartTime><Timestamp dt:dt=""int"">0</Timestamp><DateUtc dt:dt=""string"">2021-07-01T13:41:59Z</DateUtc></StartTime><FrequencyChanges><FrequencyChange><Frequency dt:dt=""r8"">10000000</Frequency><Timestamp dt:dt=""r8"">5100004033126</Timestamp><Current dt:dt=""r8"">0</Current><DateUtc dt:dt=""string"">2021-07-01T13:41:59Z</DateUtc></FrequencyChange></FrequencyChanges></Clock>\n",N,SL001_FCN6BB,6,1.0.0.262,1,143.941,1880523204,Full,3.0.3.80,3.0.3.80,7/1/21,7/1/21 13:42,8:42:00,3.0.3.82,Keyboard,B,Keyboard,-999999,15,15542,0,1,1,1,1,BlockProc,BlockList,75,222,,,1,0.944444444,419.5294118,1500,0.973333333,390.1780822,TrialProc,TrialList,flankerIL.jpg,1,1,Keyboard,2,10,169655,160,1,382,170037,11,1,75,Incon
FC,1,1,B,"<?xml version=""1.0""?>\n<Clock xmlns:dt=""urn:schemas-microsoft-com:datatypes""><Description dt:dt=""string"">E-Prime Primary Realtime Clock</Description><StartTime><Timestamp dt:dt=""int"">0</Timestamp><DateUtc dt:dt=""string"">2021-07-01T13:41:59Z</DateUtc></StartTime><FrequencyChanges><FrequencyChange><Frequency dt:dt=""r8"">10000000</Frequency><Timestamp dt:dt=""r8"">5100004033126</Timestamp><Current dt:dt=""r8"">0</Current><DateUtc dt:dt=""string"">2021-07-01T13:41:59Z</DateUtc></FrequencyChange></FrequencyChanges></Clock>\n",N,SL001_FCN6BB,6,1.0.0.262,1,143.941,1880523204,Full,3.0.3.80,3.0.3.80,7/1/21,7/1/21 13:42,8:42:00,3.0.3.82,Keyboard,B,Keyboard,-999999,15,15542,0,1,1,1,1,BlockProc,BlockList,76,123,1,363.15,1,,,1698,0.973684211,389.0540541,TrialProc,TrialList,flankerCL.jpg,1,1,Keyboard,3,6,171321,160,1,307,171628,6,1,76,Cong
FC,1,1,B,"<?xml version=""1.0""?>\n<Clock xmlns:dt=""urn:schemas-microsoft-com:datatypes""><Description dt:dt=""string"">E-Prime Primary Realtime Clock</Description><StartTime><Timestamp dt:dt=""int"">0</Timestamp><DateUtc dt:dt=""string"">2021-07-01T13:41:59Z</DateUtc></StartTime><FrequencyChanges><FrequencyChange><Frequency dt:dt=""r8"">10000000</Frequency><Timestamp dt:dt=""r8"">5100004033126</Timestamp><Current dt:dt=""r8"">0</Current><DateUtc dt:dt=""string"">2021-07-01T13:41:59Z</DateUtc></FrequencyChange></FrequencyChanges></Clock>\n",N,SL001_FCN6BB,6,1.0.0.262,1,143.941,1880523204,Full,3.0.3.80,3.0.3.80,7/1/21,7/1/21 13:42,8:42:00,3.0.3.82,Keyboard,B,Keyboard,-999999,15,15542,0,1,1,1,1,BlockProc,BlockList,77,123,1,362.1707317,1,,,1698,0.974025974,388.1733333,TrialProc,TrialList,flankerCL.jpg,1,1,Keyboard,3,10,173189,160,1,323,173512,6,1,77,Cong
FC,1,1,B,"<?xml version=""1.0""?>\n<Clock xmlns:dt=""urn:schemas-microsoft-com:datatypes""><Description dt:dt=""string"">E-Prime Primary Realtime Clock</Description><StartTime><Timestamp dt:dt=""int"">0</Timestamp><DateUtc dt:dt=""string"">2021-07-01T13:41:59Z</DateUtc></StartTime><FrequencyChanges><FrequencyChange><Frequency dt:dt=""r8"">10000000</Frequency><Timestamp dt:dt=""r8"">5100004033126</Timestamp><Current dt:dt=""r8"">0</Current><DateUtc dt:dt=""string"">2021-07-01T13:41:59Z</DateUtc></FrequencyChange></FrequencyChanges></Clock>\n",N,SL001_FCN6BB,6,1.0.0.262,1,143.941,1880523204,Full,3.0.3.80,3.0.3.80,7/1/21,7/1/21 13:42,8:42:00,3.0.3.82,Keyboard,B,Keyboard,-999999,15,15542,0,1,1,1,1,BlockProc,BlockList,78,213,,,4,0.945945946,418.5428571,1698,0.974358974,388.1315789,TrialProc,TrialList,flankerIR.jpg,1,4,Keyboard,3,10,175057,160,4,385,175442,9,1,78,Incon
FC,1,1,B,"<?xml version=""1.0""?>\n<Clock xmlns:dt=""urn:schemas-microsoft-com:datatypes""><Description dt:dt=""string"">E-Prime Primary Realtime Clock</Description><StartTime><Timestamp dt:dt=""int"">0</Timestamp><DateUtc dt:dt=""string"">2021-07-01T13:41:59Z</DateUtc></StartTime><FrequencyChanges><FrequencyChange><Frequency dt:dt=""r8"">10000000</Frequency><Timestamp dt:dt=""r8"">5100004033126</Timestamp><Current dt:dt=""r8"">0</Current><DateUtc dt:dt=""string"">2021-07-01T13:41:59Z</DateUtc></FrequencyChange></FrequencyChanges></Clock>\n",N,SL001_FCN6BB,6,1.0.0.262,1,143.941,1880523204,Full,3.0.3.80,3.0.3.80,7/1/21,7/1/21 13:42,8:42:00,3.0.3.82,Keyboard,B,Keyboard,-999999,15,15542,0,1,1,1,1,BlockProc,BlockList,79,221,,,1,0.947368421,417.6666667,1302,0.974683544,388.1168831,TrialProc,TrialList,flankerIL.jpg,1,1,Keyboard,3,10,176925,160,1,387,177312,10,1,79,Incon
FC,1,1,B,"<?xml version=""1.0""?>\n<Clock xmlns:dt=""urn:schemas-microsoft-com:datatypes""><Description dt:dt=""string"">E-Prime Primary Realtime Clock</Description><StartTime><Timestamp dt:dt=""int"">0</Timestamp><DateUtc dt:dt=""string"">2021-07-01T13:41:59Z</DateUtc></StartTime><FrequencyChanges><FrequencyChange><Frequency dt:dt=""r8"">10000000</Frequency><Timestamp dt:dt=""r8"">5100004033126</Timestamp><Current dt:dt=""r8"">0</Current><DateUtc dt:dt=""string"">2021-07-01T13:41:59Z</DateUtc></FrequencyChange></FrequencyChanges></Clock>\n",N,SL001_FCN6BB,6,1.0.0.262,1,143.941,1880523204,Full,3.0.3.80,3.0.3.80,7/1/21,7/1/21 13:42,8:42:00,3.0.3.82,Keyboard,B,Keyboard,-999999,15,15542,0,1,1,1,1,BlockProc,BlockList,80,122,1,364.1666667,1,,,1500,0.975,388.8589744,TrialProc,TrialList,flankerCL.jpg,1,1,Keyboard,2,11,178398,159,1,446,178844,5,1,80,Cong
FC,1,1,B,"<?xml version=""1.0""?>\n<Clock xmlns:dt=""urn:schemas-microsoft-com:datatypes""><Description dt:dt=""string"">E-Prime Primary Realtime Clock</Description><StartTime><Timestamp dt:dt=""int"">0</Timestamp><DateUtc dt:dt=""string"">2021-07-01T13:41:59Z</DateUtc></StartTime><FrequencyChanges><FrequencyChange><Frequency dt:dt=""r8"">10000000</Frequency><Timestamp dt:dt=""r8"">5100004033126</Timestamp><Current dt:dt=""r8"">0</Current><DateUtc dt:dt=""string"">2021-07-01T13:41:59Z</DateUtc></FrequencyChange></FrequencyChanges></Clock>\n",N,SL001_FCN6BB,6,1.0.0.262,1,143.941,1880523204,Full,3.0.3.80,3.0.3.80,7/1/21,7/1/21 13:42,8:42:00,3.0.3.82,Keyboard,B,Keyboard,-999999,15,15542,0,1,1,1,1,BlockProc,BlockList,81,113,1,365.0697674,4,,,1698,0.975308642,389.0379747,TrialProc,TrialList,flankerCR.jpg,1,4,Keyboard,2,7,180064,160,4,403,180467,3,1,81,Cong
FC,1,1,B,"<?xml version=""1.0""?>\n<Clock xmlns:dt=""urn:schemas-microsoft-com:datatypes""><Description dt:dt=""string"">E-Prime Primary Realtime Clock</Description><StartTime><Timestamp dt:dt=""int"">0</Timestamp><DateUtc dt:dt=""string"">2021-07-01T13:41:59Z</DateUtc></StartTime><FrequencyChanges><FrequencyChange><Frequency dt:dt=""r8"">10000000</Frequency><Timestamp dt:dt=""r8"">5100004033126</Timestamp><Current dt:dt=""r8"">0</Current><DateUtc dt:dt=""string"">2021-07-01T13:41:59Z</DateUtc></FrequencyChange></FrequencyChanges></Clock>\n",N,SL001_FCN6BB,6,1.0.0.262,1,143.941,1880523204,Full,3.0.3.80,3.0.3.80,7/1/21,7/1/21 13:42,8:42:00,3.0.3.82,Keyboard,B,Keyboard,-999999,15,15542,0,1,1,1,1,BlockProc,BlockList,82,223,,,1,0.948717949,420.1351351,1698,0.975609756,390.5375,TrialProc,TrialList,flankerIL.jpg,1,1,Keyboard,2,10,181932,160,1,509,182441,12,1,82,Incon
FC,1,1,B,"<?xml version=""1.0""?>\n<Clock xmlns:dt=""urn:schemas-microsoft-com:datatypes""><Description dt:dt=""string"">E-Prime Primary Realtime Clock</Description><StartTime><Timestamp dt:dt=""int"">0</Timestamp><DateUtc dt:dt=""string"">2021-07-01T13:41:59Z</DateUtc></StartTime><FrequencyChanges><FrequencyChange><Frequency dt:dt=""r8"">10000000</Frequency><Timestamp dt:dt=""r8"">5100004033126</Timestamp><Current dt:dt=""r8"">0</Current><DateUtc dt:dt=""string"">2021-07-01T13:41:59Z</DateUtc></FrequencyChange></FrequencyChanges></Clock>\n",N,SL001_FCN6BB,6,1.0.0.262,1,143.941,1880523204,Full,3.0.3.80,3.0.3.80,7/1/21,7/1/21 13:42,8:42:00,3.0.3.82,Keyboard,B,Keyboard,-999999,15,15542,0,1,1,1,1,BlockProc,BlockList,83,223,,,1,0.95,423.0263158,1698,0.975903614,392.2592593,TrialProc,TrialList,flankerIL.jpg,1,1,Keyboard,2,10,183800,160,1,530,184330,12,1,83,Incon
FC,1,1,B,"<?xml version=""1.0""?>\n<Clock xmlns:dt=""urn:schemas-microsoft-com:datatypes""><Description dt:dt=""string"">E-Prime Primary Realtime Clock</Description><StartTime><Timestamp dt:dt=""int"">0</Timestamp><DateUtc dt:dt=""string"">2021-07-01T13:41:59Z</DateUtc></StartTime><FrequencyChanges><FrequencyChange><Frequency dt:dt=""r8"">10000000</Frequency><Timestamp dt:dt=""r8"">5100004033126</Timestamp><Current dt:dt=""r8"">0</Current><DateUtc dt:dt=""string"">2021-07-01T13:41:59Z</DateUtc></FrequencyChange></FrequencyChanges></Clock>\n",N,SL001_FCN6BB,6,1.0.0.262,1,143.941,1880523204,Full,3.0.3.80,3.0.3.80,7/1/21,7/1/21 13:42,8:42:00,3.0.3.82,Keyboard,B,Keyboard,-999999,15,15542,0,1,1,1,1,BlockProc,BlockList,84,111,1,364.4545455,4,,,1302,0.976190476,391.597561,TrialProc,TrialList,flankerCR.jpg,1,4,Keyboard,3,10,185668,160,4,338,186006,1,1,84,Cong
FC,1,1,B,"<?xml version=""1.0""?>\n<Clock xmlns:dt=""urn:schemas-microsoft-com:datatypes""><Description dt:dt=""string"">E-Prime Primary Realtime Clock</Description><StartTime><Timestamp dt:dt=""int"">0</Timestamp><DateUtc dt:dt=""string"">2021-07-01T13:41:59Z</DateUtc></StartTime><FrequencyChanges><FrequencyChange><Frequency dt:dt=""r8"">10000000</Frequency><Timestamp dt:dt=""r8"">5100004033126</Timestamp><Current dt:dt=""r8"">0</Current><DateUtc dt:dt=""string"">2021-07-01T13:41:59Z</DateUtc></FrequencyChange></FrequencyChanges></Clock>\n",N,SL001_FCN6BB,6,1.0.0.262,1,143.941,1880523204,Full,3.0.3.80,3.0.3.80,7/1/21,7/1/21 13:42,8:42:00,3.0.3.82,Keyboard,B,Keyboard,-999999,15,15542,0,1,1,1,1,BlockProc,BlockList,85,112,1,365.4222222,4,,,1500,0.976470588,391.7951807,TrialProc,TrialList,flankerCR.jpg,1,4,Keyboard,3,10,187140,160,4,408,187548,2,1,85,Cong
FC,1,1,B,"<?xml version=""1.0""?>\n<Clock xmlns:dt=""urn:schemas-microsoft-com:datatypes""><Description dt:dt=""string"">E-Prime Primary Realtime Clock</Description><StartTime><Timestamp dt:dt=""int"">0</Timestamp><DateUtc dt:dt=""string"">2021-07-01T13:41:59Z</DateUtc></StartTime><FrequencyChanges><FrequencyChange><Frequency dt:dt=""r8"">10000000</Frequency><Timestamp dt:dt=""r8"">5100004033126</Timestamp><Current dt:dt=""r8"">0</Current><DateUtc dt:dt=""string"">2021-07-01T13:41:59Z</DateUtc></FrequencyChange></FrequencyChanges></Clock>\n",N,SL001_FCN6BB,6,1.0.0.262,1,143.941,1880523204,Full,3.0.3.80,3.0.3.80,7/1/21,7/1/21 13:42,8:42:00,3.0.3.82,Keyboard,B,Keyboard,-999999,15,15542,0,1,1,1,1,BlockProc,BlockList,86,222,,,1,0.951219512,421.6923077,1500,0.976744186,391.547619,TrialProc,TrialList,flankerIL.jpg,1,1,Keyboard,2,7,188807,160,1,371,189178,11,1,86,Incon
FC,1,1,B,"<?xml version=""1.0""?>\n<Clock xmlns:dt=""urn:schemas-microsoft-com:datatypes""><Description dt:dt=""string"">E-Prime Primary Realtime Clock</Description><StartTime><Timestamp dt:dt=""int"">0</Timestamp><DateUtc dt:dt=""string"">2021-07-01T13:41:59Z</DateUtc></StartTime><FrequencyChanges><FrequencyChange><Frequency dt:dt=""r8"">10000000</Frequency><Timestamp dt:dt=""r8"">5100004033126</Timestamp><Current dt:dt=""r8"">0</Current><DateUtc dt:dt=""string"">2021-07-01T13:41:59Z</DateUtc></FrequencyChange></FrequencyChanges></Clock>\n",N,SL001_FCN6BB,6,1.0.0.262,1,143.941,1880523204,Full,3.0.3.80,3.0.3.80,7/1/21,7/1/21 13:42,8:42:00,3.0.3.82,Keyboard,B,Keyboard,-999999,15,15542,0,1,1,1,1,BlockProc,BlockList,87,212,,,4,0.952380952,420.475,1500,0.977011494,391.3294118,TrialProc,TrialList,flankerIR.jpg,1,4,Keyboard,2,7,190474,159,4,373,190847,8,1,87,Incon
FC,1,1,B,"<?xml version=""1.0""?>\n<Clock xmlns:dt=""urn:schemas-microsoft-com:datatypes""><Description dt:dt=""string"">E-Prime Primary Realtime Clock</Description><StartTime><Timestamp dt:dt=""int"">0</Timestamp><DateUtc dt:dt=""string"">2021-07-01T13:41:59Z</DateUtc></StartTime><FrequencyChanges><FrequencyChange><Frequency dt:dt=""r8"">10000000</Frequency><Timestamp dt:dt=""r8"">5100004033126</Timestamp><Current dt:dt=""r8"">0</Current><DateUtc dt:dt=""string"">2021-07-01T13:41:59Z</DateUtc></FrequencyChange></FrequencyChanges></Clock>\n",N,SL001_FCN6BB,6,1.0.0.262,1,143.941,1880523204,Full,3.0.3.80,3.0.3.80,7/1/21,7/1/21 13:42,8:42:00,3.0.3.82,Keyboard,B,Keyboard,-999999,15,15542,0,1,1,1,1,BlockProc,BlockList,88,121,1,364.0869565,1,,,1302,0.977272727,390.3139535,TrialProc,TrialList,flankerCL.jpg,1,1,Keyboard,2,7,192140,160,1,304,192444,4,1,88,Cong
FC,1,1,B,"<?xml version=""1.0""?>\n<Clock xmlns:dt=""urn:schemas-microsoft-com:datatypes""><Description dt:dt=""string"">E-Prime Primary Realtime Clock</Description><StartTime><Timestamp dt:dt=""int"">0</Timestamp><DateUtc dt:dt=""string"">2021-07-01T13:41:59Z</DateUtc></StartTime><FrequencyChanges><FrequencyChange><Frequency dt:dt=""r8"">10000000</Frequency><Timestamp dt:dt=""r8"">5100004033126</Timestamp><Current dt:dt=""r8"">0</Current><DateUtc dt:dt=""string"">2021-07-01T13:41:59Z</DateUtc></FrequencyChange></FrequencyChanges></Clock>\n",N,SL001_FCN6BB,6,1.0.0.262,1,143.941,1880523204,Full,3.0.3.80,3.0.3.80,7/1/21,7/1/21 13:42,8:42:00,3.0.3.82,Keyboard,B,Keyboard,-999999,15,15542,0,1,1,1,1,BlockProc,BlockList,89,221,,,1,0.953488372,421.4146341,1302,0.97752809,391.1034483,TrialProc,TrialList,flankerIL.jpg,1,1,Keyboard,3,10,193612,153,1,459,194071,10,1,89,Incon
FC,1,1,B,"<?xml version=""1.0""?>\n<Clock xmlns:dt=""urn:schemas-microsoft-com:datatypes""><Description dt:dt=""string"">E-Prime Primary Realtime Clock</Description><StartTime><Timestamp dt:dt=""int"">0</Timestamp><DateUtc dt:dt=""string"">2021-07-01T13:41:59Z</DateUtc></StartTime><FrequencyChanges><FrequencyChange><Frequency dt:dt=""r8"">10000000</Frequency><Timestamp dt:dt=""r8"">5100004033126</Timestamp><Current dt:dt=""r8"">0</Current><DateUtc dt:dt=""string"">2021-07-01T13:41:59Z</DateUtc></FrequencyChange></FrequencyChanges></Clock>\n",N,SL001_FCN6BB,6,1.0.0.262,1,143.941,1880523204,Full,3.0.3.80,3.0.3.80,7/1/21,7/1/21 13:42,8:42:00,3.0.3.82,Keyboard,B,Keyboard,-999999,15,15542,0,1,1,1,1,BlockProc,BlockList,90,213,,,4,0.954545455,424.6666667,1698,0.977777778,393,TrialProc,TrialList,flankerIR.jpg,1,4,Keyboard,2,11,195078,159,4,558,195636,9,1,90,Incon
FC,1,1,B,"<?xml version=""1.0""?>\n<Clock xmlns:dt=""urn:schemas-microsoft-com:datatypes""><Description dt:dt=""string"">E-Prime Primary Realtime Clock</Description><StartTime><Timestamp dt:dt=""int"">0</Timestamp><DateUtc dt:dt=""string"">2021-07-01T13:41:59Z</DateUtc></StartTime><FrequencyChanges><FrequencyChange><Frequency dt:dt=""r8"">10000000</Frequency><Timestamp dt:dt=""r8"">5100004033126</Timestamp><Current dt:dt=""r8"">0</Current><DateUtc dt:dt=""string"">2021-07-01T13:41:59Z</DateUtc></FrequencyChange></FrequencyChanges></Clock>\n",N,SL001_FCN6BB,6,1.0.0.262,1,143.941,1880523204,Full,3.0.3.80,3.0.3.80,7/1/21,7/1/21 13:42,8:42:00,3.0.3.82,Keyboard,B,Keyboard,-999999,15,15542,0,1,1,1,1,BlockProc,BlockList,91,122,1,364.7659574,1,,,1500,0.978021978,393.0337079,TrialProc,TrialList,flankerCL.jpg,1,1,Keyboard,2,11,196946,159,1,396,197342,5,1,91,Cong
FC,1,1,B,"<?xml version=""1.0""?>\n<Clock xmlns:dt=""urn:schemas-microsoft-com:datatypes""><Description dt:dt=""string"">E-Prime Primary Realtime Clock</Description><StartTime><Timestamp dt:dt=""int"">0</Timestamp><DateUtc dt:dt=""string"">2021-07-01T13:41:59Z</DateUtc></StartTime><FrequencyChanges><FrequencyChange><Frequency dt:dt=""r8"">10000000</Frequency><Timestamp dt:dt=""r8"">5100004033126</Timestamp><Current dt:dt=""r8"">0</Current><DateUtc dt:dt=""string"">2021-07-01T13:41:59Z</DateUtc></FrequencyChange></FrequencyChanges></Clock>\n",N,SL001_FCN6BB,6,1.0.0.262,1,143.941,1880523204,Full,3.0.3.80,3.0.3.80,7/1/21,7/1/21 13:42,8:42:00,3.0.3.82,Keyboard,B,Keyboard,-999999,15,15542,0,1,1,1,1,BlockProc,BlockList,92,221,,,1,0.955555556,425.255814,1302,0.97826087,393.6666667,TrialProc,TrialList,flankerIL.jpg,1,1,Keyboard,2,7,198612,160,1,450,199062,10,1,92,Incon
FC,1,1,B,"<?xml version=""1.0""?>\n<Clock xmlns:dt=""urn:schemas-microsoft-com:datatypes""><Description dt:dt=""string"">E-Prime Primary Realtime Clock</Description><StartTime><Timestamp dt:dt=""int"">0</Timestamp><DateUtc dt:dt=""string"">2021-07-01T13:41:59Z</DateUtc></StartTime><FrequencyChanges><FrequencyChange><Frequency dt:dt=""r8"">10000000</Frequency><Timestamp dt:dt=""r8"">5100004033126</Timestamp><Current dt:dt=""r8"">0</Current><DateUtc dt:dt=""string"">2021-07-01T13:41:59Z</DateUtc></FrequencyChange></FrequencyChanges></Clock>\n",N,SL001_FCN6BB,6,1.0.0.262,1,143.941,1880523204,Full,3.0.3.80,3.0.3.80,7/1/21,7/1/21 13:42,8:42:00,3.0.3.82,Keyboard,B,Keyboard,-999999,15,15542,0,1,1,1,1,BlockProc,BlockList,93,223,,,1,0.956521739,426.7272727,1698,0.978494624,394.7252747,TrialProc,TrialList,flankerIL.jpg,1,1,Keyboard,2,10,200084,160,1,490,200574,12,1,93,Incon
FC,1,1,B,"<?xml version=""1.0""?>\n<Clock xmlns:dt=""urn:schemas-microsoft-com:datatypes""><Description dt:dt=""string"">E-Prime Primary Realtime Clock</Description><StartTime><Timestamp dt:dt=""int"">0</Timestamp><DateUtc dt:dt=""string"">2021-07-01T13:41:59Z</DateUtc></StartTime><FrequencyChanges><FrequencyChange><Frequency dt:dt=""r8"">10000000</Frequency><Timestamp dt:dt=""r8"">5100004033126</Timestamp><Current dt:dt=""r8"">0</Current><DateUtc dt:dt=""string"">2021-07-01T13:41:59Z</DateUtc></FrequencyChange></FrequencyChanges></Clock>\n",N,SL001_FCN6BB,6,1.0.0.262,1,143.941,1880523204,Full,3.0.3.80,3.0.3.80,7/1/21,7/1/21 13:42,8:42:00,3.0.3.82,Keyboard,B,Keyboard,-999999,15,15542,0,1,1,1,1,BlockProc,BlockList,94,212,,,4,0.957446809,428,1500,0.978723404,395.6956522,TrialProc,TrialList,flankerIR.jpg,1,4,Keyboard,3,10,201952,160,4,484,202436,8,1,94,Incon
FC,1,1,B,"<?xml version=""1.0""?>\n<Clock xmlns:dt=""urn:schemas-microsoft-com:datatypes""><Description dt:dt=""string"">E-Prime Primary Realtime Clock</Description><StartTime><Timestamp dt:dt=""int"">0</Timestamp><DateUtc dt:dt=""string"">2021-07-01T13:41:59Z</DateUtc></StartTime><FrequencyChanges><FrequencyChange><Frequency dt:dt=""r8"">10000000</Frequency><Timestamp dt:dt=""r8"">5100004033126</Timestamp><Current dt:dt=""r8"">0</Current><DateUtc dt:dt=""string"">2021-07-01T13:41:59Z</DateUtc></FrequencyChange></FrequencyChanges></Clock>\n",N,SL001_FCN6BB,6,1.0.0.262,1,143.941,1880523204,Full,3.0.3.80,3.0.3.80,7/1/21,7/1/21 13:42,8:42:00,3.0.3.82,Keyboard,B,Keyboard,-999999,15,15542,0,1,1,1,1,BlockProc,BlockList,95,113,1,363.9791667,4,,,1698,0.978947368,394.9569892,TrialProc,TrialList,flankerCR.jpg,1,4,Keyboard,2,7,203619,153,4,327,203946,3,1,95,Cong
FC,1,1,B,"<?xml version=""1.0""?>\n<Clock xmlns:dt=""urn:schemas-microsoft-com:datatypes""><Description dt:dt=""string"">E-Prime Primary Realtime Clock</Description><StartTime><Timestamp dt:dt=""int"">0</Timestamp><DateUtc dt:dt=""string"">2021-07-01T13:41:59Z</DateUtc></StartTime><FrequencyChanges><FrequencyChange><Frequency dt:dt=""r8"">10000000</Frequency><Timestamp dt:dt=""r8"">5100004033126</Timestamp><Current dt:dt=""r8"">0</Current><DateUtc dt:dt=""string"">2021-07-01T13:41:59Z</DateUtc></FrequencyChange></FrequencyChanges></Clock>\n",N,SL001_FCN6BB,6,1.0.0.262,1,143.941,1880523204,Full,3.0.3.80,3.0.3.80,7/1/21,7/1/21 13:42,8:42:00,3.0.3.82,Keyboard,B,Keyboard,-999999,15,15542,0,1,1,1,1,BlockProc,BlockList,96,221,,,1,0.958333333,427.5434783,1302,0.979166667,395.0851064,TrialProc,TrialList,flankerIL.jpg,1,1,Keyboard,2,10,205480,160,1,407,205887,10,1,96,Incon