C:\Users\pindus\Desktop\SITLess_Data\EXP1\COG\PRE\FC\SL001\SL001_FCN6BA.edat3,,,,,,,,,,,,,,,,,,,,,,,,,,,,,,,,,,,,,,,,,,,,,,,,,,,,,,,,,,
ExperimentName,Subject,Session,BlockID,Clock.Information,CogSeq,DataFile.Basename,Day,ExperimentVersion,Group,Participant.RefreshRate,RandomSeed,RuntimeCapabilities,RuntimeVersion,RuntimeVersionExpected,SessionDate,SessionStartDateTimeUtc,SessionTime,StudioVersion,ThankYou.DEVICE,Timing,Welcome.DEVICE,Welcome.DurationError,Welcome.OnsetDelay,Welcome.OnsetTime,Welcome.OnsetToOnsetTime,Block,BlockList,BlockList.Cycle,BlockList.Sample,Procedure[Block],Running[Block],Trial,Condition,CongAcc,CongRT,CorrectAnswer,InconAcc,InconRT,ITI,OverallACC,OverallRT,Procedure[Trial],Running[Trial],Stimulus,Stimulus.ACC,Stimulus.CRESP,Stimulus.DEVICE,Stimulus.DurationError,Stimulus.OnsetDelay,Stimulus.OnsetTime,Stimulus.OnsetToOnsetTime,Stimulus.RESP,Stimulus.RT,Stimulus.RTTime,TrialList,TrialList.Cycle,TrialList.Sample,TrialType
FC,1,1,A,"<?xml version=""1.0""?>\n<Clock xmlns:dt=""urn:schemas-microsoft-com:datatypes""><Description dt:dt=""string"">E-Prime Primary Realtime Clock</Description><StartTime><Timestamp dt:dt=""int"">0</Timestamp><DateUtc dt:dt=""string"">2021-07-01T13:38:28Z</DateUtc></StartTime><FrequencyChanges><FrequencyChange><Frequency dt:dt=""r8"">10000000</Frequency><Timestamp dt:dt=""r8"">5097887421377</Timestamp><Current dt:dt=""r8"">0</Current><DateUtc dt:dt=""string"">2021-07-01T13:38:28Z</DateUtc></FrequencyChange></FrequencyChanges></Clock>\n",N,SL001_FCN6BA,6,1.0.0.262,1,144.03,-236085274,Full,3.0.3.80,3.0.3.80,7/1/21,7/1/21 13:38,8:38:28,3.0.3.82,Keyboard,B,Keyboard,-999999,33,13593,0,1,1,1,1,BlockProc,BlockList,1,211,,,4,1,574,1302,1,574,TrialProc,TrialList,flankerIR.jpg,1,4,Keyboard,2,37,36676,166,4,574,37250,7,1,1,Incon
FC,1,1,A,"<?xml version=""1.0""?>\n<Clock xmlns:dt=""urn:schemas-microsoft-com:datatypes""><Description dt:dt=""string"">E-Prime Primary Realtime Clock</Description><StartTime><Timestamp dt:dt=""int"">0</Timestamp><DateUtc dt:dt=""string"">2021-07-01T13:38:28Z</DateUtc></StartTime><FrequencyChanges><FrequencyChange><Frequency dt:dt=""r8"">10000000</Frequency><Timestamp dt:dt=""r8"">5097887421377</Timestamp><Current dt:dt=""r8"">0</Current><DateUtc dt:dt=""string"">2021-07-01T13:38:28Z</DateUtc></FrequencyChange></FrequencyChanges></Clock>\n",N,SL001_FCN6BA,6,1.0.0.262,1,144.03,-236085274,Full,3.0.3.80,3.0.3.80,7/1/21,7/1/21 13:38,8:38:28,3.0.3.82,Keyboard,B,Keyboard,-999999,33,13593,0,1,1,1,1,BlockProc,BlockList,2,212,,,4,1,472,1500,1,472,TrialProc,TrialList,flankerIR.jpg,1,4,Keyboard,2,18,38162,166,4,370,38532,8,1,2,Incon
FC,1,1,A,"<?xml version=""1.0""?>\n<Clock xmlns:dt=""urn:schemas-microsoft-com:datatypes""><Description dt:dt=""string"">E-Prime Primary Realtime Clock</Description><StartTime><Timestamp dt:dt=""int"">0</Timestamp><DateUtc dt:dt=""string"">2021-07-01T13:38:28Z</DateUtc></StartTime><FrequencyChanges><FrequencyChange><Frequency dt:dt=""r8"">10000000</Frequency><Timestamp dt:dt=""r8"">5097887421377</Timestamp><Current dt:dt=""r8"">0</Current><DateUtc dt:dt=""string"">2021-07-01T13:38:28Z</DateUtc></FrequencyChange></FrequencyChanges></Clock>\n",N,SL001_FCN6BA,6,1.0.0.262,1,144.03,-236085274,Full,3.0.3.80,3.0.3.80,7/1/21,7/1/21 13:38,8:38:28,3.0.3.82,Keyboard,B,Keyboard,-999999,33,13593,0,1,1,1,1,BlockProc,BlockList,3,213,,,4,1,413.3333333,1698,1,413.3333333,TrialProc,TrialList,flankerIR.jpg,1,4,Keyboard,2,14,39842,167,4,296,40138,9,1,3,Incon
FC,1,1,A,"<?xml version=""1.0""?>\n<Clock xmlns:dt=""urn:schemas-microsoft-com:datatypes""><Description dt:dt=""string"">E-Prime Primary Realtime Clock</Description><StartTime><Timestamp dt:dt=""int"">0</Timestamp><DateUtc dt:dt=""string"">2021-07-01T13:38:28Z</DateUtc></StartTime><FrequencyChanges><FrequencyChange><Frequency dt:dt=""r8"">10000000</Frequency><Timestamp dt:dt=""r8"">5097887421377</Timestamp><Current dt:dt=""r8"">0</Current><DateUtc dt:dt=""string"">2021-07-01T13:38:28Z</DateUtc></FrequencyChange></FrequencyChanges></Clock>\n",N,SL001_FCN6BA,6,1.0.0.262,1,144.03,-236085274,Full,3.0.3.80,3.0.3.80,7/1/21,7/1/21 13:38,8:38:28,3.0.3.82,Keyboard,B,Keyboard,-999999,33,13593,0,1,1,1,1,BlockProc,BlockList,4,213,,,4,1,407.75,1698,1,407.75,TrialProc,TrialList,flankerIR.jpg,1,4,Keyboard,2,17,41724,167,4,391,42115,9,1,4,Incon
FC,1,1,A,"<?xml version=""1.0""?>\n<Clock xmlns:dt=""urn:schemas-microsoft-com:datatypes""><Description dt:dt=""string"">E-Prime Primary Realtime Clock</Description><StartTime><Timestamp dt:dt=""int"">0</Timestamp><DateUtc dt:dt=""string"">2021-07-01T13:38:28Z</DateUtc></StartTime><FrequencyChanges><FrequencyChange><Frequency dt:dt=""r8"">10000000</Frequency><Timestamp dt:dt=""r8"">5097887421377</Timestamp><Current dt:dt=""r8"">0</Current><DateUtc dt:dt=""string"">2021-07-01T13:38:28Z</DateUtc></FrequencyChange></FrequencyChanges></Clock>\n",N,SL001_FCN6BA,6,1.0.0.262,1,144.03,-236085274,Full,3.0.3.80,3.0.3.80,7/1/21,7/1/21 13:38,8:38:28,3.0.3.82,Keyboard,B,Keyboard,-999999,33,13593,0,1,1,1,1,BlockProc,BlockList,5,112,1,296,4,,,1500,1,385.4,TrialProc,TrialList,flankerCR.jpg,1,4,Keyboard,2,17,43606,160,4,296,43902,2,1,5,Cong
FC,1,1,A,"<?xml version=""1.0""?>\n<Clock xmlns:dt=""urn:schemas-microsoft-com:datatypes""><Description dt:dt=""string"">E-Prime Primary Realtime Clock</Description><StartTime><Timestamp dt:dt=""int"">0</Timestamp><DateUtc dt:dt=""string"">2021-07-01T13:38:28Z</DateUtc></StartTime><FrequencyChanges><FrequencyChange><Frequency dt:dt=""r8"">10000000</Frequency><Timestamp dt:dt=""r8"">5097887421377</Timestamp><Current dt:dt=""r8"">0</Current><DateUtc dt:dt=""string"">2021-07-01T13:38:28Z</DateUtc></FrequencyChange></FrequencyChanges></Clock>\n",N,SL001_FCN6BA,6,1.0.0.262,1,144.03,-236085274,Full,3.0.3.80,3.0.3.80,7/1/21,7/1/21 13:38,8:38:28,3.0.3.82,Keyboard,B,Keyboard,-999999,33,13593,0,1,1,1,1,BlockProc,BlockList,6,113,1,293.5,4,,,1698,1,369.6666667,TrialProc,TrialList,flankerCR.jpg,1,4,Keyboard,3,13,45279,160,4,291,45570,3,1,6,Cong
FC,1,1,A,"<?xml version=""1.0""?>\n<Clock xmlns:dt=""urn:schemas-microsoft-com:datatypes""><Description dt:dt=""string"">E-Prime Primary Realtime Clock</Description><StartTime><Timestamp dt:dt=""int"">0</Timestamp><DateUtc dt:dt=""string"">2021-07-01T13:38:28Z</DateUtc></StartTime><FrequencyChanges><FrequencyChange><Frequency dt:dt=""r8"">10000000</Frequency><Timestamp dt:dt=""r8"">5097887421377</Timestamp><Current dt:dt=""r8"">0</Current><DateUtc dt:dt=""string"">2021-07-01T13:38:28Z</DateUtc></FrequencyChange></FrequencyChanges></Clock>\n",N,SL001_FCN6BA,6,1.0.0.262,1,144.03,-236085274,Full,3.0.3.80,3.0.3.80,7/1/21,7/1/21 13:38,8:38:28,3.0.3.82,Keyboard,B,Keyboard,-999999,33,13593,0,1,1,1,1,BlockProc,BlockList,7,111,1,277.3333333,4,,,1302,1,351.8571429,TrialProc,TrialList,flankerCR.jpg,1,4,Keyboard,3,17,47154,160,4,245,47399,1,1,7,Cong
FC,1,1,A,"<?xml version=""1.0""?>\n<Clock xmlns:dt=""urn:schemas-microsoft-com:datatypes""><Description dt:dt=""string"">E-Prime Primary Realtime Clock</Description><StartTime><Timestamp dt:dt=""int"">0</Timestamp><DateUtc dt:dt=""string"">2021-07-01T13:38:28Z</DateUtc></StartTime><FrequencyChanges><FrequencyChange><Frequency dt:dt=""r8"">10000000</Frequency><Timestamp dt:dt=""r8"">5097887421377</Timestamp><Current dt:dt=""r8"">0</Current><DateUtc dt:dt=""string"">2021-07-01T13:38:28Z</DateUtc></FrequencyChange></FrequencyChanges></Clock>\n",N,SL001_FCN6BA,6,1.0.0.262,1,144.03,-236085274,Full,3.0.3.80,3.0.3.80,7/1/21,7/1/21 13:38,8:38:28,3.0.3.82,Keyboard,B,Keyboard,-999999,33,13593,0,1,1,1,1,BlockProc,BlockList,8,112,1,280.5,4,,,1500,1,344.125,TrialProc,TrialList,flankerCR.jpg,1,4,Keyboard,3,17,48633,167,4,290,48923,2,1,8,Cong
FC,1,1,A,"<?xml version=""1.0""?>\n<Clock xmlns:dt=""urn:schemas-microsoft-com:datatypes""><Description dt:dt=""string"">E-Prime Primary Realtime Clock</Description><StartTime><Timestamp dt:dt=""int"">0</Timestamp><DateUtc dt:dt=""string"">2021-07-01T13:38:28Z</DateUtc></StartTime><FrequencyChanges><FrequencyChange><Frequency dt:dt=""r8"">10000000</Frequency><Timestamp dt:dt=""r8"">5097887421377</Timestamp><Current dt:dt=""r8"">0</Current><DateUtc dt:dt=""string"">2021-07-01T13:38:28Z</DateUtc></FrequencyChange></FrequencyChanges></Clock>\n",N,SL001_FCN6BA,6,1.0.0.262,1,144.03,-236085274,Full,3.0.3.80,3.0.3.80,7/1/21,7/1/21 13:38,8:38:28,3.0.3.82,Keyboard,B,Keyboard,-999999,33,13593,0,1,1,1,1,BlockProc,BlockList,9,111,1,276.6,4,,,1302,1,334.8888889,TrialProc,TrialList,flankerCR.jpg,1,4,Keyboard,2,14,50314,160,4,261,50575,1,1,9,Cong
FC,1,1,A,"<?xml version=""1.0""?>\n<Clock xmlns:dt=""urn:schemas-microsoft-com:datatypes""><Description dt:dt=""string"">E-Prime Primary Realtime Clock</Description><StartTime><Timestamp dt:dt=""int"">0</Timestamp><DateUtc dt:dt=""string"">2021-07-01T13:38:28Z</DateUtc></StartTime><FrequencyChanges><FrequencyChange><Frequency dt:dt=""r8"">10000000</Frequency><Timestamp dt:dt=""r8"">5097887421377</Timestamp><Current dt:dt=""r8"">0</Current><DateUtc dt:dt=""string"">2021-07-01T13:38:28Z</DateUtc></FrequencyChange></FrequencyChanges></Clock>\n",N,SL001_FCN6BA,6,1.0.0.262,1,144.03,-236085274,Full,3.0.3.80,3.0.3.80,7/1/21,7/1/21 13:38,8:38:28,3.0.3.82,Keyboard,B,Keyboard,-999999,33,13593,0,1,1,1,1,BlockProc,BlockList,10,112,1,279.8333333,4,,,1500,1,331,TrialProc,TrialList,flankerCR.jpg,1,4,Keyboard,2,17,51793,160,4,296,52089,2,1,10,Cong
FC,1,1,A,"<?xml version=""1.0""?>\n<Clock xmlns:dt=""urn:schemas-microsoft-com:datatypes""><Description dt:dt=""string"">E-Prime Primary Realtime Clock</Description><StartTime><Timestamp dt:dt=""int"">0</Timestamp><DateUtc dt:dt=""string"">2021-07-01T13:38:28Z</DateUtc></StartTime><FrequencyChanges><FrequencyChange><Frequency dt:dt=""r8"">10000000</Frequency><Timestamp dt:dt=""r8"">5097887421377</Timestamp><Current dt:dt=""r8"">0</Current><DateUtc dt:dt=""string"">2021-07-01T13:38:28Z</DateUtc></FrequencyChange></FrequencyChanges></Clock>\n",N,SL001_FCN6BA,6,1.0.0.262,1,144.03,-236085274,Full,3.0.3.80,3.0.3.80,7/1/21,7/1/21 13:38,8:38:28,3.0.3.82,Keyboard,B,Keyboard,-999999,33,13593,0,1,1,1,1,BlockProc,BlockList,11,111,1,279,4,,,1302,1,325.8181818,TrialProc,TrialList,flankerCR.jpg,1,4,Keyboard,2,14,53467,159,4,274,53741,1,1,11,Cong
FC,1,1,A,"<?xml version=""1.0""?>\n<Clock xmlns:dt=""urn:schemas-microsoft-com:datatypes""><Description dt:dt=""string"">E-Prime Primary Realtime Clock</Description><StartTime><Timestamp dt:dt=""int"">0</Timestamp><DateUtc dt:dt=""string"">2021-07-01T13:38:28Z</DateUtc></StartTime><FrequencyChanges><FrequencyChange><Frequency dt:dt=""r8"">10000000</Frequency><Timestamp dt:dt=""r8"">5097887421377</Timestamp><Current dt:dt=""r8"">0</Current><DateUtc dt:dt=""string"">2021-07-01T13:38:28Z</DateUtc></FrequencyChange></FrequencyChanges></Clock>\n",N,SL001_FCN6BA,6,1.0.0.262,1,144.03,-236085274,Full,3.0.3.80,3.0.3.80,7/1/21,7/1/21 13:38,8:38:28,3.0.3.82,Keyboard,B,Keyboard,-999999,33,13593,0,1,1,1,1,BlockProc,BlockList,12,122,1,294.25,1,,,1500,1,332.0833333,TrialProc,TrialList,flankerCL.jpg,1,1,Keyboard,2,18,54946,159,1,401,55347,5,1,12,Cong
FC,1,1,A,"<?xml version=""1.0""?>\n<Clock xmlns:dt=""urn:schemas-microsoft-com:datatypes""><Description dt:dt=""string"">E-Prime Primary Realtime Clock</Description><StartTime><Timestamp dt:dt=""int"">0</Timestamp><DateUtc dt:dt=""string"">2021-07-01T13:38:28Z</DateUtc></StartTime><FrequencyChanges><FrequencyChange><Frequency dt:dt=""r8"">10000000</Frequency><Timestamp dt:dt=""r8"">5097887421377</Timestamp><Current dt:dt=""r8"">0</Current><DateUtc dt:dt=""string"">2021-07-01T13:38:28Z</DateUtc></FrequencyChange></FrequencyChanges></Clock>\n",N,SL001_FCN6BA,6,1.0.0.262,1,144.03,-236085274,Full,3.0.3.80,3.0.3.80,7/1/21,7/1/21 13:38,8:38:28,3.0.3.82,Keyboard,B,Keyboard,-999999,33,13593,0,1,1,1,1,BlockProc,BlockList,13,211,,,4,1,405.4,1302,1,337,TrialProc,TrialList,flankerIR.jpg,1,4,Keyboard,3,14,56619,160,4,396,57015,7,1,13,Incon
FC,1,1,A,"<?xml version=""1.0""?>\n<Clock xmlns:dt=""urn:schemas-microsoft-com:datatypes""><Description dt:dt=""string"">E-Prime Primary Realtime Clock</Description><StartTime><Timestamp dt:dt=""int"">0</Timestamp><DateUtc dt:dt=""string"">2021-07-01T13:38:28Z</DateUtc></StartTime><FrequencyChanges><FrequencyChange><Frequency dt:dt=""r8"">10000000</Frequency><Timestamp dt:dt=""r8"">5097887421377</Timestamp><Current dt:dt=""r8"">0</Current><DateUtc dt:dt=""string"">2021-07-01T13:38:28Z</DateUtc></FrequencyChange></FrequencyChanges></Clock>\n",N,SL001_FCN6BA,6,1.0.0.262,1,144.03,-236085274,Full,3.0.3.80,3.0.3.80,7/1/21,7/1/21 13:38,8:38:28,3.0.3.82,Keyboard,B,Keyboard,-999999,33,13593,0,1,1,1,1,BlockProc,BlockList,14,211,,,4,1,411.6666667,1302,1,344.5714286,TrialProc,TrialList,flankerIR.jpg,1,4,Keyboard,3,17,58098,160,4,443,58541,7,1,14,Incon
FC,1,1,A,"<?xml version=""1.0""?>\n<Clock xmlns:dt=""urn:schemas-microsoft-com:datatypes""><Description dt:dt=""string"">E-Prime Primary Realtime Clock</Description><StartTime><Timestamp dt:dt=""int"">0</Timestamp><DateUtc dt:dt=""string"">2021-07-01T13:38:28Z</DateUtc></StartTime><FrequencyChanges><FrequencyChange><Frequency dt:dt=""r8"">10000000</Frequency><Timestamp dt:dt=""r8"">5097887421377</Timestamp><Current dt:dt=""r8"">0</Current><DateUtc dt:dt=""string"">2021-07-01T13:38:28Z</DateUtc></FrequencyChange></FrequencyChanges></Clock>\n",N,SL001_FCN6BA,6,1.0.0.262,1,144.03,-236085274,Full,3.0.3.80,3.0.3.80,7/1/21,7/1/21 13:38,8:38:28,3.0.3.82,Keyboard,B,Keyboard,-999999,33,13593,0,1,1,1,1,BlockProc,BlockList,15,221,,,1,1,413.7142857,1302,1,350,TrialProc,TrialList,flankerIL.jpg,1,1,Keyboard,2,18,59578,159,1,426,60004,10,1,15,Incon
FC,1,1,A,"<?xml version=""1.0""?>\n<Clock xmlns:dt=""urn:schemas-microsoft-com:datatypes""><Description dt:dt=""string"">E-Prime Primary Realtime Clock</Description><StartTime><Timestamp dt:dt=""int"">0</Timestamp><DateUtc dt:dt=""string"">2021-07-01T13:38:28Z</DateUtc></StartTime><FrequencyChanges><FrequencyChange><Frequency dt:dt=""r8"">10000000</Frequency><Timestamp dt:dt=""r8"">5097887421377</Timestamp><Current dt:dt=""r8"">0</Current><DateUtc dt:dt=""string"">2021-07-01T13:38:28Z</DateUtc></FrequencyChange></FrequencyChanges></Clock>\n",N,SL001_FCN6BA,6,1.0.0.262,1,144.03,-236085274,Full,3.0.3.80,3.0.3.80,7/1/21,7/1/21 13:38,8:38:28,3.0.3.82,Keyboard,B,Keyboard,-999999,33,13593,0,1,1,1,1,BlockProc,BlockList,16,122,1,308.7777778,1,,,1500,1,354.6875,TrialProc,TrialList,flankerCL.jpg,1,1,Keyboard,2,18,61057,159,1,425,61482,5,1,16,Cong
FC,1,1,A,"<?xml version=""1.0""?>\n<Clock xmlns:dt=""urn:schemas-microsoft-com:datatypes""><Description dt:dt=""string"">E-Prime Primary Realtime Clock</Description><StartTime><Timestamp dt:dt=""int"">0</Timestamp><DateUtc dt:dt=""string"">2021-07-01T13:38:28Z</DateUtc></StartTime><FrequencyChanges><FrequencyChange><Frequency dt:dt=""r8"">10000000</Frequency><Timestamp dt:dt=""r8"">5097887421377</Timestamp><Current dt:dt=""r8"">0</Current><DateUtc dt:dt=""string"">2021-07-01T13:38:28Z</DateUtc></FrequencyChange></FrequencyChanges></Clock>\n",N,SL001_FCN6BA,6,1.0.0.262,1,144.03,-236085274,Full,3.0.3.80,3.0.3.80,7/1/21,7/1/21 13:38,8:38:28,3.0.3.82,Keyboard,B,Keyboard,-999999,33,13593,0,1,1,1,1,BlockProc,BlockList,17,112,1,313,4,,,1500,1,354.4705882,TrialProc,TrialList,flankerCR.jpg,1,4,Keyboard,2,7,62723,160,4,351,63074,2,1,17,Cong
FC,1,1,A,"<?xml version=""1.0""?>\n<Clock xmlns:dt=""urn:schemas-microsoft-com:datatypes""><Description dt:dt=""string"">E-Prime Primary Realtime Clock</Description><StartTime><Timestamp dt:dt=""int"">0</Timestamp><DateUtc dt:dt=""string"">2021-07-01T13:38:28Z</DateUtc></StartTime><FrequencyChanges><FrequencyChange><Frequency dt:dt=""r8"">10000000</Frequency><Timestamp dt:dt=""r8"">5097887421377</Timestamp><Current dt:dt=""r8"">0</Current><DateUtc dt:dt=""string"">2021-07-01T13:38:28Z</DateUtc></FrequencyChange></FrequencyChanges></Clock>\n",N,SL001_FCN6BA,6,1.0.0.262,1,144.03,-236085274,Full,3.0.3.80,3.0.3.80,7/1/21,7/1/21 13:38,8:38:28,3.0.3.82,Keyboard,B,Keyboard,-999999,33,13593,0,1,1,1,1,BlockProc,BlockList,18,211,,,4,1,412.125,1302,1,357.0555556,TrialProc,TrialList,flankerIR.jpg,1,4,Keyboard,2,14,64397,160,4,401,64798,7,1,18,Incon
FC,1,1,A,"<?xml version=""1.0""?>\n<Clock xmlns:dt=""urn:schemas-microsoft-com:datatypes""><Description dt:dt=""string"">E-Prime Primary Realtime Clock</Description><StartTime><Timestamp dt:dt=""int"">0</Timestamp><DateUtc dt:dt=""string"">2021-07-01T13:38:28Z</DateUtc></StartTime><FrequencyChanges><FrequencyChange><Frequency dt:dt=""r8"">10000000</Frequency><Timestamp dt:dt=""r8"">5097887421377</Timestamp><Current dt:dt=""r8"">0</Current><DateUtc dt:dt=""string"">2021-07-01T13:38:28Z</DateUtc></FrequencyChange></FrequencyChanges></Clock>\n",N,SL001_FCN6BA,6,1.0.0.262,1,144.03,-236085274,Full,3.0.3.80,3.0.3.80,7/1/21,7/1/21 13:38,8:38:28,3.0.3.82,Keyboard,B,Keyboard,-999999,33,13593,0,1,1,1,1,BlockProc,BlockList,19,221,,,1,0.888888889,,1302,0.947368421,,TrialProc,TrialList,flankerIL.jpg,0,1,Keyboard,2,10,65869,160,4,338,66207,10,1,19,Incon
FC,1,1,A,"<?xml version=""1.0""?>\n<Clock xmlns:dt=""urn:schemas-microsoft-com:datatypes""><Description dt:dt=""string"">E-Prime Primary Realtime Clock</Description><StartTime><Timestamp dt:dt=""int"">0</Timestamp><DateUtc dt:dt=""string"">2021-07-01T13:38:28Z</DateUtc></StartTime><FrequencyChanges><FrequencyChange><Frequency dt:dt=""r8"">10000000</Frequency><Timestamp dt:dt=""r8"">5097887421377</Timestamp><Current dt:dt=""r8"">0</Current><DateUtc dt:dt=""string"">2021-07-01T13:38:28Z</DateUtc></FrequencyChange></FrequencyChanges></Clock>\n",N,SL001_FCN6BA,6,1.0.0.262,1,144.03,-236085274,Full,3.0.3.80,3.0.3.80,7/1/21,7/1/21 13:38,8:38:28,3.0.3.82,Keyboard,B,Keyboard,-999999,33,13593,0,1,1,1,1,BlockProc,BlockList,20,223,,,1,0.9,408.3333333,1698,0.95,358.1578947,TrialProc,TrialList,flankerIL.jpg,1,1,Keyboard,2,10,67341,160,1,378,67719,12,1,20,Incon
FC,1,1,A,"<?xml version=""1.0""?>\n<Clock xmlns:dt=""urn:schemas-microsoft-com:datatypes""><Description dt:dt=""string"">E-Prime Primary Realtime Clock</Description><StartTime><Timestamp dt:dt=""int"">0</Timestamp><DateUtc dt:dt=""string"">2021-07-01T13:38:28Z</DateUtc></StartTime><FrequencyChanges><FrequencyChange><Frequency dt:dt=""r8"">10000000</Frequency><Timestamp dt:dt=""r8"">5097887421377</Timestamp><Current dt:dt=""r8"">0</Current><DateUtc dt:dt=""string"">2021-07-01T13:38:28Z</DateUtc></FrequencyChange></FrequencyChanges></Clock>\n",N,SL001_FCN6BA,6,1.0.0.262,1,144.03,-236085274,Full,3.0.3.80,3.0.3.80,7/1/21,7/1/21 13:38,8:38:28,3.0.3.82,Keyboard,B,Keyboard,-999999,33,13593,0,1,1,1,1,BlockProc,BlockList,21,222,,,1,0.909090909,411.5,1500,0.952380952,362.25,TrialProc,TrialList,flankerIL.jpg,1,1,Keyboard,2,10,69209,160,1,440,69649,11,1,21,Incon
FC,1,1,A,"<?xml version=""1.0""?>\n<Clock xmlns:dt=""urn:schemas-microsoft-com:datatypes""><Description dt:dt=""string"">E-Prime Primary Realtime Clock</Description><StartTime><Timestamp dt:dt=""int"">0</Timestamp><DateUtc dt:dt=""string"">2021-07-01T13:38:28Z</DateUtc></StartTime><FrequencyChanges><FrequencyChange><Frequency dt:dt=""r8"">10000000</Frequency><Timestamp dt:dt=""r8"">5097887421377</Timestamp><Current dt:dt=""r8"">0</Current><DateUtc dt:dt=""string"">2021-07-01T13:38:28Z</DateUtc></FrequencyChange></FrequencyChanges></Clock>\n",N,SL001_FCN6BA,6,1.0.0.262,1,144.03,-236085274,Full,3.0.3.80,3.0.3.80,7/1/21,7/1/21 13:38,8:38:28,3.0.3.82,Keyboard,B,Keyboard,-999999,33,13593,0,1,1,1,1,BlockProc,BlockList,22,211,,,4,0.916666667,408.1818182,1302,0.954545455,362.8571429,TrialProc,TrialList,flankerIR.jpg,1,4,Keyboard,2,7,70876,159,4,375,71251,7,1,22,Incon
FC,1,1,A,"<?xml version=""1.0""?>\n<Clock xmlns:dt=""urn:schemas-microsoft-com:datatypes""><Description dt:dt=""string"">E-Prime Primary Realtime Clock</Description><StartTime><Timestamp dt:dt=""int"">0</Timestamp><DateUtc dt:dt=""string"">2021-07-01T13:38:28Z</DateUtc></StartTime><FrequencyChanges><FrequencyChange><Frequency dt:dt=""r8"">10000000</Frequency><Timestamp dt:dt=""r8"">5097887421377</Timestamp><Current dt:dt=""r8"">0</Current><DateUtc dt:dt=""string"">2021-07-01T13:38:28Z</DateUtc></FrequencyChange></FrequencyChanges></Clock>\n",N,SL001_FCN6BA,6,1.0.0.262,1,144.03,-236085274,Full,3.0.3.80,3.0.3.80,7/1/21,7/1/21 13:38,8:38:28,3.0.3.82,Keyboard,B,Keyboard,-999999,33,13593,0,1,1,1,1,BlockProc,BlockList,23,113,1,317.3636364,4,,,1698,0.956521739,362.7727273,TrialProc,TrialList,flankerCR.jpg,1,4,Keyboard,2,18,72355,160,4,361,72716,3,1,23,Cong
FC,1,1,A,"<?xml version=""1.0""?>\n<Clock xmlns:dt=""urn:schemas-microsoft-com:datatypes""><Description dt:dt=""string"">E-Prime Primary Realtime Clock</Description><StartTime><Timestamp dt:dt=""int"">0</Timestamp><DateUtc dt:dt=""string"">2021-07-01T13:38:28Z</DateUtc></StartTime><FrequencyChanges><FrequencyChange><Frequency dt:dt=""r8"">10000000</Frequency><Timestamp dt:dt=""r8"">5097887421377</Timestamp><Current dt:dt=""r8"">0</Current><DateUtc dt:dt=""string"">2021-07-01T13:38:28Z</DateUtc></FrequencyChange></FrequencyChanges></Clock>\n",N,SL001_FCN6BA,6,1.0.0.262,1,144.03,-236085274,Full,3.0.3.80,3.0.3.80,7/1/21,7/1/21 13:38,8:38:28,3.0.3.82,Keyboard,B,Keyboard,-999999,33,13593,0,1,1,1,1,BlockProc,BlockList,24,111,1,319.6666667,4,,,1302,0.958333333,362,TrialProc,TrialList,flankerCR.jpg,1,4,Keyboard,2,17,74230,160,4,345,74575,1,1,24,Cong
FC,1,1,A,"<?xml version=""1.0""?>\n<Clock xmlns:dt=""urn:schemas-microsoft-com:datatypes""><Description dt:dt=""string"">E-Prime Primary Realtime Clock</Description><StartTime><Timestamp dt:dt=""int"">0</Timestamp><DateUtc dt:dt=""string"">2021-07-01T13:38:28Z</DateUtc></StartTime><FrequencyChanges><FrequencyChange><Frequency dt:dt=""r8"">10000000</Frequency><Timestamp dt:dt=""r8"">5097887421377</Timestamp><Current dt:dt=""r8"">0</Current><DateUtc dt:dt=""string"">2021-07-01T13:38:28Z</DateUtc></FrequencyChange></FrequencyChanges></Clock>\n",N,SL001_FCN6BA,6,1.0.0.262,1,144.03,-236085274,Full,3.0.3.80,3.0.3.80,7/1/21,7/1/21 13:38,8:38:28,3.0.3.82,Keyboard,B,Keyboard,-999999,33,13593,0,1,1,1,1,BlockProc,BlockList,25,223,,,1,0.923076923,407.25,1698,0.96,363.4583333,TrialProc,TrialList,flankerIL.jpg,1,1,Keyboard,2,10,75702,160,1,397,76099,12,1,25,Incon
FC,1,1,A,"<?xml version=""1.0""?>\n<Clock xmlns:dt=""urn:schemas-microsoft-com:datatypes""><Description dt:dt=""string"">E-Prime Primary Realtime Clock</Description><StartTime><Timestamp dt:dt=""int"">0</Timestamp><DateUtc dt:dt=""string"">2021-07-01T13:38:28Z</DateUtc></StartTime><FrequencyChanges><FrequencyChange><Frequency dt:dt=""r8"">10000000</Frequency><Timestamp dt:dt=""r8"">5097887421377</Timestamp><Current dt:dt=""r8"">0</Current><DateUtc dt:dt=""string"">2021-07-01T13:38:28Z</DateUtc></FrequencyChange></FrequencyChanges></Clock>\n",N,SL001_FCN6BA,6,1.0.0.262,1,144.03,-236085274,Full,3.0.3.80,3.0.3.80,7/1/21,7/1/21 13:38,8:38:28,3.0.3.82,Keyboard,B,Keyboard,-999999,33,13593,0,1,1,1,1,BlockProc,BlockList,26,113,1,320.5384615,4,,,1698,0.961538462,362.16,TrialProc,TrialList,flankerCR.jpg,1,4,Keyboard,2,17,77577,160,4,331,77908,3,1,26,Cong
FC,1,1,A,"<?xml version=""1.0""?>\n<Clock xmlns:dt=""urn:schemas-microsoft-com:datatypes""><Description dt:dt=""string"">E-Prime Primary Realtime Clock</Description><StartTime><Timestamp dt:dt=""int"">0</Timestamp><DateUtc dt:dt=""string"">2021-07-01T13:38:28Z</DateUtc></StartTime><FrequencyChanges><FrequencyChange><Frequency dt:dt=""r8"">10000000</Frequency><Timestamp dt:dt=""r8"">5097887421377</Timestamp><Current dt:dt=""r8"">0</Current><DateUtc dt:dt=""string"">2021-07-01T13:38:28Z</DateUtc></FrequencyChange></FrequencyChanges></Clock>\n",N,SL001_FCN6BA,6,1.0.0.262,1,144.03,-236085274,Full,3.0.3.80,3.0.3.80,7/1/21,7/1/21 13:38,8:38:28,3.0.3.82,Keyboard,B,Keyboard,-999999,33,13593,0,1,1,1,1,BlockProc,BlockList,27,121,1,320.5,1,,,1302,0.962962963,360.5384615,TrialProc,TrialList,flankerCL.jpg,1,1,Keyboard,2,10,79445,160,1,320,79765,4,1,27,Cong
FC,1,1,A,"<?xml version=""1.0""?>\n<Clock xmlns:dt=""urn:schemas-microsoft-com:datatypes""><Description dt:dt=""string"">E-Prime Primary Realtime Clock</Description><StartTime><Timestamp dt:dt=""int"">0</Timestamp><DateUtc dt:dt=""string"">2021-07-01T13:38:28Z</DateUtc></StartTime><FrequencyChanges><FrequencyChange><Frequency dt:dt=""r8"">10000000</Frequency><Timestamp dt:dt=""r8"">5097887421377</Timestamp><Current dt:dt=""r8"">0</Current><DateUtc dt:dt=""string"">2021-07-01T13:38:28Z</DateUtc></FrequencyChange></FrequencyChanges></Clock>\n",N,SL001_FCN6BA,6,1.0.0.262,1,144.03,-236085274,Full,3.0.3.80,3.0.3.80,7/1/21,7/1/21 13:38,8:38:28,3.0.3.82,Keyboard,B,Keyboard,-999999,33,13593,0,1,1,1,1,BlockProc,BlockList,28,122,1,319,1,,,1500,0.964285714,358.2222222,TrialProc,TrialList,flankerCL.jpg,1,1,Keyboard,2,10,80917,160,1,298,81215,5,1,28,Cong
FC,1,1,A,"<?xml version=""1.0""?>\n<Clock xmlns:dt=""urn:schemas-microsoft-com:datatypes""><Description dt:dt=""string"">E-Prime Primary Realtime Clock</Description><StartTime><Timestamp dt:dt=""int"">0</Timestamp><DateUtc dt:dt=""string"">2021-07-01T13:38:28Z</DateUtc></StartTime><FrequencyChanges><FrequencyChange><Frequency dt:dt=""r8"">10000000</Frequency><Timestamp dt:dt=""r8"">5097887421377</Timestamp><Current dt:dt=""r8"">0</Current><DateUtc dt:dt=""string"">2021-07-01T13:38:28Z</DateUtc></FrequencyChange></FrequencyChanges></Clock>\n",N,SL001_FCN6BA,6,1.0.0.262,1,144.03,-236085274,Full,3.0.3.80,3.0.3.80,7/1/21,7/1/21 13:38,8:38:28,3.0.3.82,Keyboard,B,Keyboard,-999999,33,13593,0,1,1,1,1,BlockProc,BlockList,29,112,1,319.375,4,,,1500,0.965517241,357.0357143,TrialProc,TrialList,flankerCR.jpg,1,4,Keyboard,2,7,82584,159,4,325,82909,2,1,29,Cong
FC,1,1,A,"<?xml version=""1.0""?>\n<Clock xmlns:dt=""urn:schemas-microsoft-com:datatypes""><Description dt:dt=""string"">E-Prime Primary Realtime Clock</Description><StartTime><Timestamp dt:dt=""int"">0</Timestamp><DateUtc dt:dt=""string"">2021-07-01T13:38:28Z</DateUtc></StartTime><FrequencyChanges><FrequencyChange><Frequency dt:dt=""r8"">10000000</Frequency><Timestamp dt:dt=""r8"">5097887421377</Timestamp><Current dt:dt=""r8"">0</Current><DateUtc dt:dt=""string"">2021-07-01T13:38:28Z</DateUtc></FrequencyChange></FrequencyChanges></Clock>\n",N,SL001_FCN6BA,6,1.0.0.262,1,144.03,-236085274,Full,3.0.3.80,3.0.3.80,7/1/21,7/1/21 13:38,8:38:28,3.0.3.82,Keyboard,B,Keyboard,-999999,33,13593,0,1,1,1,1,BlockProc,BlockList,30,122,1,320.4705882,1,,,1500,0.966666667,356.3793103,TrialProc,TrialList,flankerCL.jpg,1,1,Keyboard,2,7,84250,160,1,338,84588,5,1,30,Cong
FC,1,1,A,"<?xml version=""1.0""?>\n<Clock xmlns:dt=""urn:schemas-microsoft-com:datatypes""><Description dt:dt=""string"">E-Prime Primary Realtime Clock</Description><StartTime><Timestamp dt:dt=""int"">0</Timestamp><DateUtc dt:dt=""string"">2021-07-01T13:38:28Z</DateUtc></StartTime><FrequencyChanges><FrequencyChange><Frequency dt:dt=""r8"">10000000</Frequency><Timestamp dt:dt=""r8"">5097887421377</Timestamp><Current dt:dt=""r8"">0</Current><DateUtc dt:dt=""string"">2021-07-01T13:38:28Z</DateUtc></FrequencyChange></FrequencyChanges></Clock>\n",N,SL001_FCN6BA,6,1.0.0.262,1,144.03,-236085274,Full,3.0.3.80,3.0.3.80,7/1/21,7/1/21 13:38,8:38:28,3.0.3.82,Keyboard,B,Keyboard,-999999,33,13593,0,1,1,1,1,BlockProc,BlockList,31,213,,,4,0.928571429,405.4615385,1698,0.967741935,357.3,TrialProc,TrialList,flankerIR.jpg,1,4,Keyboard,2,7,85917,160,4,384,86301,9,1,31,Incon
FC,1,1,A,"<?xml version=""1.0""?>\n<Clock xmlns:dt=""urn:schemas-microsoft-com:datatypes""><Description dt:dt=""string"">E-Prime Primary Realtime Clock</Description><StartTime><Timestamp dt:dt=""int"">0</Timestamp><DateUtc dt:dt=""string"">2021-07-01T13:38:28Z</DateUtc></StartTime><FrequencyChanges><FrequencyChange><Frequency dt:dt=""r8"">10000000</Frequency><Timestamp dt:dt=""r8"">5097887421377</Timestamp><Current dt:dt=""r8"">0</Current><DateUtc dt:dt=""string"">2021-07-01T13:38:28Z</DateUtc></FrequencyChange></FrequencyChanges></Clock>\n",N,SL001_FCN6BA,6,1.0.0.262,1,144.03,-236085274,Full,3.0.3.80,3.0.3.80,7/1/21,7/1/21 13:38,8:38:28,3.0.3.82,Keyboard,B,Keyboard,-999999,33,13593,0,1,1,1,1,BlockProc,BlockList,32,123,1,324.6111111,1,,,1698,0.96875,358.516129,TrialProc,TrialList,flankerCL.jpg,1,1,Keyboard,2,10,87785,160,1,395,88180,6,1,32,Cong
FC,1,1,A,"<?xml version=""1.0""?>\n<Clock xmlns:dt=""urn:schemas-microsoft-com:datatypes""><Description dt:dt=""string"">E-Prime Primary Realtime Clock</Description><StartTime><Timestamp dt:dt=""int"">0</Timestamp><DateUtc dt:dt=""string"">2021-07-01T13:38:28Z</DateUtc></StartTime><FrequencyChanges><FrequencyChange><Frequency dt:dt=""r8"">10000000</Frequency><Timestamp dt:dt=""r8"">5097887421377</Timestamp><Current dt:dt=""r8"">0</Current><DateUtc dt:dt=""string"">2021-07-01T13:38:28Z</DateUtc></FrequencyChange></FrequencyChanges></Clock>\n",N,SL001_FCN6BA,6,1.0.0.262,1,144.03,-236085274,Full,3.0.3.80,3.0.3.80,7/1/21,7/1/21 13:38,8:38:28,3.0.3.82,Keyboard,B,Keyboard,-999999,33,13593,0,1,1,1,1,BlockProc,BlockList,33,213,,,4,0.933333333,403.7857143,1698,0.96969697,359.25,TrialProc,TrialList,flankerIR.jpg,1,4,Keyboard,2,10,89653,160,4,382,90035,9,1,33,Incon
FC,1,1,A,"<?xml version=""1.0""?>\n<Clock xmlns:dt=""urn:schemas-microsoft-com:datatypes""><Description dt:dt=""string"">E-Prime Primary Realtime Clock</Description><StartTime><Timestamp dt:dt=""int"">0</Timestamp><DateUtc dt:dt=""string"">2021-07-01T13:38:28Z</DateUtc></StartTime><FrequencyChanges><FrequencyChange><Frequency dt:dt=""r8"">10000000</Frequency><Timestamp dt:dt=""r8"">5097887421377</Timestamp><Current dt:dt=""r8"">0</Current><DateUtc dt:dt=""string"">2021-07-01T13:38:28Z</DateUtc></FrequencyChange></FrequencyChanges></Clock>\n",N,SL001_FCN6BA,6,1.0.0.262,1,144.03,-236085274,Full,3.0.3.80,3.0.3.80,7/1/21,7/1/21 13:38,8:38:28,3.0.3.82,Keyboard,B,Keyboard,-999999,33,13593,0,1,1,1,1,BlockProc,BlockList,34,221,,,1,0.875,,1302,0.941176471,,TrialProc,TrialList,flankerIL.jpg,0,1,Keyboard,2,10,91521,160,4,344,91865,10,1,34,Incon
FC,1,1,A,"<?xml version=""1.0""?>\n<Clock xmlns:dt=""urn:schemas-microsoft-com:datatypes""><Description dt:dt=""string"">E-Prime Primary Realtime Clock</Description><StartTime><Timestamp dt:dt=""int"">0</Timestamp><DateUtc dt:dt=""string"">2021-07-01T13:38:28Z</DateUtc></StartTime><FrequencyChanges><FrequencyChange><Frequency dt:dt=""r8"">10000000</Frequency><Timestamp dt:dt=""r8"">5097887421377</Timestamp><Current dt:dt=""r8"">0</Current><DateUtc dt:dt=""string"">2021-07-01T13:38:28Z</DateUtc></FrequencyChange></FrequencyChanges></Clock>\n",N,SL001_FCN6BA,6,1.0.0.262,1,144.03,-236085274,Full,3.0.3.80,3.0.3.80,7/1/21,7/1/21 13:38,8:38:28,3.0.3.82,Keyboard,B,Keyboard,-999999,33,13593,0,1,1,1,1,BlockProc,BlockList,35,111,1,324.6842105,4,,,1302,0.942857143,358.2424242,TrialProc,TrialList,flankerCR.jpg,1,4,Keyboard,2,10,92993,160,4,326,93319,1,1,35,Cong
FC,1,1,A,"<?xml version=""1.0""?>\n<Clock xmlns:dt=""urn:schemas-microsoft-com:datatypes""><Description dt:dt=""string"">E-Prime Primary Realtime Clock</Description><StartTime><Timestamp dt:dt=""int"">0</Timestamp><DateUtc dt:dt=""string"">2021-07-01T13:38:28Z</DateUtc></StartTime><FrequencyChanges><FrequencyChange><Frequency dt:dt=""r8"">10000000</Frequency><Timestamp dt:dt=""r8"">5097887421377</Timestamp><Current dt:dt=""r8"">0</Current><DateUtc dt:dt=""string"">2021-07-01T13:38:28Z</DateUtc></FrequencyChange></FrequencyChanges></Clock>\n",N,SL001_FCN6BA,6,1.0.0.262,1,144.03,-236085274,Full,3.0.3.80,3.0.3.80,7/1/21,7/1/21 13:38,8:38:28,3.0.3.82,Keyboard,B,Keyboard,-999999,33,13593,0,1,1,1,1,BlockProc,BlockList,36,221,,,1,0.882352941,402.2666667,1302,0.944444444,358.9117647,TrialProc,TrialList,flankerIL.jpg,1,1,Keyboard,3,10,94465,160,1,381,94846,10,1,36,Incon
FC,1,1,A,"<?xml version=""1.0""?>\n<Clock xmlns:dt=""urn:schemas-microsoft-com:datatypes""><Description dt:dt=""string"">E-Prime Primary Realtime Clock</Description><StartTime><Timestamp dt:dt=""int"">0</Timestamp><DateUtc dt:dt=""string"">2021-07-01T13:38:28Z</DateUtc></StartTime><FrequencyChanges><FrequencyChange><Frequency dt:dt=""r8"">10000000</Frequency><Timestamp dt:dt=""r8"">5097887421377</Timestamp><Current dt:dt=""r8"">0</Current><DateUtc dt:dt=""string"">2021-07-01T13:38:28Z</DateUtc></FrequencyChange></FrequencyChanges></Clock>\n",N,SL001_FCN6BA,6,1.0.0.262,1,144.03,-236085274,Full,3.0.3.80,3.0.3.80,7/1/21,7/1/21 13:38,8:38:28,3.0.3.82,Keyboard,B,Keyboard,-999999,33,13593,0,1,1,1,1,BlockProc,BlockList,37,222,,,1,0.888888889,400.8125,1500,0.945945946,359.4857143,TrialProc,TrialList,flankerIL.jpg,1,1,Keyboard,3,10,95937,160,1,379,96316,11,1,37,Incon
FC,1,1,A,"<?xml version=""1.0""?>\n<Clock xmlns:dt=""urn:schemas-microsoft-com:datatypes""><Description dt:dt=""string"">E-Prime Primary Realtime Clock</Description><StartTime><Timestamp dt:dt=""int"">0</Timestamp><DateUtc dt:dt=""string"">2021-07-01T13:38:28Z</DateUtc></StartTime><FrequencyChanges><FrequencyChange><Frequency dt:dt=""r8"">10000000</Frequency><Timestamp dt:dt=""r8"">5097887421377</Timestamp><Current dt:dt=""r8"">0</Current><DateUtc dt:dt=""string"">2021-07-01T13:38:28Z</DateUtc></FrequencyChange></FrequencyChanges></Clock>\n",N,SL001_FCN6BA,6,1.0.0.262,1,144.03,-236085274,Full,3.0.3.80,3.0.3.80,7/1/21,7/1/21 13:38,8:38:28,3.0.3.82,Keyboard,B,Keyboard,-999999,33,13593,0,1,1,1,1,BlockProc,BlockList,38,122,1,323.6,1,,,1500,0.947368421,357.9166667,TrialProc,TrialList,flankerCL.jpg,1,1,Keyboard,2,7,97604,160,1,303,97907,5,1,38,Cong
FC,1,1,A,"<?xml version=""1.0""?>\n<Clock xmlns:dt=""urn:schemas-microsoft-com:datatypes""><Description dt:dt=""string"">E-Prime Primary Realtime Clock</Description><StartTime><Timestamp dt:dt=""int"">0</Timestamp><DateUtc dt:dt=""string"">2021-07-01T13:38:28Z</DateUtc></StartTime><FrequencyChanges><FrequencyChange><Frequency dt:dt=""r8"">10000000</Frequency><Timestamp dt:dt=""r8"">5097887421377</Timestamp><Current dt:dt=""r8"">0</Current><DateUtc dt:dt=""string"">2021-07-01T13:38:28Z</DateUtc></FrequencyChange></FrequencyChanges></Clock>\n",N,SL001_FCN6BA,6,1.0.0.262,1,144.03,-236085274,Full,3.0.3.80,3.0.3.80,7/1/21,7/1/21 13:38,8:38:28,3.0.3.82,Keyboard,B,Keyboard,-999999,33,13593,0,1,1,1,1,BlockProc,BlockList,39,212,,,4,0.894736842,397.8235294,1500,0.948717949,357.7027027,TrialProc,TrialList,flankerIR.jpg,1,4,Keyboard,2,7,99271,159,4,350,99621,8,1,39,Incon
FC,1,1,A,"<?xml version=""1.0""?>\n<Clock xmlns:dt=""urn:schemas-microsoft-com:datatypes""><Description dt:dt=""string"">E-Prime Primary Realtime Clock</Description><StartTime><Timestamp dt:dt=""int"">0</Timestamp><DateUtc dt:dt=""string"">2021-07-01T13:38:28Z</DateUtc></StartTime><FrequencyChanges><FrequencyChange><Frequency dt:dt=""r8"">10000000</Frequency><Timestamp dt:dt=""r8"">5097887421377</Timestamp><Current dt:dt=""r8"">0</Current><DateUtc dt:dt=""string"">2021-07-01T13:38:28Z</DateUtc></FrequencyChange></FrequencyChanges></Clock>\n",N,SL001_FCN6BA,6,1.0.0.262,1,144.03,-236085274,Full,3.0.3.80,3.0.3.80,7/1/21,7/1/21 13:38,8:38:28,3.0.3.82,Keyboard,B,Keyboard,-999999,33,13593,0,1,1,1,1,BlockProc,BlockList,40,122,1,322.7619048,1,,,1500,0.95,356.3421053,TrialProc,TrialList,flankerCL.jpg,1,1,Keyboard,2,7,100937,160,1,306,101243,5,1,40,Cong
FC,1,1,A,"<?xml version=""1.0""?>\n<Clock xmlns:dt=""urn:schemas-microsoft-com:datatypes""><Description dt:dt=""string"">E-Prime Primary Realtime Clock</Description><StartTime><Timestamp dt:dt=""int"">0</Timestamp><DateUtc dt:dt=""string"">2021-07-01T13:38:28Z</DateUtc></StartTime><FrequencyChanges><FrequencyChange><Frequency dt:dt=""r8"">10000000</Frequency><Timestamp dt:dt=""r8"">5097887421377</Timestamp><Current dt:dt=""r8"">0</Current><DateUtc dt:dt=""string"">2021-07-01T13:38:28Z</DateUtc></FrequencyChange></FrequencyChanges></Clock>\n",N,SL001_FCN6BA,6,1.0.0.262,1,144.03,-236085274,Full,3.0.3.80,3.0.3.80,7/1/21,7/1/21 13:38,8:38:28,3.0.3.82,Keyboard,B,Keyboard,-999999,33,13593,0,1,1,1,1,BlockProc,BlockList,41,212,,,4,0.9,396.7222222,1500,0.951219512,356.8974359,TrialProc,TrialList,flankerIR.jpg,1,4,Keyboard,2,7,102604,160,4,378,102982,8,1,41,Incon
FC,1,1,A,"<?xml version=""1.0""?>\n<Clock xmlns:dt=""urn:schemas-microsoft-com:datatypes""><Description dt:dt=""string"">E-Prime Primary Realtime Clock</Description><StartTime><Timestamp dt:dt=""int"">0</Timestamp><DateUtc dt:dt=""string"">2021-07-01T13:38:28Z</DateUtc></StartTime><FrequencyChanges><FrequencyChange><Frequency dt:dt=""r8"">10000000</Frequency><Timestamp dt:dt=""r8"">5097887421377</Timestamp><Current dt:dt=""r8"">0</Current><DateUtc dt:dt=""string"">2021-07-01T13:38:28Z</DateUtc></FrequencyChange></FrequencyChanges></Clock>\n",N,SL001_FCN6BA,6,1.0.0.262,1,144.03,-236085274,Full,3.0.3.80,3.0.3.80,7/1/21,7/1/21 13:38,8:38:28,3.0.3.82,Keyboard,B,Keyboard,-999999,33,13593,0,1,1,1,1,BlockProc,BlockList,42,212,,,4,0.904761905,400.1578947,1500,0.952380952,359.525,TrialProc,TrialList,flankerIR.jpg,1,4,Keyboard,3,6,104270,160,4,462,104732,8,1,42,Incon
FC,1,1,A,"<?xml version=""1.0""?>\n<Clock xmlns:dt=""urn:schemas-microsoft-com:datatypes""><Description dt:dt=""string"">E-Prime Primary Realtime Clock</Description><StartTime><Timestamp dt:dt=""int"">0</Timestamp><DateUtc dt:dt=""string"">2021-07-01T13:38:28Z</DateUtc></StartTime><FrequencyChanges><FrequencyChange><Frequency dt:dt=""r8"">10000000</Frequency><Timestamp dt:dt=""r8"">5097887421377</Timestamp><Current dt:dt=""r8"">0</Current><DateUtc dt:dt=""string"">2021-07-01T13:38:28Z</DateUtc></FrequencyChange></FrequencyChanges></Clock>\n",N,SL001_FCN6BA,6,1.0.0.262,1,144.03,-236085274,Full,3.0.3.80,3.0.3.80,7/1/21,7/1/21 13:38,8:38:28,3.0.3.82,Keyboard,B,Keyboard,-999999,33,13593,0,1,1,1,1,BlockProc,BlockList,43,121,1,323.6818182,1,,,1302,0.953488372,359.1219512,TrialProc,TrialList,flankerCL.jpg,1,1,Keyboard,2,7,105937,160,1,343,106280,4,1,43,Cong
FC,1,1,A,"<?xml version=""1.0""?>\n<Clock xmlns:dt=""urn:schemas-microsoft-com:datatypes""><Description dt:dt=""string"">E-Prime Primary Realtime Clock</Description><StartTime><Timestamp dt:dt=""int"">0</Timestamp><DateUtc dt:dt=""string"">2021-07-01T13:38:28Z</DateUtc></StartTime><FrequencyChanges><FrequencyChange><Frequency dt:dt=""r8"">10000000</Frequency><Timestamp dt:dt=""r8"">5097887421377</Timestamp><Current dt:dt=""r8"">0</Current><DateUtc dt:dt=""string"">2021-07-01T13:38:28Z</DateUtc></FrequencyChange></FrequencyChanges></Clock>\n",N,SL001_FCN6BA,6,1.0.0.262,1,144.03,-236085274,Full,3.0.3.80,3.0.3.80,7/1/21,7/1/21 13:38,8:38:28,3.0.3.82,Keyboard,B,Keyboard,-999999,33,13593,0,1,1,1,1,BlockProc,BlockList,44,223,,,1,0.909090909,400,1698,0.954545455,360.0238095,TrialProc,TrialList,flankerIL.jpg,1,1,Keyboard,2,10,107409,160,1,397,107806,12,1,44,Incon
FC,1,1,A,"<?xml version=""1.0""?>\n<Clock xmlns:dt=""urn:schemas-microsoft-com:datatypes""><Description dt:dt=""string"">E-Prime Primary Realtime Clock</Description><StartTime><Timestamp dt:dt=""int"">0</Timestamp><DateUtc dt:dt=""string"">2021-07-01T13:38:28Z</DateUtc></StartTime><FrequencyChanges><FrequencyChange><Frequency dt:dt=""r8"">10000000</Frequency><Timestamp dt:dt=""r8"">5097887421377</Timestamp><Current dt:dt=""r8"">0</Current><DateUtc dt:dt=""string"">2021-07-01T13:38:28Z</DateUtc></FrequencyChange></FrequencyChanges></Clock>\n",N,SL001_FCN6BA,6,1.0.0.262,1,144.03,-236085274,Full,3.0.3.80,3.0.3.80,7/1/21,7/1/21 13:38,8:38:28,3.0.3.82,Keyboard,B,Keyboard,-999999,33,13593,0,1,1,1,1,BlockProc,BlockList,45,113,1,325.3478261,4,,,1698,0.955555556,360.0697674,TrialProc,TrialList,flankerCR.jpg,1,4,Keyboard,2,10,109277,160,4,362,109639,3,1,45,Cong
FC,1,1,A,"<?xml version=""1.0""?>\n<Clock xmlns:dt=""urn:schemas-microsoft-com:datatypes""><Description dt:dt=""string"">E-Prime Primary Realtime Clock</Description><StartTime><Timestamp dt:dt=""int"">0</Timestamp><DateUtc dt:dt=""string"">2021-07-01T13:38:28Z</DateUtc></StartTime><FrequencyChanges><FrequencyChange><Frequency dt:dt=""r8"">10000000</Frequency><Timestamp dt:dt=""r8"">5097887421377</Timestamp><Current dt:dt=""r8"">0</Current><DateUtc dt:dt=""string"">2021-07-01T13:38:28Z</DateUtc></FrequencyChange></FrequencyChanges></Clock>\n",N,SL001_FCN6BA,6,1.0.0.262,1,144.03,-236085274,Full,3.0.3.80,3.0.3.80,7/1/21,7/1/21 13:38,8:38:28,3.0.3.82,Keyboard,B,Keyboard,-999999,33,13593,0,1,1,1,1,BlockProc,BlockList,46,111,1,322.9583333,4,,,1302,0.956521739,357.9772727,TrialProc,TrialList,flankerCR.jpg,1,4,Keyboard,2,10,111145,160,4,268,111413,1,1,46,Cong
FC,1,1,A,"<?xml version=""1.0""?>\n<Clock xmlns:dt=""urn:schemas-microsoft-com:datatypes""><Description dt:dt=""string"">E-Prime Primary Realtime Clock</Description><StartTime><Timestamp dt:dt=""int"">0</Timestamp><DateUtc dt:dt=""string"">2021-07-01T13:38:28Z</DateUtc></StartTime><FrequencyChanges><FrequencyChange><Frequency dt:dt=""r8"">10000000</Frequency><Timestamp dt:dt=""r8"">5097887421377</Timestamp><Current dt:dt=""r8"">0</Current><DateUtc dt:dt=""string"">2021-07-01T13:38:28Z</DateUtc></FrequencyChange></FrequencyChanges></Clock>\n",N,SL001_FCN6BA,6,1.0.0.262,1,144.03,-236085274,Full,3.0.3.80,3.0.3.80,7/1/21,7/1/21 13:38,8:38:28,3.0.3.82,Keyboard,B,Keyboard,-999999,33,13593,0,1,1,1,1,BlockProc,BlockList,47,123,1,323.04,1,,,1698,0.957446809,357.2444444,TrialProc,TrialList,flankerCL.jpg,1,1,Keyboard,3,10,112617,160,1,325,112942,6,1,47,Cong
FC,1,1,A,"<?xml version=""1.0""?>\n<Clock xmlns:dt=""urn:schemas-microsoft-com:datatypes""><Description dt:dt=""string"">E-Prime Primary Realtime Clock</Description><StartTime><Timestamp dt:dt=""int"">0</Timestamp><DateUtc dt:dt=""string"">2021-07-01T13:38:28Z</DateUtc></StartTime><FrequencyChanges><FrequencyChange><Frequency dt:dt=""r8"">10000000</Frequency><Timestamp dt:dt=""r8"">5097887421377</Timestamp><Current dt:dt=""r8"">0</Current><DateUtc dt:dt=""string"">2021-07-01T13:38:28Z</DateUtc></FrequencyChange></FrequencyChanges></Clock>\n",N,SL001_FCN6BA,6,1.0.0.262,1,144.03,-236085274,Full,3.0.3.80,3.0.3.80,7/1/21,7/1/21 13:38,8:38:28,3.0.3.82,Keyboard,B,Keyboard,-999999,33,13593,0,1,1,1,1,BlockProc,BlockList,48,113,1,325.0384615,4,,,1698,0.958333333,357.6304348,TrialProc,TrialList,flankerCR.jpg,1,4,Keyboard,3,10,114485,160,4,375,114860,3,1,48,Cong
FC,1,1,A,"<?xml version=""1.0""?>\n<Clock xmlns:dt=""urn:schemas-microsoft-com:datatypes""><Description dt:dt=""string"">E-Prime Primary Realtime Clock</Description><StartTime><Timestamp dt:dt=""int"">0</Timestamp><DateUtc dt:dt=""string"">2021-07-01T13:38:28Z</DateUtc></StartTime><FrequencyChanges><FrequencyChange><Frequency dt:dt=""r8"">10000000</Frequency><Timestamp dt:dt=""r8"">5097887421377</Timestamp><Current dt:dt=""r8"">0</Current><DateUtc dt:dt=""string"">2021-07-01T13:38:28Z</DateUtc></FrequencyChange></FrequencyChanges></Clock>\n",N,SL001_FCN6BA,6,1.0.0.262,1,144.03,-236085274,Full,3.0.3.80,3.0.3.80,7/1/21,7/1/21 13:38,8:38:28,3.0.3.82,Keyboard,B,Keyboard,-999999,33,13593,0,1,1,1,1,BlockProc,BlockList,49,222,,,1,0.913043478,399.4761905,1500,0.959183673,358.2978723,TrialProc,TrialList,flankerIL.jpg,1,1,Keyboard,2,10,116353,160,1,389,116742,11,1,49,Incon
FC,1,1,A,"<?xml version=""1.0""?>\n<Clock xmlns:dt=""urn:schemas-microsoft-com:datatypes""><Description dt:dt=""string"">E-Prime Primary Realtime Clock</Description><StartTime><Timestamp dt:dt=""int"">0</Timestamp><DateUtc dt:dt=""string"">2021-07-01T13:38:28Z</DateUtc></StartTime><FrequencyChanges><FrequencyChange><Frequency dt:dt=""r8"">10000000</Frequency><Timestamp dt:dt=""r8"">5097887421377</Timestamp><Current dt:dt=""r8"">0</Current><DateUtc dt:dt=""string"">2021-07-01T13:38:28Z</DateUtc></FrequencyChange></FrequencyChanges></Clock>\n",N,SL001_FCN6BA,6,1.0.0.262,1,144.03,-236085274,Full,3.0.3.80,3.0.3.80,7/1/21,7/1/21 13:38,8:38:28,3.0.3.82,Keyboard,B,Keyboard,-999999,33,13593,0,1,1,1,1,BlockProc,BlockList,50,223,,,1,0.875,,1698,0.94,,TrialProc,TrialList,flankerIL.jpg,0,1,Keyboard,2,7,118020,160,4,349,118369,12,1,50,Incon
FC,1,1,A,"<?xml version=""1.0""?>\n<Clock xmlns:dt=""urn:schemas-microsoft-com:datatypes""><Description dt:dt=""string"">E-Prime Primary Realtime Clock</Description><StartTime><Timestamp dt:dt=""int"">0</Timestamp><DateUtc dt:dt=""string"">2021-07-01T13:38:28Z</DateUtc></StartTime><FrequencyChanges><FrequencyChange><Frequency dt:dt=""r8"">10000000</Frequency><Timestamp dt:dt=""r8"">5097887421377</Timestamp><Current dt:dt=""r8"">0</Current><DateUtc dt:dt=""string"">2021-07-01T13:38:28Z</DateUtc></FrequencyChange></FrequencyChanges></Clock>\n",N,SL001_FCN6BA,6,1.0.0.262,1,144.03,-236085274,Full,3.0.3.80,3.0.3.80,7/1/21,7/1/21 13:38,8:38:28,3.0.3.82,Keyboard,B,Keyboard,-999999,33,13593,0,1,1,1,1,BlockProc,BlockList,51,223,,,1,0.84,,1698,0.921568627,,TrialProc,TrialList,flankerIL.jpg,0,1,Keyboard,2,10,119888,160,4,333,120221,12,1,51,Incon
FC,1,1,A,"<?xml version=""1.0""?>\n<Clock xmlns:dt=""urn:schemas-microsoft-com:datatypes""><Description dt:dt=""string"">E-Prime Primary Realtime Clock</Description><StartTime><Timestamp dt:dt=""int"">0</Timestamp><DateUtc dt:dt=""string"">2021-07-01T13:38:28Z</DateUtc></StartTime><FrequencyChanges><FrequencyChange><Frequency dt:dt=""r8"">10000000</Frequency><Timestamp dt:dt=""r8"">5097887421377</Timestamp><Current dt:dt=""r8"">0</Current><DateUtc dt:dt=""string"">2021-07-01T13:38:28Z</DateUtc></FrequencyChange></FrequencyChanges></Clock>\n",N,SL001_FCN6BA,6,1.0.0.262,1,144.03,-236085274,Full,3.0.3.80,3.0.3.80,7/1/21,7/1/21 13:38,8:38:28,3.0.3.82,Keyboard,B,Keyboard,-999999,33,13593,0,1,1,1,1,BlockProc,BlockList,52,113,1,325.1111111,4,,,1698,0.923076923,357.6458333,TrialProc,TrialList,flankerCR.jpg,1,4,Keyboard,2,10,121756,160,4,327,122083,3,1,52,Cong
FC,1,1,A,"<?xml version=""1.0""?>\n<Clock xmlns:dt=""urn:schemas-microsoft-com:datatypes""><Description dt:dt=""string"">E-Prime Primary Realtime Clock</Description><StartTime><Timestamp dt:dt=""int"">0</Timestamp><DateUtc dt:dt=""string"">2021-07-01T13:38:28Z</DateUtc></StartTime><FrequencyChanges><FrequencyChange><Frequency dt:dt=""r8"">10000000</Frequency><Timestamp dt:dt=""r8"">5097887421377</Timestamp><Current dt:dt=""r8"">0</Current><DateUtc dt:dt=""string"">2021-07-01T13:38:28Z</DateUtc></FrequencyChange></FrequencyChanges></Clock>\n",N,SL001_FCN6BA,6,1.0.0.262,1,144.03,-236085274,Full,3.0.3.80,3.0.3.80,7/1/21,7/1/21 13:38,8:38:28,3.0.3.82,Keyboard,B,Keyboard,-999999,33,13593,0,1,1,1,1,BlockProc,BlockList,53,123,1,325.5714286,1,,,1698,0.924528302,357.244898,TrialProc,TrialList,flankerCL.jpg,1,1,Keyboard,2,10,123624,160,1,338,123962,6,1,53,Cong
FC,1,1,A,"<?xml version=""1.0""?>\n<Clock xmlns:dt=""urn:schemas-microsoft-com:datatypes""><Description dt:dt=""string"">E-Prime Primary Realtime Clock</Description><StartTime><Timestamp dt:dt=""int"">0</Timestamp><DateUtc dt:dt=""string"">2021-07-01T13:38:28Z</DateUtc></StartTime><FrequencyChanges><FrequencyChange><Frequency dt:dt=""r8"">10000000</Frequency><Timestamp dt:dt=""r8"">5097887421377</Timestamp><Current dt:dt=""r8"">0</Current><DateUtc dt:dt=""string"">2021-07-01T13:38:28Z</DateUtc></FrequencyChange></FrequencyChanges></Clock>\n",N,SL001_FCN6BA,6,1.0.0.262,1,144.03,-236085274,Full,3.0.3.80,3.0.3.80,7/1/21,7/1/21 13:38,8:38:28,3.0.3.82,Keyboard,B,Keyboard,-999999,33,13593,0,1,1,1,1,BlockProc,BlockList,54,222,,,1,0.846153846,408.3181818,1500,0.925925926,361.98,TrialProc,TrialList,flankerIL.jpg,1,1,Keyboard,2,10,125492,160,1,594,126086,11,1,54,Incon
FC,1,1,A,"<?xml version=""1.0""?>\n<Clock xmlns:dt=""urn:schemas-microsoft-com:datatypes""><Description dt:dt=""string"">E-Prime Primary Realtime Clock</Description><StartTime><Timestamp dt:dt=""int"">0</Timestamp><DateUtc dt:dt=""string"">2021-07-01T13:38:28Z</DateUtc></StartTime><FrequencyChanges><FrequencyChange><Frequency dt:dt=""r8"">10000000</Frequency><Timestamp dt:dt=""r8"">5097887421377</Timestamp><Current dt:dt=""r8"">0</Current><DateUtc dt:dt=""string"">2021-07-01T13:38:28Z</DateUtc></FrequencyChange></FrequencyChanges></Clock>\n",N,SL001_FCN6BA,6,1.0.0.262,1,144.03,-236085274,Full,3.0.3.80,3.0.3.80,7/1/21,7/1/21 13:38,8:38:28,3.0.3.82,Keyboard,B,Keyboard,-999999,33,13593,0,1,1,1,1,BlockProc,BlockList,55,112,1,327.2758621,4,,,1500,0.927272727,362.2352941,TrialProc,TrialList,flankerCR.jpg,1,4,Keyboard,3,6,127158,160,4,375,127533,2,1,55,Cong
FC,1,1,A,"<?xml version=""1.0""?>\n<Clock xmlns:dt=""urn:schemas-microsoft-com:datatypes""><Description dt:dt=""string"">E-Prime Primary Realtime Clock</Description><StartTime><Timestamp dt:dt=""int"">0</Timestamp><DateUtc dt:dt=""string"">2021-07-01T13:38:28Z</DateUtc></StartTime><FrequencyChanges><FrequencyChange><Frequency dt:dt=""r8"">10000000</Frequency><Timestamp dt:dt=""r8"">5097887421377</Timestamp><Current dt:dt=""r8"">0</Current><DateUtc dt:dt=""string"">2021-07-01T13:38:28Z</DateUtc></FrequencyChange></FrequencyChanges></Clock>\n",N,SL001_FCN6BA,6,1.0.0.262,1,144.03,-236085274,Full,3.0.3.80,3.0.3.80,7/1/21,7/1/21 13:38,8:38:28,3.0.3.82,Keyboard,B,Keyboard,-999999,33,13593,0,1,1,1,1,BlockProc,BlockList,56,211,,,4,0.851851852,415.173913,1302,0.928571429,366.1538462,TrialProc,TrialList,flankerIR.jpg,1,4,Keyboard,2,7,128825,160,4,566,129391,7,1,56,Incon
FC,1,1,A,"<?xml version=""1.0""?>\n<Clock xmlns:dt=""urn:schemas-microsoft-com:datatypes""><Description dt:dt=""string"">E-Prime Primary Realtime Clock</Description><StartTime><Timestamp dt:dt=""int"">0</Timestamp><DateUtc dt:dt=""string"">2021-07-01T13:38:28Z</DateUtc></StartTime><FrequencyChanges><FrequencyChange><Frequency dt:dt=""r8"">10000000</Frequency><Timestamp dt:dt=""r8"">5097887421377</Timestamp><Current dt:dt=""r8"">0</Current><DateUtc dt:dt=""string"">2021-07-01T13:38:28Z</DateUtc></FrequencyChange></FrequencyChanges></Clock>\n",N,SL001_FCN6BA,6,1.0.0.262,1,144.03,-236085274,Full,3.0.3.80,3.0.3.80,7/1/21,7/1/21 13:38,8:38:28,3.0.3.82,Keyboard,B,Keyboard,-999999,33,13593,0,1,1,1,1,BlockProc,BlockList,57,123,1,329.4,1,,,1698,0.929824561,366.6226415,TrialProc,TrialList,flankerCL.jpg,1,1,Keyboard,2,10,130297,160,1,391,130688,6,1,57,Cong
FC,1,1,A,"<?xml version=""1.0""?>\n<Clock xmlns:dt=""urn:schemas-microsoft-com:datatypes""><Description dt:dt=""string"">E-Prime Primary Realtime Clock</Description><StartTime><Timestamp dt:dt=""int"">0</Timestamp><DateUtc dt:dt=""string"">2021-07-01T13:38:28Z</DateUtc></StartTime><FrequencyChanges><FrequencyChange><Frequency dt:dt=""r8"">10000000</Frequency><Timestamp dt:dt=""r8"">5097887421377</Timestamp><Current dt:dt=""r8"">0</Current><DateUtc dt:dt=""string"">2021-07-01T13:38:28Z</DateUtc></FrequencyChange></FrequencyChanges></Clock>\n",N,SL001_FCN6BA,6,1.0.0.262,1,144.03,-236085274,Full,3.0.3.80,3.0.3.80,7/1/21,7/1/21 13:38,8:38:28,3.0.3.82,Keyboard,B,Keyboard,-999999,33,13593,0,1,1,1,1,BlockProc,BlockList,58,112,1,332.2903226,4,,,1500,0.931034483,367.5925926,TrialProc,TrialList,flankerCR.jpg,1,4,Keyboard,2,10,132165,160,4,419,132584,2,1,58,Cong
FC,1,1,A,"<?xml version=""1.0""?>\n<Clock xmlns:dt=""urn:schemas-microsoft-com:datatypes""><Description dt:dt=""string"">E-Prime Primary Realtime Clock</Description><StartTime><Timestamp dt:dt=""int"">0</Timestamp><DateUtc dt:dt=""string"">2021-07-01T13:38:28Z</DateUtc></StartTime><FrequencyChanges><FrequencyChange><Frequency dt:dt=""r8"">10000000</Frequency><Timestamp dt:dt=""r8"">5097887421377</Timestamp><Current dt:dt=""r8"">0</Current><DateUtc dt:dt=""string"">2021-07-01T13:38:28Z</DateUtc></FrequencyChange></FrequencyChanges></Clock>\n",N,SL001_FCN6BA,6,1.0.0.262,1,144.03,-236085274,Full,3.0.3.80,3.0.3.80,7/1/21,7/1/21 13:38,8:38:28,3.0.3.82,Keyboard,B,Keyboard,-999999,33,13593,0,1,1,1,1,BlockProc,BlockList,59,121,1,332.03125,1,,,1302,0.93220339,366.8,TrialProc,TrialList,flankerCL.jpg,1,1,Keyboard,2,7,133832,160,1,324,134156,4,1,59,Cong
FC,1,1,A,"<?xml version=""1.0""?>\n<Clock xmlns:dt=""urn:schemas-microsoft-com:datatypes""><Description dt:dt=""string"">E-Prime Primary Realtime Clock</Description><StartTime><Timestamp dt:dt=""int"">0</Timestamp><DateUtc dt:dt=""string"">2021-07-01T13:38:28Z</DateUtc></StartTime><FrequencyChanges><FrequencyChange><Frequency dt:dt=""r8"">10000000</Frequency><Timestamp dt:dt=""r8"">5097887421377</Timestamp><Current dt:dt=""r8"">0</Current><DateUtc dt:dt=""string"">2021-07-01T13:38:28Z</DateUtc></FrequencyChange></FrequencyChanges></Clock>\n",N,SL001_FCN6BA,6,1.0.0.262,1,144.03,-236085274,Full,3.0.3.80,3.0.3.80,7/1/21,7/1/21 13:38,8:38:28,3.0.3.82,Keyboard,B,Keyboard,-999999,33,13593,0,1,1,1,1,BlockProc,BlockList,60,213,,,4,0.857142857,417.7916667,1698,0.933333333,368.7857143,TrialProc,TrialList,flankerIR.jpg,1,4,Keyboard,2,10,135304,160,4,478,135782,9,1,60,Incon
FC,1,1,A,"<?xml version=""1.0""?>\n<Clock xmlns:dt=""urn:schemas-microsoft-com:datatypes""><Description dt:dt=""string"">E-Prime Primary Realtime Clock</Description><StartTime><Timestamp dt:dt=""int"">0</Timestamp><DateUtc dt:dt=""string"">2021-07-01T13:38:28Z</DateUtc></StartTime><FrequencyChanges><FrequencyChange><Frequency dt:dt=""r8"">10000000</Frequency><Timestamp dt:dt=""r8"">5097887421377</Timestamp><Current dt:dt=""r8"">0</Current><DateUtc dt:dt=""string"">2021-07-01T13:38:28Z</DateUtc></FrequencyChange></FrequencyChanges></Clock>\n",N,SL001_FCN6BA,6,1.0.0.262,1,144.03,-236085274,Full,3.0.3.80,3.0.3.80,7/1/21,7/1/21 13:38,8:38:28,3.0.3.82,Keyboard,B,Keyboard,-999999,33,13593,0,1,1,1,1,BlockProc,BlockList,61,212,,,4,0.862068966,419.64,1500,0.93442623,370.4561404,TrialProc,TrialList,flankerIR.jpg,1,4,Keyboard,2,10,137172,160,4,464,137636,8,1,61,Incon
FC,1,1,A,"<?xml version=""1.0""?>\n<Clock xmlns:dt=""urn:schemas-microsoft-com:datatypes""><Description dt:dt=""string"">E-Prime Primary Realtime Clock</Description><StartTime><Timestamp dt:dt=""int"">0</Timestamp><DateUtc dt:dt=""string"">2021-07-01T13:38:28Z</DateUtc></StartTime><FrequencyChanges><FrequencyChange><Frequency dt:dt=""r8"">10000000</Frequency><Timestamp dt:dt=""r8"">5097887421377</Timestamp><Current dt:dt=""r8"">0</Current><DateUtc dt:dt=""string"">2021-07-01T13:38:28Z</DateUtc></FrequencyChange></FrequencyChanges></Clock>\n",N,SL001_FCN6BA,6,1.0.0.262,1,144.03,-236085274,Full,3.0.3.80,3.0.3.80,7/1/21,7/1/21 13:38,8:38:28,3.0.3.82,Keyboard,B,Keyboard,-999999,33,13593,0,1,1,1,1,BlockProc,BlockList,62,212,,,4,0.866666667,422,1500,0.935483871,372.362069,TrialProc,TrialList,flankerIR.jpg,1,4,Keyboard,2,7,138839,159,4,481,139320,8,1,62,Incon
FC,1,1,A,"<?xml version=""1.0""?>\n<Clock xmlns:dt=""urn:schemas-microsoft-com:datatypes""><Description dt:dt=""string"">E-Prime Primary Realtime Clock</Description><StartTime><Timestamp dt:dt=""int"">0</Timestamp><DateUtc dt:dt=""string"">2021-07-01T13:38:28Z</DateUtc></StartTime><FrequencyChanges><FrequencyChange><Frequency dt:dt=""r8"">10000000</Frequency><Timestamp dt:dt=""r8"">5097887421377</Timestamp><Current dt:dt=""r8"">0</Current><DateUtc dt:dt=""string"">2021-07-01T13:38:28Z</DateUtc></FrequencyChange></FrequencyChanges></Clock>\n",N,SL001_FCN6BA,6,1.0.0.262,1,144.03,-236085274,Full,3.0.3.80,3.0.3.80,7/1/21,7/1/21 13:38,8:38:28,3.0.3.82,Keyboard,B,Keyboard,-999999,33,13593,0,1,1,1,1,BlockProc,BlockList,63,223,,,1,0.870967742,419.4444444,1698,0.936507937,372.0338983,TrialProc,TrialList,flankerIL.jpg,1,1,Keyboard,2,7,140505,160,1,353,140858,12,1,63,Incon
FC,1,1,A,"<?xml version=""1.0""?>\n<Clock xmlns:dt=""urn:schemas-microsoft-com:datatypes""><Description dt:dt=""string"">E-Prime Primary Realtime Clock</Description><StartTime><Timestamp dt:dt=""int"">0</Timestamp><DateUtc dt:dt=""string"">2021-07-01T13:38:28Z</DateUtc></StartTime><FrequencyChanges><FrequencyChange><Frequency dt:dt=""r8"">10000000</Frequency><Timestamp dt:dt=""r8"">5097887421377</Timestamp><Current dt:dt=""r8"">0</Current><DateUtc dt:dt=""string"">2021-07-01T13:38:28Z</DateUtc></FrequencyChange></FrequencyChanges></Clock>\n",N,SL001_FCN6BA,6,1.0.0.262,1,144.03,-236085274,Full,3.0.3.80,3.0.3.80,7/1/21,7/1/21 13:38,8:38:28,3.0.3.82,Keyboard,B,Keyboard,-999999,33,13593,0,1,1,1,1,BlockProc,BlockList,64,122,1,332.8484848,1,,,1500,0.9375,371.8166667,TrialProc,TrialList,flankerCL.jpg,1,1,Keyboard,3,10,142373,160,1,359,142732,5,1,64,Cong
FC,1,1,A,"<?xml version=""1.0""?>\n<Clock xmlns:dt=""urn:schemas-microsoft-com:datatypes""><Description dt:dt=""string"">E-Prime Primary Realtime Clock</Description><StartTime><Timestamp dt:dt=""int"">0</Timestamp><DateUtc dt:dt=""string"">2021-07-01T13:38:28Z</DateUtc></StartTime><FrequencyChanges><FrequencyChange><Frequency dt:dt=""r8"">10000000</Frequency><Timestamp dt:dt=""r8"">5097887421377</Timestamp><Current dt:dt=""r8"">0</Current><DateUtc dt:dt=""string"">2021-07-01T13:38:28Z</DateUtc></FrequencyChange></FrequencyChanges></Clock>\n",N,SL001_FCN6BA,6,1.0.0.262,1,144.03,-236085274,Full,3.0.3.80,3.0.3.80,7/1/21,7/1/21 13:38,8:38:28,3.0.3.82,Keyboard,B,Keyboard,-999999,33,13593,0,1,1,1,1,BlockProc,BlockList,65,213,,,4,0.875,419.3928571,1698,0.938461538,372.5737705,TrialProc,TrialList,flankerIR.jpg,1,4,Keyboard,2,7,144040,160,4,418,144458,9,1,65,Incon
FC,1,1,A,"<?xml version=""1.0""?>\n<Clock xmlns:dt=""urn:schemas-microsoft-com:datatypes""><Description dt:dt=""string"">E-Prime Primary Realtime Clock</Description><StartTime><Timestamp dt:dt=""int"">0</Timestamp><DateUtc dt:dt=""string"">2021-07-01T13:38:28Z</DateUtc></StartTime><FrequencyChanges><FrequencyChange><Frequency dt:dt=""r8"">10000000</Frequency><Timestamp dt:dt=""r8"">5097887421377</Timestamp><Current dt:dt=""r8"">0</Current><DateUtc dt:dt=""string"">2021-07-01T13:38:28Z</DateUtc></FrequencyChange></FrequencyChanges></Clock>\n",N,SL001_FCN6BA,6,1.0.0.262,1,144.03,-236085274,Full,3.0.3.80,3.0.3.80,7/1/21,7/1/21 13:38,8:38:28,3.0.3.82,Keyboard,B,Keyboard,-999999,33,13593,0,1,1,1,1,BlockProc,BlockList,66,111,1,334.0588235,4,,,1302,0.939393939,372.5967742,TrialProc,TrialList,flankerCR.jpg,1,4,Keyboard,2,10,145908,160,4,374,146282,1,1,66,Cong
FC,1,1,A,"<?xml version=""1.0""?>\n<Clock xmlns:dt=""urn:schemas-microsoft-com:datatypes""><Description dt:dt=""string"">E-Prime Primary Realtime Clock</Description><StartTime><Timestamp dt:dt=""int"">0</Timestamp><DateUtc dt:dt=""string"">2021-07-01T13:38:28Z</DateUtc></StartTime><FrequencyChanges><FrequencyChange><Frequency dt:dt=""r8"">10000000</Frequency><Timestamp dt:dt=""r8"">5097887421377</Timestamp><Current dt:dt=""r8"">0</Current><DateUtc dt:dt=""string"">2021-07-01T13:38:28Z</DateUtc></FrequencyChange></FrequencyChanges></Clock>\n",N,SL001_FCN6BA,6,1.0.0.262,1,144.03,-236085274,Full,3.0.3.80,3.0.3.80,7/1/21,7/1/21 13:38,8:38:28,3.0.3.82,Keyboard,B,Keyboard,-999999,33,13593,0,1,1,1,1,BlockProc,BlockList,67,222,,,1,0.878787879,419.0344828,1500,0.940298507,373.1746032,TrialProc,TrialList,flankerIL.jpg,1,1,Keyboard,2,10,147380,160,1,409,147789,11,1,67,Incon
FC,1,1,A,"<?xml version=""1.0""?>\n<Clock xmlns:dt=""urn:schemas-microsoft-com:datatypes""><Description dt:dt=""string"">E-Prime Primary Realtime Clock</Description><StartTime><Timestamp dt:dt=""int"">0</Timestamp><DateUtc dt:dt=""string"">2021-07-01T13:38:28Z</DateUtc></StartTime><FrequencyChanges><FrequencyChange><Frequency dt:dt=""r8"">10000000</Frequency><Timestamp dt:dt=""r8"">5097887421377</Timestamp><Current dt:dt=""r8"">0</Current><DateUtc dt:dt=""string"">2021-07-01T13:38:28Z</DateUtc></FrequencyChange></FrequencyChanges></Clock>\n",N,SL001_FCN6BA,6,1.0.0.262,1,144.03,-236085274,Full,3.0.3.80,3.0.3.80,7/1/21,7/1/21 13:38,8:38:28,3.0.3.82,Keyboard,B,Keyboard,-999999,33,13593,0,1,1,1,1,BlockProc,BlockList,68,222,,,1,0.882352941,420.6666667,1500,0.941176471,374.65625,TrialProc,TrialList,flankerIL.jpg,1,1,Keyboard,2,7,149047,159,1,468,149515,11,1,68,Incon
FC,1,1,A,"<?xml version=""1.0""?>\n<Clock xmlns:dt=""urn:schemas-microsoft-com:datatypes""><Description dt:dt=""string"">E-Prime Primary Realtime Clock</Description><StartTime><Timestamp dt:dt=""int"">0</Timestamp><DateUtc dt:dt=""string"">2021-07-01T13:38:28Z</DateUtc></StartTime><FrequencyChanges><FrequencyChange><Frequency dt:dt=""r8"">10000000</Frequency><Timestamp dt:dt=""r8"">5097887421377</Timestamp><Current dt:dt=""r8"">0</Current><DateUtc dt:dt=""string"">2021-07-01T13:38:28Z</DateUtc></FrequencyChange></FrequencyChanges></Clock>\n",N,SL001_FCN6BA,6,1.0.0.262,1,144.03,-236085274,Full,3.0.3.80,3.0.3.80,7/1/21,7/1/21 13:38,8:38:28,3.0.3.82,Keyboard,B,Keyboard,-999999,33,13593,0,1,1,1,1,BlockProc,BlockList,69,221,,,1,0.885714286,420.8387097,1302,0.942028986,375.4461538,TrialProc,TrialList,flankerIL.jpg,1,1,Keyboard,3,7,150713,160,1,426,151139,10,1,69,Incon
FC,1,1,A,"<?xml version=""1.0""?>\n<Clock xmlns:dt=""urn:schemas-microsoft-com:datatypes""><Description dt:dt=""string"">E-Prime Primary Realtime Clock</Description><StartTime><Timestamp dt:dt=""int"">0</Timestamp><DateUtc dt:dt=""string"">2021-07-01T13:38:28Z</DateUtc></StartTime><FrequencyChanges><FrequencyChange><Frequency dt:dt=""r8"">10000000</Frequency><Timestamp dt:dt=""r8"">5097887421377</Timestamp><Current dt:dt=""r8"">0</Current><DateUtc dt:dt=""string"">2021-07-01T13:38:28Z</DateUtc></FrequencyChange></FrequencyChanges></Clock>\n",N,SL001_FCN6BA,6,1.0.0.262,1,144.03,-236085274,Full,3.0.3.80,3.0.3.80,7/1/21,7/1/21 13:38,8:38:28,3.0.3.82,Keyboard,B,Keyboard,-999999,33,13593,0,1,1,1,1,BlockProc,BlockList,70,111,1,337.4857143,4,,,1302,0.942857143,376.6363636,TrialProc,TrialList,flankerCR.jpg,1,4,Keyboard,2,10,152185,160,4,454,152639,1,1,70,Cong
FC,1,1,A,"<?xml version=""1.0""?>\n<Clock xmlns:dt=""urn:schemas-microsoft-com:datatypes""><Description dt:dt=""string"">E-Prime Primary Realtime Clock</Description><StartTime><Timestamp dt:dt=""int"">0</Timestamp><DateUtc dt:dt=""string"">2021-07-01T13:38:28Z</DateUtc></StartTime><FrequencyChanges><FrequencyChange><Frequency dt:dt=""r8"">10000000</Frequency><Timestamp dt:dt=""r8"">5097887421377</Timestamp><Current dt:dt=""r8"">0</Current><DateUtc dt:dt=""string"">2021-07-01T13:38:28Z</DateUtc></FrequencyChange></FrequencyChanges></Clock>\n",N,SL001_FCN6BA,6,1.0.0.262,1,144.03,-236085274,Full,3.0.3.80,3.0.3.80,7/1/21,7/1/21 13:38,8:38:28,3.0.3.82,Keyboard,B,Keyboard,-999999,33,13593,0,1,1,1,1,BlockProc,BlockList,71,221,,,1,0.888888889,421.65625,1302,0.943661972,377.6865672,TrialProc,TrialList,flankerIL.jpg,1,1,Keyboard,2,11,153658,159,1,447,154105,10,1,71,Incon
FC,1,1,A,"<?xml version=""1.0""?>\n<Clock xmlns:dt=""urn:schemas-microsoft-com:datatypes""><Description dt:dt=""string"">E-Prime Primary Realtime Clock</Description><StartTime><Timestamp dt:dt=""int"">0</Timestamp><DateUtc dt:dt=""string"">2021-07-01T13:38:28Z</DateUtc></StartTime><FrequencyChanges><FrequencyChange><Frequency dt:dt=""r8"">10000000</Frequency><Timestamp dt:dt=""r8"">5097887421377</Timestamp><Current dt:dt=""r8"">0</Current><DateUtc dt:dt=""string"">2021-07-01T13:38:28Z</DateUtc></FrequencyChange></FrequencyChanges></Clock>\n",N,SL001_FCN6BA,6,1.0.0.262,1,144.03,-236085274,Full,3.0.3.80,3.0.3.80,7/1/21,7/1/21 13:38,8:38:28,3.0.3.82,Keyboard,B,Keyboard,-999999,33,13593,0,1,1,1,1,BlockProc,BlockList,72,121,1,340.5277778,1,,,1302,0.944444444,378.7058824,TrialProc,TrialList,flankerCL.jpg,1,1,Keyboard,2,11,155130,159,1,447,155577,4,1,72,Cong
FC,1,1,A,"<?xml version=""1.0""?>\n<Clock xmlns:dt=""urn:schemas-microsoft-com:datatypes""><Description dt:dt=""string"">E-Prime Primary Realtime Clock</Description><StartTime><Timestamp dt:dt=""int"">0</Timestamp><DateUtc dt:dt=""string"">2021-07-01T13:38:28Z</DateUtc></StartTime><FrequencyChanges><FrequencyChange><Frequency dt:dt=""r8"">10000000</Frequency><Timestamp dt:dt=""r8"">5097887421377</Timestamp><Current dt:dt=""r8"">0</Current><DateUtc dt:dt=""string"">2021-07-01T13:38:28Z</DateUtc></FrequencyChange></FrequencyChanges></Clock>\n",N,SL001_FCN6BA,6,1.0.0.262,1,144.03,-236085274,Full,3.0.3.80,3.0.3.80,7/1/21,7/1/21 13:38,8:38:28,3.0.3.82,Keyboard,B,Keyboard,-999999,33,13593,0,1,1,1,1,BlockProc,BlockList,73,121,1,342.2162162,1,,,1302,0.945205479,379.057971,TrialProc,TrialList,flankerCL.jpg,1,1,Keyboard,2,11,156602,160,1,403,157005,4,1,73,Cong
FC,1,1,A,"<?xml version=""1.0""?>\n<Clock xmlns:dt=""urn:schemas-microsoft-com:datatypes""><Description dt:dt=""string"">E-Prime Primary Realtime Clock</Description><StartTime><Timestamp dt:dt=""int"">0</Timestamp><DateUtc dt:dt=""string"">2021-07-01T13:38:28Z</DateUtc></StartTime><FrequencyChanges><FrequencyChange><Frequency dt:dt=""r8"">10000000</Frequency><Timestamp dt:dt=""r8"">5097887421377</Timestamp><Current dt:dt=""r8"">0</Current><DateUtc dt:dt=""string"">2021-07-01T13:38:28Z</DateUtc></FrequencyChange></FrequencyChanges></Clock>\n",N,SL001_FCN6BA,6,1.0.0.262,1,144.03,-236085274,Full,3.0.3.80,3.0.3.80,7/1/21,7/1/21 13:38,8:38:28,3.0.3.82,Keyboard,B,Keyboard,-999999,33,13593,0,1,1,1,1,BlockProc,BlockList,74,211,,,4,0.891891892,423.1818182,1302,0.945945946,380.3857143,TrialProc,TrialList,flankerIR.jpg,1,4,Keyboard,2,10,158074,160,4,472,158546,7,1,74,Incon
FC,1,1,A,"<?xml version=""1.0""?>\n<Clock xmlns:dt=""urn:schemas-microsoft-com:datatypes""><Description dt:dt=""string"">E-Prime Primary Realtime Clock</Description><StartTime><Timestamp dt:dt=""int"">0</Timestamp><DateUtc dt:dt=""string"">2021-07-01T13:38:28Z</DateUtc></StartTime><FrequencyChanges><FrequencyChange><Frequency dt:dt=""r8"">10000000</Frequency><Timestamp dt:dt=""r8"">5097887421377</Timestamp><Current dt:dt=""r8"">0</Current><DateUtc dt:dt=""string"">2021-07-01T13:38:28Z</DateUtc></FrequencyChange></FrequencyChanges></Clock>\n",N,SL001_FCN6BA,6,1.0.0.262,1,144.03,-236085274,Full,3.0.3.80,3.0.3.80,7/1/21,7/1/21 13:38,8:38:28,3.0.3.82,Keyboard,B,Keyboard,-999999,33,13593,0,1,1,1,1,BlockProc,BlockList,75,211,,,4,0.894736842,426.9117647,1302,0.946666667,382.7746479,TrialProc,TrialList,flankerIR.jpg,1,4,Keyboard,3,10,159546,160,4,550,160096,7,1,75,Incon
FC,1,1,A,"<?xml version=""1.0""?>\n<Clock xmlns:dt=""urn:schemas-microsoft-com:datatypes""><Description dt:dt=""string"">E-Prime Primary Realtime Clock</Description><StartTime><Timestamp dt:dt=""int"">0</Timestamp><DateUtc dt:dt=""string"">2021-07-01T13:38:28Z</DateUtc></StartTime><FrequencyChanges><FrequencyChange><Frequency dt:dt=""r8"">10000000</Frequency><Timestamp dt:dt=""r8"">5097887421377</Timestamp><Current dt:dt=""r8"">0</Current><DateUtc dt:dt=""string"">2021-07-01T13:38:28Z</DateUtc></FrequencyChange></FrequencyChanges></Clock>\n",N,SL001_FCN6BA,6,1.0.0.262,1,144.03,-236085274,Full,3.0.3.80,3.0.3.80,7/1/21,7/1/21 13:38,8:38:28,3.0.3.82,Keyboard,B,Keyboard,-999999,33,13593,0,1,1,1,1,BlockProc,BlockList,76,223,,,1,0.897435897,428.4,1698,0.947368421,384.1111111,TrialProc,TrialList,flankerIL.jpg,1,1,Keyboard,3,10,161018,160,1,479,161497,12,1,76,Incon
FC,1,1,A,"<?xml version=""1.0""?>\n<Clock xmlns:dt=""urn:schemas-microsoft-com:datatypes""><Description dt:dt=""string"">E-Prime Primary Realtime Clock</Description><StartTime><Timestamp dt:dt=""int"">0</Timestamp><DateUtc dt:dt=""string"">2021-07-01T13:38:28Z</DateUtc></StartTime><FrequencyChanges><FrequencyChange><Frequency dt:dt=""r8"">10000000</Frequency><Timestamp dt:dt=""r8"">5097887421377</Timestamp><Current dt:dt=""r8"">0</Current><DateUtc dt:dt=""string"">2021-07-01T13:38:28Z</DateUtc></FrequencyChange></FrequencyChanges></Clock>\n",N,SL001_FCN6BA,6,1.0.0.262,1,144.03,-236085274,Full,3.0.3.80,3.0.3.80,7/1/21,7/1/21 13:38,8:38:28,3.0.3.82,Keyboard,B,Keyboard,-999999,33,13593,0,1,1,1,1,BlockProc,BlockList,77,213,,,4,0.9,430.5833333,1698,0.948051948,385.7945205,TrialProc,TrialList,flankerIR.jpg,1,4,Keyboard,3,10,162886,160,4,507,163393,9,1,77,Incon
FC,1,1,A,"<?xml version=""1.0""?>\n<Clock xmlns:dt=""urn:schemas-microsoft-com:datatypes""><Description dt:dt=""string"">E-Prime Primary Realtime Clock</Description><StartTime><Timestamp dt:dt=""int"">0</Timestamp><DateUtc dt:dt=""string"">2021-07-01T13:38:28Z</DateUtc></StartTime><FrequencyChanges><FrequencyChange><Frequency dt:dt=""r8"">10000000</Frequency><Timestamp dt:dt=""r8"">5097887421377</Timestamp><Current dt:dt=""r8"">0</Current><DateUtc dt:dt=""string"">2021-07-01T13:38:28Z</DateUtc></FrequencyChange></FrequencyChanges></Clock>\n",N,SL001_FCN6BA,6,1.0.0.262,1,144.03,-236085274,Full,3.0.3.80,3.0.3.80,7/1/21,7/1/21 13:38,8:38:28,3.0.3.82,Keyboard,B,Keyboard,-999999,33,13593,0,1,1,1,1,BlockProc,BlockList,78,223,,,1,0.902439024,432.5135135,1698,0.948717949,387.3648649,TrialProc,TrialList,flankerIL.jpg,1,1,Keyboard,3,10,164754,160,1,502,165256,12,1,78,Incon
FC,1,1,A,"<?xml version=""1.0""?>\n<Clock xmlns:dt=""urn:schemas-microsoft-com:datatypes""><Description dt:dt=""string"">E-Prime Primary Realtime Clock</Description><StartTime><Timestamp dt:dt=""int"">0</Timestamp><DateUtc dt:dt=""string"">2021-07-01T13:38:28Z</DateUtc></StartTime><FrequencyChanges><FrequencyChange><Frequency dt:dt=""r8"">10000000</Frequency><Timestamp dt:dt=""r8"">5097887421377</Timestamp><Current dt:dt=""r8"">0</Current><DateUtc dt:dt=""string"">2021-07-01T13:38:28Z</DateUtc></FrequencyChange></FrequencyChanges></Clock>\n",N,SL001_FCN6BA,6,1.0.0.262,1,144.03,-236085274,Full,3.0.3.80,3.0.3.80,7/1/21,7/1/21 13:38,8:38:28,3.0.3.82,Keyboard,B,Keyboard,-999999,33,13593,0,1,1,1,1,BlockProc,BlockList,79,123,1,343.1842105,1,,,1698,0.949367089,387.2533333,TrialProc,TrialList,flankerCL.jpg,1,1,Keyboard,3,10,166622,160,1,379,167001,6,1,79,Cong
FC,1,1,A,"<?xml version=""1.0""?>\n<Clock xmlns:dt=""urn:schemas-microsoft-com:datatypes""><Description dt:dt=""string"">E-Prime Primary Realtime Clock</Description><StartTime><Timestamp dt:dt=""int"">0</Timestamp><DateUtc dt:dt=""string"">2021-07-01T13:38:28Z</DateUtc></StartTime><FrequencyChanges><FrequencyChange><Frequency dt:dt=""r8"">10000000</Frequency><Timestamp dt:dt=""r8"">5097887421377</Timestamp><Current dt:dt=""r8"">0</Current><DateUtc dt:dt=""string"">2021-07-01T13:38:28Z</DateUtc></FrequencyChange></FrequencyChanges></Clock>\n",N,SL001_FCN6BA,6,1.0.0.262,1,144.03,-236085274,Full,3.0.3.80,3.0.3.80,7/1/21,7/1/21 13:38,8:38:28,3.0.3.82,Keyboard,B,Keyboard,-999999,33,13593,0,1,1,1,1,BlockProc,BlockList,80,121,1,343.8717949,1,,,1302,0.95,387.0263158,TrialProc,TrialList,flankerCL.jpg,1,1,Keyboard,3,10,168490,160,1,370,168860,4,1,80,Cong
FC,1,1,A,"<?xml version=""1.0""?>\n<Clock xmlns:dt=""urn:schemas-microsoft-com:datatypes""><Description dt:dt=""string"">E-Prime Primary Realtime Clock</Description><StartTime><Timestamp dt:dt=""int"">0</Timestamp><DateUtc dt:dt=""string"">2021-07-01T13:38:28Z</DateUtc></StartTime><FrequencyChanges><FrequencyChange><Frequency dt:dt=""r8"">10000000</Frequency><Timestamp dt:dt=""r8"">5097887421377</Timestamp><Current dt:dt=""r8"">0</Current><DateUtc dt:dt=""string"">2021-07-01T13:38:28Z</DateUtc></FrequencyChange></FrequencyChanges></Clock>\n",N,SL001_FCN6BA,6,1.0.0.262,1,144.03,-236085274,Full,3.0.3.80,3.0.3.80,7/1/21,7/1/21 13:38,8:38:28,3.0.3.82,Keyboard,B,Keyboard,-999999,33,13593,0,1,1,1,1,BlockProc,BlockList,81,113,1,347.65,4,,,1698,0.950617284,388.4285714,TrialProc,TrialList,flankerCR.jpg,1,4,Keyboard,2,11,169963,159,4,495,170458,3,1,81,Cong
FC,1,1,A,"<?xml version=""1.0""?>\n<Clock xmlns:dt=""urn:schemas-microsoft-com:datatypes""><Description dt:dt=""string"">E-Prime Primary Realtime Clock</Description><StartTime><Timestamp dt:dt=""int"">0</Timestamp><DateUtc dt:dt=""string"">2021-07-01T13:38:28Z</DateUtc></StartTime><FrequencyChanges><FrequencyChange><Frequency dt:dt=""r8"">10000000</Frequency><Timestamp dt:dt=""r8"">5097887421377</Timestamp><Current dt:dt=""r8"">0</Current><DateUtc dt:dt=""string"">2021-07-01T13:38:28Z</DateUtc></FrequencyChange></FrequencyChanges></Clock>\n",N,SL001_FCN6BA,6,1.0.0.262,1,144.03,-236085274,Full,3.0.3.80,3.0.3.80,7/1/21,7/1/21 13:38,8:38:28,3.0.3.82,Keyboard,B,Keyboard,-999999,33,13593,0,1,1,1,1,BlockProc,BlockList,82,221,,,1,0.904761905,431.2631579,1302,0.951219512,388.3846154,TrialProc,TrialList,flankerIL.jpg,1,1,Keyboard,3,10,171830,160,1,385,172215,10,1,82,Incon
FC,1,1,A,"<?xml version=""1.0""?>\n<Clock xmlns:dt=""urn:schemas-microsoft-com:datatypes""><Description dt:dt=""string"">E-Prime Primary Realtime Clock</Description><StartTime><Timestamp dt:dt=""int"">0</Timestamp><DateUtc dt:dt=""string"">2021-07-01T13:38:28Z</DateUtc></StartTime><FrequencyChanges><FrequencyChange><Frequency dt:dt=""r8"">10000000</Frequency><Timestamp dt:dt=""r8"">5097887421377</Timestamp><Current dt:dt=""r8"">0</Current><DateUtc dt:dt=""string"">2021-07-01T13:38:28Z</DateUtc></FrequencyChange></FrequencyChanges></Clock>\n",N,SL001_FCN6BA,6,1.0.0.262,1,144.03,-236085274,Full,3.0.3.80,3.0.3.80,7/1/21,7/1/21 13:38,8:38:28,3.0.3.82,Keyboard,B,Keyboard,-999999,33,13593,0,1,1,1,1,BlockProc,BlockList,83,123,1,350.195122,1,,,1698,0.951807229,389.1898734,TrialProc,TrialList,flankerCL.jpg,1,1,Keyboard,2,11,173303,159,1,452,173755,6,1,83,Cong
FC,1,1,A,"<?xml version=""1.0""?>\n<Clock xmlns:dt=""urn:schemas-microsoft-com:datatypes""><Description dt:dt=""string"">E-Prime Primary Realtime Clock</Description><StartTime><Timestamp dt:dt=""int"">0</Timestamp><DateUtc dt:dt=""string"">2021-07-01T13:38:28Z</DateUtc></StartTime><FrequencyChanges><FrequencyChange><Frequency dt:dt=""r8"">10000000</Frequency><Timestamp dt:dt=""r8"">5097887421377</Timestamp><Current dt:dt=""r8"">0</Current><DateUtc dt:dt=""string"">2021-07-01T13:38:28Z</DateUtc></FrequencyChange></FrequencyChanges></Clock>\n",N,SL001_FCN6BA,6,1.0.0.262,1,144.03,-236085274,Full,3.0.3.80,3.0.3.80,7/1/21,7/1/21 13:38,8:38:28,3.0.3.82,Keyboard,B,Keyboard,-999999,33,13593,0,1,1,1,1,BlockProc,BlockList,84,121,1,349.547619,1,,,1302,0.952380952,388.3625,TrialProc,TrialList,flankerCL.jpg,1,1,Keyboard,2,11,175171,159,1,323,175494,4,1,84,Cong
FC,1,1,A,"<?xml version=""1.0""?>\n<Clock xmlns:dt=""urn:schemas-microsoft-com:datatypes""><Description dt:dt=""string"">E-Prime Primary Realtime Clock</Description><StartTime><Timestamp dt:dt=""int"">0</Timestamp><DateUtc dt:dt=""string"">2021-07-01T13:38:28Z</DateUtc></StartTime><FrequencyChanges><FrequencyChange><Frequency dt:dt=""r8"">10000000</Frequency><Timestamp dt:dt=""r8"">5097887421377</Timestamp><Current dt:dt=""r8"">0</Current><DateUtc dt:dt=""string"">2021-07-01T13:38:28Z</DateUtc></FrequencyChange></FrequencyChanges></Clock>\n",N,SL001_FCN6BA,6,1.0.0.262,1,144.03,-236085274,Full,3.0.3.80,3.0.3.80,7/1/21,7/1/21 13:38,8:38:28,3.0.3.82,Keyboard,B,Keyboard,-999999,33,13593,0,1,1,1,1,BlockProc,BlockList,85,122,1,350.627907,1,,,1500,0.952941176,388.4567901,TrialProc,TrialList,flankerCL.jpg,1,1,Keyboard,2,11,176643,160,1,396,177039,5,1,85,Cong
FC,1,1,A,"<?xml version=""1.0""?>\n<Clock xmlns:dt=""urn:schemas-microsoft-com:datatypes""><Description dt:dt=""string"">E-Prime Primary Realtime Clock</Description><StartTime><Timestamp dt:dt=""int"">0</Timestamp><DateUtc dt:dt=""string"">2021-07-01T13:38:28Z</DateUtc></StartTime><FrequencyChanges><FrequencyChange><Frequency dt:dt=""r8"">10000000</Frequency><Timestamp dt:dt=""r8"">5097887421377</Timestamp><Current dt:dt=""r8"">0</Current><DateUtc dt:dt=""string"">2021-07-01T13:38:28Z</DateUtc></FrequencyChange></FrequencyChanges></Clock>\n",N,SL001_FCN6BA,6,1.0.0.262,1,144.03,-236085274,Full,3.0.3.80,3.0.3.80,7/1/21,7/1/21 13:38,8:38:28,3.0.3.82,Keyboard,B,Keyboard,-999999,33,13593,0,1,1,1,1,BlockProc,BlockList,86,121,1,351.2954545,1,,,1302,0.953488372,388.3536585,TrialProc,TrialList,flankerCL.jpg,1,1,Keyboard,3,6,178309,160,1,380,178689,4,1,86,Cong
FC,1,1,A,"<?xml version=""1.0""?>\n<Clock xmlns:dt=""urn:schemas-microsoft-com:datatypes""><Description dt:dt=""string"">E-Prime Primary Realtime Clock</Description><StartTime><Timestamp dt:dt=""int"">0</Timestamp><DateUtc dt:dt=""string"">2021-07-01T13:38:28Z</DateUtc></StartTime><FrequencyChanges><FrequencyChange><Frequency dt:dt=""r8"">10000000</Frequency><Timestamp dt:dt=""r8"">5097887421377</Timestamp><Current dt:dt=""r8"">0</Current><DateUtc dt:dt=""string"">2021-07-01T13:38:28Z</DateUtc></FrequencyChange></FrequencyChanges></Clock>\n",N,SL001_FCN6BA,6,1.0.0.262,1,144.03,-236085274,Full,3.0.3.80,3.0.3.80,7/1/21,7/1/21 13:38,8:38:28,3.0.3.82,Keyboard,B,Keyboard,-999999,33,13593,0,1,1,1,1,BlockProc,BlockList,87,221,,,1,0.906976744,431.1794872,1302,0.954022989,388.8313253,TrialProc,TrialList,flankerIL.jpg,1,1,Keyboard,2,11,179782,159,1,428,180210,10,1,87,Incon
FC,1,1,A,"<?xml version=""1.0""?>\n<Clock xmlns:dt=""urn:schemas-microsoft-com:datatypes""><Description dt:dt=""string"">E-Prime Primary Realtime Clock</Description><StartTime><Timestamp dt:dt=""int"">0</Timestamp><DateUtc dt:dt=""string"">2021-07-01T13:38:28Z</DateUtc></StartTime><FrequencyChanges><FrequencyChange><Frequency dt:dt=""r8"">10000000</Frequency><Timestamp dt:dt=""r8"">5097887421377</Timestamp><Current dt:dt=""r8"">0</Current><DateUtc dt:dt=""string"">2021-07-01T13:38:28Z</DateUtc></FrequencyChange></FrequencyChanges></Clock>\n",N,SL001_FCN6BA,6,1.0.0.262,1,144.03,-236085274,Full,3.0.3.80,3.0.3.80,7/1/21,7/1/21 13:38,8:38:28,3.0.3.82,Keyboard,B,Keyboard,-999999,33,13593,0,1,1,1,1,BlockProc,BlockList,88,123,1,352.4222222,1,,,1698,0.954545455,388.9880952,TrialProc,TrialList,flankerCL.jpg,1,1,Keyboard,2,11,181254,159,1,402,181656,6,1,88,Cong
FC,1,1,A,"<?xml version=""1.0""?>\n<Clock xmlns:dt=""urn:schemas-microsoft-com:datatypes""><Description dt:dt=""string"">E-Prime Primary Realtime Clock</Description><StartTime><Timestamp dt:dt=""int"">0</Timestamp><DateUtc dt:dt=""string"">2021-07-01T13:38:28Z</DateUtc></StartTime><FrequencyChanges><FrequencyChange><Frequency dt:dt=""r8"">10000000</Frequency><Timestamp dt:dt=""r8"">5097887421377</Timestamp><Current dt:dt=""r8"">0</Current><DateUtc dt:dt=""string"">2021-07-01T13:38:28Z</DateUtc></FrequencyChange></FrequencyChanges></Clock>\n",N,SL001_FCN6BA,6,1.0.0.262,1,144.03,-236085274,Full,3.0.3.80,3.0.3.80,7/1/21,7/1/21 13:38,8:38:28,3.0.3.82,Keyboard,B,Keyboard,-999999,33,13593,0,1,1,1,1,BlockProc,BlockList,89,222,,,1,0.909090909,432.75,1500,0.95505618,390.2235294,TrialProc,TrialList,flankerIL.jpg,1,1,Keyboard,2,11,183122,159,1,494,183616,11,1,89,Incon
FC,1,1,A,"<?xml version=""1.0""?>\n<Clock xmlns:dt=""urn:schemas-microsoft-com:datatypes""><Description dt:dt=""string"">E-Prime Primary Realtime Clock</Description><StartTime><Timestamp dt:dt=""int"">0</Timestamp><DateUtc dt:dt=""string"">2021-07-01T13:38:28Z</DateUtc></StartTime><FrequencyChanges><FrequencyChange><Frequency dt:dt=""r8"">10000000</Frequency><Timestamp dt:dt=""r8"">5097887421377</Timestamp><Current dt:dt=""r8"">0</Current><DateUtc dt:dt=""string"">2021-07-01T13:38:28Z</DateUtc></FrequencyChange></FrequencyChanges></Clock>\n",N,SL001_FCN6BA,6,1.0.0.262,1,144.03,-236085274,Full,3.0.3.80,3.0.3.80,7/1/21,7/1/21 13:38,8:38:28,3.0.3.82,Keyboard,B,Keyboard,-999999,33,13593,0,1,1,1,1,BlockProc,BlockList,90,212,,,4,0.911111111,433.804878,1500,0.955555556,391.2209302,TrialProc,TrialList,flankerIR.jpg,1,4,Keyboard,3,7,184788,160,4,476,185264,8,1,90,Incon
FC,1,1,A,"<?xml version=""1.0""?>\n<Clock xmlns:dt=""urn:schemas-microsoft-com:datatypes""><Description dt:dt=""string"">E-Prime Primary Realtime Clock</Description><StartTime><Timestamp dt:dt=""int"">0</Timestamp><DateUtc dt:dt=""string"">2021-07-01T13:38:28Z</DateUtc></StartTime><FrequencyChanges><FrequencyChange><Frequency dt:dt=""r8"">10000000</Frequency><Timestamp dt:dt=""r8"">5097887421377</Timestamp><Current dt:dt=""r8"">0</Current><DateUtc dt:dt=""string"">2021-07-01T13:38:28Z</DateUtc></FrequencyChange></FrequencyChanges></Clock>\n",N,SL001_FCN6BA,6,1.0.0.262,1,144.03,-236085274,Full,3.0.3.80,3.0.3.80,7/1/21,7/1/21 13:38,8:38:28,3.0.3.82,Keyboard,B,Keyboard,-999999,33,13593,0,1,1,1,1,BlockProc,BlockList,91,212,,,4,0.913043478,434.4761905,1500,0.956043956,392.0344828,TrialProc,TrialList,flankerIR.jpg,1,4,Keyboard,2,7,186455,160,4,462,186917,8,1,91,Incon
FC,1,1,A,"<?xml version=""1.0""?>\n<Clock xmlns:dt=""urn:schemas-microsoft-com:datatypes""><Description dt:dt=""string"">E-Prime Primary Realtime Clock</Description><StartTime><Timestamp dt:dt=""int"">0</Timestamp><DateUtc dt:dt=""string"">2021-07-01T13:38:28Z</DateUtc></StartTime><FrequencyChanges><FrequencyChange><Frequency dt:dt=""r8"">10000000</Frequency><Timestamp dt:dt=""r8"">5097887421377</Timestamp><Current dt:dt=""r8"">0</Current><DateUtc dt:dt=""string"">2021-07-01T13:38:28Z</DateUtc></FrequencyChange></FrequencyChanges></Clock>\n",N,SL001_FCN6BA,6,1.0.0.262,1,144.03,-236085274,Full,3.0.3.80,3.0.3.80,7/1/21,7/1/21 13:38,8:38:28,3.0.3.82,Keyboard,B,Keyboard,-999999,33,13593,0,1,1,1,1,BlockProc,BlockList,92,113,1,353.6521739,4,,,1698,0.956521739,392.2272727,TrialProc,TrialList,flankerCR.jpg,1,4,Keyboard,2,7,188122,159,4,409,188531,3,1,92,Cong
FC,1,1,A,"<?xml version=""1.0""?>\n<Clock xmlns:dt=""urn:schemas-microsoft-com:datatypes""><Description dt:dt=""string"">E-Prime Primary Realtime Clock</Description><StartTime><Timestamp dt:dt=""int"">0</Timestamp><DateUtc dt:dt=""string"">2021-07-01T13:38:28Z</DateUtc></StartTime><FrequencyChanges><FrequencyChange><Frequency dt:dt=""r8"">10000000</Frequency><Timestamp dt:dt=""r8"">5097887421377</Timestamp><Current dt:dt=""r8"">0</Current><DateUtc dt:dt=""string"">2021-07-01T13:38:28Z</DateUtc></FrequencyChange></FrequencyChanges></Clock>\n",N,SL001_FCN6BA,6,1.0.0.262,1,144.03,-236085274,Full,3.0.3.80,3.0.3.80,7/1/21,7/1/21 13:38,8:38:28,3.0.3.82,Keyboard,B,Keyboard,-999999,33,13593,0,1,1,1,1,BlockProc,BlockList,93,123,1,355.1489362,1,,,1698,0.956989247,392.5842697,TrialProc,TrialList,flankerCL.jpg,1,1,Keyboard,2,11,189990,159,1,424,190414,6,1,93,Cong
FC,1,1,A,"<?xml version=""1.0""?>\n<Clock xmlns:dt=""urn:schemas-microsoft-com:datatypes""><Description dt:dt=""string"">E-Prime Primary Realtime Clock</Description><StartTime><Timestamp dt:dt=""int"">0</Timestamp><DateUtc dt:dt=""string"">2021-07-01T13:38:28Z</DateUtc></StartTime><FrequencyChanges><FrequencyChange><Frequency dt:dt=""r8"">10000000</Frequency><Timestamp dt:dt=""r8"">5097887421377</Timestamp><Current dt:dt=""r8"">0</Current><DateUtc dt:dt=""string"">2021-07-01T13:38:28Z</DateUtc></FrequencyChange></FrequencyChanges></Clock>\n",N,SL001_FCN6BA,6,1.0.0.262,1,144.03,-236085274,Full,3.0.3.80,3.0.3.80,7/1/21,7/1/21 13:38,8:38:28,3.0.3.82,Keyboard,B,Keyboard,-999999,33,13593,0,1,1,1,1,BlockProc,BlockList,94,222,,,1,0.914893617,435.2093023,1500,0.957446809,393.4,TrialProc,TrialList,flankerIL.jpg,1,1,Keyboard,2,11,191858,159,1,466,192324,11,1,94,Incon
FC,1,1,A,"<?xml version=""1.0""?>\n<Clock xmlns:dt=""urn:schemas-microsoft-com:datatypes""><Description dt:dt=""string"">E-Prime Primary Realtime Clock</Description><StartTime><Timestamp dt:dt=""int"">0</Timestamp><DateUtc dt:dt=""string"">2021-07-01T13:38:28Z</DateUtc></StartTime><FrequencyChanges><FrequencyChange><Frequency dt:dt=""r8"">10000000</Frequency><Timestamp dt:dt=""r8"">5097887421377</Timestamp><Current dt:dt=""r8"">0</Current><DateUtc dt:dt=""string"">2021-07-01T13:38:28Z</DateUtc></FrequencyChange></FrequencyChanges></Clock>\n",N,SL001_FCN6BA,6,1.0.0.262,1,144.03,-236085274,Full,3.0.3.80,3.0.3.80,7/1/21,7/1/21 13:38,8:38:28,3.0.3.82,Keyboard,B,Keyboard,-999999,33,13593,0,1,1,1,1,BlockProc,BlockList,95,213,,,4,0.916666667,439.4090909,1698,0.957894737,395.8901099,TrialProc,TrialList,flankerIR.jpg,1,4,Keyboard,3,7,193524,160,4,620,194144,9,1,95,Incon
FC,1,1,A,"<?xml version=""1.0""?>\n<Clock xmlns:dt=""urn:schemas-microsoft-com:datatypes""><Description dt:dt=""string"">E-Prime Primary Realtime Clock</Description><StartTime><Timestamp dt:dt=""int"">0</Timestamp><DateUtc dt:dt=""string"">2021-07-01T13:38:28Z</DateUtc></StartTime><FrequencyChanges><FrequencyChange><Frequency dt:dt=""r8"">10000000</Frequency><Timestamp dt:dt=""r8"">5097887421377</Timestamp><Current dt:dt=""r8"">0</Current><DateUtc dt:dt=""string"">2021-07-01T13:38:28Z</DateUtc></FrequencyChange></FrequencyChanges></Clock>\n",N,SL001_FCN6BA,6,1.0.0.262,1,144.03,-236085274,Full,3.0.3.80,3.0.3.80,7/1/21,7/1/21 13:38,8:38:28,3.0.3.82,Keyboard,B,Keyboard,-999999,33,13593,0,1,1,1,1,BlockProc,BlockList,96,112,1,355.7708333,4,,,1500,0.958333333,395.7717391,TrialProc,TrialList,flankerCR.jpg,1,4,Keyboard,3,10,195392,160,4,385,195777,2,1,96,Cong